VentaID;Fecha;NroFactura;ClienteID;VendedorID;SucursalID;CanalVenta;MedioPago;EstadoVenta
VTA000001;09/07/2026;FAC-2026-000001;CLI0146;VEN02;SUC02;Local;Tarjeta Crédito;Completada
VTA000002;25/08/2025;FAC-2025-000002;CLI0576;VEN09;SUC03;Local;Efectivo;Completada
VTA000003;04/05/2025;FAC-2025-000003;CLI0153;VEN04;SUC04;Web;Tarjeta Crédito;Completada
VTA000004;06/03/2025;FAC-2025-000004;CLI0419;VEN13;SUC01;Marketplace;Financiación Propia;Completada
VTA000005;27/02/2025;FAC-2025-000005;CLI0061;VEN02;SUC02;Local;Efectivo;Completada
VTA000006;24/10/2025;FAC-2025-000006;CLI0441;VEN09;SUC03;Marketplace;Efectivo;Completada
VTA000007;12/02/2025;FAC-2025-000007;CLI0548;VEN09;SUC03;WhatsApp;Tarjeta Crédito;Completada
VTA000008;25/09/2025;FAC-2025-000008;CLI0089;VEN13;SUC01;Venta Telefónica;Transferencia;Completada
VTA000009;15/11/2025;FAC-2025-000009;CLI0516;VEN06;SUC06;Local;Tarjeta Crédito;Completada
VTA000010;07/01/2026;FAC-2026-000010;CLI0302;VEN02;SUC02;Web;Efectivo;Completada
VTA000011;10/01/2025;FAC-2025-000011;CLI0369;VEN02;SUC02;Web;Tarjeta Débito;Completada
VTA000012;07/04/2025;FAC-2025-000012;CLI0393;VEN06;SUC06;Marketplace;Efectivo;Completada
VTA000013;17/07/2025;FAC-2025-000013;CLI0362;VEN01;SUC01;Venta Telefónica;Financiación Propia;Cancelada
VTA000014;15/01/2025;FAC-2025-000014;CLI0530;VEN17;SUC05;Venta Telefónica;Financiación Propia;Completada
VTA000015;24/03/2026;FAC-2026-000015;CLI0440;VEN09;SUC03;Marketplace;Efectivo;Completada
VTA000016;09/12/2025;FAC-2025-000016;CLI0535;VEN10;SUC04;Web;Transferencia;Completada
VTA000017;30/06/2026;FAC-2026-000017;CLI0531;VEN18;SUC06;Marketplace;Tarjeta Crédito;Completada
VTA000018;04/07/2025;FAC-2025-000018;CLI0448;VEN18;SUC06;Local;Transferencia;Completada
VTA000019;10/04/2026;FAC-2026-000019;CLI0505;VEN15;SUC03;Web;Tarjeta Crédito;Pendiente
VTA000020;16/01/2026;FAC-2026-000020;CLI0477;VEN05;SUC05;WhatsApp;Financiación Propia;Completada
VTA000021;16/04/2025;FAC-2025-000021;CLI0340;VEN15;SUC03;Web;Transferencia;Completada
VTA000022;24/12/2025;FAC-2025-000022;CLI0464;VEN16;SUC04;Web;Transferencia;Completada
VTA000023;07/05/2025;FAC-2025-000023;CLI0005;VEN11;SUC05;Marketplace;Efectivo;Completada
VTA000024;09/07/2026;FAC-2026-000024;CLI0462;VEN01;SUC01;Venta Telefónica;Transferencia;Completada
VTA000025;21/04/2026;FAC-2026-000025;CLI0323;VEN16;SUC04;Marketplace;Efectivo;Completada
VTA000026;13/04/2025;FAC-2025-000026;CLI0540;VEN02;SUC02;Web;Financiación Propia;Completada
VTA000027;09/07/2026;FAC-2026-000027;CLI0103;VEN18;SUC06;Local;Tarjeta Débito;Completada
VTA000028;15/02/2025;FAC-2025-000028;CLI0561;VEN13;SUC01;WhatsApp;Tarjeta Débito;Completada
VTA000029;27/02/2026;FAC-2026-000029;CLI0206;VEN11;SUC05;Local;Transferencia;Completada
VTA000030;09/07/2025;FAC-2025-000030;CLI0263;VEN04;SUC04;Venta Telefónica;Financiación Propia;Completada
VTA000031;28/03/2026;FAC-2026-000031;CLI0120;VEN15;SUC03;Marketplace;Transferencia;Completada
VTA000032;16/03/2025;FAC-2025-000032;CLI0359;VEN09;SUC03;Venta Telefónica;Tarjeta Débito;Completada
VTA000033;07/12/2025;FAC-2025-000033;CLI0296;VEN03;SUC03;Web;Transferencia;Completada
VTA000034;02/07/2025;FAC-2025-000034;CLI0149;VEN14;SUC02;WhatsApp;Tarjeta Débito;Completada
VTA000035;17/03/2026;FAC-2026-000035;CLI0404;VEN16;SUC04;Marketplace;Financiación Propia;Completada
VTA000036;05/04/2026;FAC-2026-000036;CLI0413;VEN10;SUC04;Local;Tarjeta Débito;Completada
VTA000037;12/04/2026;FAC-2026-000037;CLI0558;VEN16;SUC04;Venta Telefónica;Financiación Propia;Completada
VTA000038;22/02/2026;FAC-2026-000038;CLI0177;VEN05;SUC05;WhatsApp;Efectivo;Completada
VTA000039;16/05/2025;FAC-2025-000039;CLI0038;VEN10;SUC04;Local;Tarjeta Débito;Completada
VTA000040;17/05/2026;FAC-2026-000040;CLI0004;VEN08;SUC02;Web;Tarjeta Crédito;Completada
VTA000041;23/05/2025;FAC-2025-000041;CLI0189;VEN13;SUC01;Web;Transferencia;Completada
VTA000042;23/11/2025;FAC-2025-000042;CLI0599;VEN15;SUC03;Local;Transferencia;Completada
VTA000043;21/04/2025;FAC-2025-000043;CLI0524;VEN13;SUC01;Venta Telefónica;Financiación Propia;Completada
VTA000044;24/12/2025;FAC-2025-000044;CLI0092;VEN12;SUC06;Marketplace;Tarjeta Débito;Completada
VTA000045;12/01/2025;FAC-2025-000045;CLI0479;VEN15;SUC03;Local;Financiación Propia;Completada
VTA000046;06/02/2025;FAC-2025-000046;CLI0377;VEN11;SUC05;Marketplace;Financiación Propia;Completada
VTA000047;23/06/2026;FAC-2026-000047;CLI0123;VEN10;SUC04;Marketplace;Financiación Propia;Completada
VTA000048;17/09/2025;FAC-2025-000048;CLI0162;VEN12;SUC06;WhatsApp;Efectivo;Completada
VTA000049;24/05/2025;FAC-2025-000049;CLI0523;VEN15;SUC03;Local;Tarjeta Crédito;Completada
VTA000050;04/03/2025;FAC-2025-000050;CLI0095;VEN03;SUC03;Marketplace;Tarjeta Débito;Completada
VTA000051;11/09/2025;FAC-2025-000051;CLI0009;VEN01;SUC01;Local;Tarjeta Débito;Completada
VTA000052;09/03/2026;FAC-2026-000052;CLI0115;VEN17;SUC05;Local;Transferencia;Completada
VTA000053;14/05/2026;FAC-2026-000053;CLI0544;VEN12;SUC06;Web;Transferencia;Completada
VTA000054;25/03/2026;FAC-2026-000054;CLI0563;VEN01;SUC01;Marketplace;Financiación Propia;Completada
VTA000055;08/07/2025;FAC-2025-000055;CLI0565;VEN04;SUC04;WhatsApp;Transferencia;Completada
VTA000056;11/03/2026;FAC-2026-000056;CLI0366;VEN02;SUC02;Venta Telefónica;Efectivo;Completada
VTA000057;30/03/2026;FAC-2026-000057;CLI0045;VEN13;SUC01;Venta Telefónica;Tarjeta Débito;Completada
VTA000058;20/10/2025;FAC-2025-000058;CLI0436;VEN15;SUC03;Venta Telefónica;Tarjeta Crédito;Completada
VTA000059;19/07/2025;FAC-2025-000059;CLI0291;VEN12;SUC06;Venta Telefónica;Tarjeta Débito;Completada
VTA000060;30/11/2025;FAC-2025-000060;CLI0586;VEN09;SUC03;Local;Efectivo;Completada
VTA000061;30/10/2025;FAC-2025-000061;CLI0304;VEN05;SUC05;Marketplace;Tarjeta Débito;Completada
VTA000062;28/02/2025;FAC-2025-000062;CLI0038;VEN07;SUC01;WhatsApp;Financiación Propia;Completada
VTA000063;07/10/2025;FAC-2025-000063;CLI0530;VEN05;SUC05;Local;Transferencia;Completada
VTA000064;16/02/2025;FAC-2025-000064;CLI0384;VEN16;SUC04;Web;Transferencia;Completada
VTA000065;06/02/2025;FAC-2025-000065;CLI0520;VEN07;SUC01;Web;Efectivo;Completada
VTA000066;03/07/2026;FAC-2026-000066;CLI0430;VEN13;SUC01;Venta Telefónica;Efectivo;Completada
VTA000067;01/01/2025;FAC-2025-000067;CLI0121;VEN15;SUC03;WhatsApp;Efectivo;Cancelada
VTA000068;17/07/2026;FAC-2026-000068;CLI0076;VEN14;SUC02;Marketplace;Tarjeta Débito;Completada
VTA000069;19/07/2026;FAC-2026-000069;CLI0430;VEN13;SUC01;WhatsApp;Transferencia;Completada
VTA000070;19/06/2026;FAC-2026-000070;CLI0044;VEN15;SUC03;WhatsApp;Tarjeta Débito;Completada
VTA000071;14/09/2025;FAC-2025-000071;CLI0552;VEN10;SUC04;WhatsApp;Efectivo;Completada
VTA000072;12/03/2025;FAC-2025-000072;CLI0274;VEN15;SUC03;Local;Financiación Propia;Completada
VTA000073;09/05/2026;FAC-2026-000073;CLI0558;VEN11;SUC05;Local;Efectivo;Completada
VTA000074;25/10/2025;FAC-2025-000074;CLI0243;VEN07;SUC01;Web;Financiación Propia;Completada
VTA000075;02/09/2025;FAC-2025-000075;CLI0349;VEN07;SUC01;Local;Tarjeta Crédito;Completada
VTA000076;19/06/2026;FAC-2026-000076;CLI0484;VEN18;SUC06;WhatsApp;Tarjeta Crédito;Completada
VTA000077;18/01/2026;FAC-2026-000077;CLI0148;VEN02;SUC02;Marketplace;Financiación Propia;Completada
VTA000078;06/12/2025;FAC-2025-000078;CLI0090;VEN09;SUC03;Venta Telefónica;Tarjeta Crédito;Completada
VTA000079;16/11/2025;FAC-2025-000079;CLI0083;VEN15;SUC03;WhatsApp;Transferencia;Completada
VTA000080;05/09/2025;FAC-2025-000080;CLI0489;VEN18;SUC06;Venta Telefónica;Efectivo;Completada
VTA000081;18/06/2026;FAC-2026-000081;CLI0517;VEN11;SUC05;Web;Financiación Propia;Completada
VTA000082;25/11/2025;FAC-2025-000082;CLI0278;VEN17;SUC05;Web;Financiación Propia;Pendiente
VTA000083;08/04/2026;FAC-2026-000083;CLI0115;VEN17;SUC05;Marketplace;Efectivo;Completada
VTA000084;21/09/2025;FAC-2025-000084;CLI0262;VEN15;SUC03;Marketplace;Financiación Propia;Completada
VTA000085;22/03/2025;FAC-2025-000085;CLI0300;VEN11;SUC05;Marketplace;Transferencia;Completada
VTA000086;08/06/2026;FAC-2026-000086;CLI0409;VEN15;SUC03;WhatsApp;Efectivo;Cancelada
VTA000087;04/04/2025;FAC-2025-000087;CLI0176;VEN17;SUC05;Web;Transferencia;Cancelada
VTA000088;13/04/2025;FAC-2025-000088;CLI0125;VEN12;SUC06;Venta Telefónica;Transferencia;Completada
VTA000089;17/01/2025;FAC-2025-000089;CLI0042;VEN17;SUC05;WhatsApp;Tarjeta Débito;Completada
VTA000090;06/01/2025;FAC-2025-000090;CLI0372;VEN15;SUC03;Marketplace;Efectivo;Completada
VTA000091;23/03/2025;FAC-2025-000091;CLI0464;VEN07;SUC01;Marketplace;Transferencia;Completada
VTA000092;29/04/2026;FAC-2026-000092;CLI0514;VEN14;SUC02;Marketplace;Transferencia;Completada
VTA000093;29/03/2025;FAC-2025-000093;CLI0263;VEN16;SUC04;Local;Efectivo;Completada
VTA000094;23/06/2025;FAC-2025-000094;CLI0357;VEN10;SUC04;Marketplace;Tarjeta Débito;Completada
VTA000095;18/02/2026;FAC-2026-000095;CLI0195;VEN03;SUC03;WhatsApp;Efectivo;Completada
VTA000096;24/04/2026;FAC-2026-000096;CLI0038;VEN15;SUC03;Venta Telefónica;Tarjeta Crédito;Completada
VTA000097;18/10/2025;FAC-2025-000097;CLI0490;VEN18;SUC06;Venta Telefónica;Efectivo;Completada
VTA000098;27/09/2025;FAC-2025-000098;CLI0187;VEN13;SUC01;Marketplace;Financiación Propia;Completada
VTA000099;23/08/2025;FAC-2025-000099;CLI0053;VEN11;SUC05;Marketplace;Tarjeta Débito;Completada
VTA000100;29/03/2026;FAC-2026-000100;CLI0288;VEN12;SUC06;Local;Tarjeta Crédito;Completada
VTA000101;04/05/2026;FAC-2026-000101;CLI0500;VEN05;SUC05;Marketplace;Transferencia;Completada
VTA000102;25/09/2025;FAC-2025-000102;CLI0070;VEN03;SUC03;Web;Efectivo;Completada
VTA000103;21/03/2026;FAC-2026-000103;CLI0154;VEN01;SUC01;WhatsApp;Tarjeta Crédito;Completada
VTA000104;14/02/2026;FAC-2026-000104;CLI0409;VEN15;SUC03;WhatsApp;Financiación Propia;Completada
VTA000105;26/01/2026;FAC-2026-000105;CLI0234;VEN16;SUC04;Web;Financiación Propia;Completada
VTA000106;01/09/2025;FAC-2025-000106;CLI0522;VEN02;SUC02;Venta Telefónica;Tarjeta Débito;Completada
VTA000107;03/07/2026;FAC-2026-000107;CLI0168;VEN10;SUC04;Web;Tarjeta Débito;Completada
VTA000108;07/01/2026;FAC-2026-000108;CLI0102;VEN08;SUC02;Web;Financiación Propia;Completada
VTA000109;13/07/2026;FAC-2026-000109;CLI0519;VEN02;SUC02;Marketplace;Transferencia;Completada
VTA000110;21/01/2026;FAC-2026-000110;CLI0109;VEN01;SUC01;Local;Financiación Propia;Completada
VTA000111;28/05/2026;FAC-2026-000111;CLI0325;VEN15;SUC03;Web;Tarjeta Crédito;Completada
VTA000112;14/09/2025;FAC-2025-000112;CLI0535;VEN02;SUC02;Marketplace;Financiación Propia;Completada
VTA000113;26/06/2025;FAC-2025-000113;CLI0419;VEN10;SUC04;Web;Tarjeta Débito;Completada
VTA000114;15/04/2025;FAC-2025-000114;CLI0547;VEN08;SUC02;Web;Tarjeta Débito;Completada
VTA000115;16/01/2025;FAC-2025-000115;CLI0212;VEN03;SUC03;Marketplace;Transferencia;Completada
VTA000116;29/11/2025;FAC-2025-000116;CLI0126;VEN16;SUC04;Venta Telefónica;Financiación Propia;Completada
VTA000117;12/06/2026;FAC-2026-000117;CLI0504;VEN17;SUC05;Marketplace;Financiación Propia;Completada
VTA000118;30/06/2025;FAC-2025-000118;CLI0552;VEN13;SUC01;Web;Tarjeta Crédito;Completada
VTA000119;12/05/2025;FAC-2025-000119;CLI0422;VEN15;SUC03;Venta Telefónica;Tarjeta Débito;Completada
VTA000120;18/07/2025;FAC-2025-000120;CLI0237;VEN08;SUC02;Venta Telefónica;Tarjeta Débito;Completada
VTA000121;02/02/2026;FAC-2026-000121;CLI0377;VEN11;SUC05;Marketplace;Efectivo;Completada
VTA000122;05/09/2025;FAC-2025-000122;CLI0491;VEN18;SUC06;WhatsApp;Financiación Propia;Completada
VTA000123;12/07/2025;FAC-2025-000123;CLI0509;VEN08;SUC02;Web;Tarjeta Débito;Completada
VTA000124;09/09/2025;FAC-2025-000124;CLI0079;VEN07;SUC01;Web;Tarjeta Débito;Completada
VTA000125;09/03/2026;FAC-2026-000125;CLI0311;VEN01;SUC01;Marketplace;Financiación Propia;Completada
VTA000126;10/03/2026;FAC-2026-000126;CLI0445;VEN05;SUC05;WhatsApp;Financiación Propia;Pendiente
VTA000127;07/09/2025;FAC-2025-000127;CLI0079;VEN07;SUC01;Marketplace;Efectivo;Completada
VTA000128;22/01/2025;FAC-2025-000128;CLI0098;VEN12;SUC06;Web;Transferencia;Completada
VTA000129;18/01/2025;FAC-2025-000129;CLI0587;VEN17;SUC05;WhatsApp;Financiación Propia;Completada
VTA000130;17/03/2026;FAC-2026-000130;CLI0404;VEN12;SUC06;Local;Efectivo;Completada
VTA000131;25/11/2025;FAC-2025-000131;CLI0056;VEN13;SUC01;Venta Telefónica;Transferencia;Completada
VTA000132;30/07/2026;FAC-2026-000132;CLI0527;VEN11;SUC05;Marketplace;Tarjeta Crédito;Cancelada
VTA000133;09/07/2025;FAC-2025-000133;CLI0141;VEN14;SUC02;Web;Efectivo;Completada
VTA000134;24/04/2025;FAC-2025-000134;CLI0108;VEN05;SUC05;Web;Tarjeta Crédito;Completada
VTA000135;26/07/2026;FAC-2026-000135;CLI0436;VEN12;SUC06;Marketplace;Efectivo;Completada
VTA000136;20/04/2025;FAC-2025-000136;CLI0380;VEN16;SUC04;WhatsApp;Transferencia;Completada
VTA000137;26/07/2026;FAC-2026-000137;CLI0037;VEN17;SUC05;Web;Transferencia;Completada
VTA000138;16/05/2025;FAC-2025-000138;CLI0271;VEN18;SUC06;Marketplace;Efectivo;Completada
VTA000139;22/02/2025;FAC-2025-000139;CLI0052;VEN09;SUC03;Venta Telefónica;Financiación Propia;Completada
VTA000140;22/11/2025;FAC-2025-000140;CLI0502;VEN13;SUC01;Marketplace;Tarjeta Crédito;Completada
VTA000141;05/10/2025;FAC-2025-000141;CLI0442;VEN14;SUC02;Venta Telefónica;Efectivo;Completada
VTA000142;09/01/2025;FAC-2025-000142;CLI0475;VEN05;SUC05;Web;Transferencia;Completada
VTA000143;09/11/2025;FAC-2025-000143;CLI0309;VEN13;SUC01;Marketplace;Financiación Propia;Completada
VTA000144;23/01/2025;FAC-2025-000144;CLI0384;VEN09;SUC03;Web;Tarjeta Crédito;Completada
VTA000145;14/03/2026;FAC-2026-000145;CLI0449;VEN17;SUC05;Venta Telefónica;Financiación Propia;Completada
VTA000146;14/04/2026;FAC-2026-000146;CLI0503;VEN12;SUC06;Venta Telefónica;Tarjeta Débito;Completada
VTA000147;19/02/2026;FAC-2026-000147;CLI0227;VEN05;SUC05;Web;Tarjeta Crédito;Completada
VTA000148;12/11/2025;FAC-2025-000148;CLI0439;VEN13;SUC01;Local;Tarjeta Crédito;Completada
VTA000149;28/11/2025;FAC-2025-000149;CLI0402;VEN16;SUC04;Local;Efectivo;Completada
VTA000150;23/08/2025;FAC-2025-000150;CLI0454;VEN04;SUC04;Marketplace;Tarjeta Débito;Completada
VTA000151;04/03/2025;FAC-2025-000151;CLI0188;VEN15;SUC03;WhatsApp;Tarjeta Crédito;Completada
VTA000152;25/02/2026;FAC-2026-000152;CLI0273;VEN08;SUC02;Venta Telefónica;Tarjeta Crédito;Completada
VTA000153;06/02/2026;FAC-2026-000153;CLI0582;VEN17;SUC05;Marketplace;Efectivo;Completada
VTA000154;17/04/2026;FAC-2026-000154;CLI0187;VEN04;SUC04;Web;Transferencia;Completada
VTA000155;25/03/2026;FAC-2026-000155;CLI0209;VEN14;SUC02;Local;Financiación Propia;Completada
VTA000156;21/05/2026;FAC-2026-000156;CLI0051;VEN12;SUC06;Local;Efectivo;Completada
VTA000157;14/05/2025;FAC-2025-000157;CLI0158;VEN10;SUC04;Local;Transferencia;Completada
VTA000158;18/09/2025;FAC-2025-000158;CLI0396;VEN06;SUC06;Web;Transferencia;Completada
VTA000159;09/09/2025;FAC-2025-000159;CLI0550;VEN02;SUC02;WhatsApp;Tarjeta Crédito;Completada
VTA000160;07/01/2025;FAC-2025-000160;CLI0093;VEN11;SUC05;Web;Tarjeta Débito;Completada
VTA000161;26/03/2025;FAC-2025-000161;CLI0358;VEN02;SUC02;WhatsApp;Financiación Propia;Completada
VTA000162;02/10/2025;FAC-2025-000162;CLI0182;VEN11;SUC05;Venta Telefónica;Transferencia;Completada
VTA000163;20/02/2026;FAC-2026-000163;CLI0005;VEN13;SUC01;Web;Tarjeta Crédito;Completada
VTA000164;08/01/2026;FAC-2026-000164;CLI0040;VEN05;SUC05;Local;Efectivo;Pendiente
VTA000165;08/03/2025;FAC-2025-000165;CLI0418;VEN14;SUC02;Venta Telefónica;Tarjeta Débito;Completada
VTA000166;19/04/2025;FAC-2025-000166;CLI0120;VEN09;SUC03;Web;Tarjeta Crédito;Completada
VTA000167;24/05/2026;FAC-2026-000167;CLI0461;VEN11;SUC05;Local;Financiación Propia;Completada
VTA000168;13/01/2026;FAC-2026-000168;CLI0040;VEN17;SUC05;Venta Telefónica;Efectivo;Completada
VTA000169;08/07/2026;FAC-2026-000169;CLI0152;VEN01;SUC01;Venta Telefónica;Efectivo;Completada
VTA000170;27/04/2026;FAC-2026-000170;CLI0541;VEN12;SUC06;Local;Financiación Propia;Completada
VTA000171;08/05/2025;FAC-2025-000171;CLI0479;VEN17;SUC05;Web;Tarjeta Débito;Completada
VTA000172;14/06/2025;FAC-2025-000172;CLI0207;VEN04;SUC04;Local;Transferencia;Completada
VTA000173;12/10/2025;FAC-2025-000173;CLI0587;VEN12;SUC06;Local;Transferencia;Completada
VTA000174;18/01/2026;FAC-2026-000174;CLI0331;VEN13;SUC01;Web;Financiación Propia;Completada
VTA000175;04/01/2026;FAC-2026-000175;CLI0156;VEN02;SUC02;Web;Efectivo;Completada
VTA000176;07/02/2025;FAC-2025-000176;CLI0390;VEN17;SUC05;Web;Efectivo;Completada
VTA000177;26/02/2025;FAC-2025-000177;CLI0566;VEN05;SUC05;WhatsApp;Tarjeta Crédito;Completada
VTA000178;17/02/2025;FAC-2025-000178;CLI0551;VEN10;SUC04;Marketplace;Tarjeta Crédito;Completada
VTA000179;07/11/2025;FAC-2025-000179;CLI0282;VEN13;SUC01;Local;Tarjeta Débito;Completada
VTA000180;08/02/2025;FAC-2025-000180;CLI0216;VEN18;SUC06;WhatsApp;Efectivo;Completada
VTA000181;29/05/2026;FAC-2026-000181;CLI0163;VEN04;SUC04;Web;Transferencia;Completada
VTA000182;09/06/2025;FAC-2025-000182;CLI0003;VEN14;SUC02;Venta Telefónica;Tarjeta Crédito;Pendiente
VTA000183;14/05/2025;FAC-2025-000183;CLI0120;VEN05;SUC05;Web;Transferencia;Completada
VTA000184;17/05/2026;FAC-2026-000184;CLI0036;VEN04;SUC04;Local;Tarjeta Débito;Completada
VTA000185;09/06/2026;FAC-2026-000185;CLI0542;VEN11;SUC05;Local;Transferencia;Pendiente
VTA000186;11/07/2026;FAC-2026-000186;CLI0118;VEN05;SUC05;Web;Efectivo;Completada
VTA000187;19/03/2026;FAC-2026-000187;CLI0402;VEN08;SUC02;Web;Financiación Propia;Completada
VTA000188;26/04/2026;FAC-2026-000188;CLI0161;VEN04;SUC04;Local;Transferencia;Completada
VTA000189;12/09/2025;FAC-2025-000189;CLI0287;VEN14;SUC02;Web;Tarjeta Débito;Completada
VTA000190;02/03/2025;FAC-2025-000190;CLI0592;VEN01;SUC01;Local;Tarjeta Débito;Completada
VTA000191;24/07/2026;FAC-2026-000191;CLI0040;VEN14;SUC02;Web;Tarjeta Débito;Completada
VTA000192;17/03/2025;FAC-2025-000192;CLI0310;VEN03;SUC03;WhatsApp;Tarjeta Débito;Completada
VTA000193;26/11/2025;FAC-2025-000193;CLI0584;VEN15;SUC03;Marketplace;Tarjeta Débito;Completada
VTA000194;04/04/2025;FAC-2025-000194;CLI0097;VEN03;SUC03;Venta Telefónica;Transferencia;Completada
VTA000195;23/09/2025;FAC-2025-000195;CLI0113;VEN02;SUC02;Marketplace;Tarjeta Crédito;Completada
VTA000196;04/03/2026;FAC-2026-000196;CLI0209;VEN02;SUC02;Marketplace;Efectivo;Completada
VTA000197;14/08/2025;FAC-2025-000197;CLI0431;VEN16;SUC04;Local;Financiación Propia;Completada
VTA000198;20/01/2026;FAC-2026-000198;CLI0106;VEN15;SUC03;Local;Transferencia;Completada
VTA000199;12/07/2026;FAC-2026-000199;CLI0534;VEN03;SUC03;Local;Transferencia;Completada
VTA000200;29/04/2025;FAC-2025-000200;CLI0136;VEN07;SUC01;Marketplace;Efectivo;Completada
VTA000201;31/07/2025;FAC-2025-000201;CLI0464;VEN09;SUC03;Web;Transferencia;Pendiente
VTA000202;01/05/2026;FAC-2026-000202;CLI0158;VEN01;SUC01;WhatsApp;Tarjeta Crédito;Completada
VTA000203;01/04/2026;FAC-2026-000203;CLI0171;VEN12;SUC06;WhatsApp;Tarjeta Crédito;Completada
VTA000204;24/05/2026;FAC-2026-000204;CLI0361;VEN01;SUC01;WhatsApp;Tarjeta Crédito;Completada
VTA000205;21/01/2025;FAC-2025-000205;CLI0036;VEN10;SUC04;Venta Telefónica;Efectivo;Completada
VTA000206;23/07/2026;FAC-2026-000206;CLI0392;VEN04;SUC04;Web;Financiación Propia;Completada
VTA000207;28/05/2025;FAC-2025-000207;CLI0563;VEN09;SUC03;WhatsApp;Tarjeta Débito;Completada
VTA000208;24/09/2025;FAC-2025-000208;CLI0019;VEN01;SUC01;Web;Efectivo;Completada
VTA000209;04/05/2025;FAC-2025-000209;CLI0005;VEN16;SUC04;WhatsApp;Transferencia;Completada
VTA000210;19/02/2025;FAC-2025-000210;CLI0428;VEN04;SUC04;WhatsApp;Efectivo;Completada
VTA000211;02/07/2025;FAC-2025-000211;CLI0515;VEN05;SUC05;Marketplace;Tarjeta Crédito;Completada
VTA000212;26/12/2025;FAC-2025-000212;CLI0067;VEN11;SUC05;WhatsApp;Efectivo;Completada
VTA000213;03/01/2026;FAC-2026-000213;CLI0200;VEN11;SUC05;Marketplace;Tarjeta Débito;Completada
VTA000214;22/12/2025;FAC-2025-000214;CLI0559;VEN17;SUC05;Local;Transferencia;Completada
VTA000215;15/06/2026;FAC-2026-000215;CLI0170;VEN02;SUC02;Local;Tarjeta Crédito;Completada
VTA000216;31/05/2026;FAC-2026-000216;CLI0434;VEN11;SUC05;WhatsApp;Financiación Propia;Completada
VTA000217;07/09/2025;FAC-2025-000217;CLI0573;VEN05;SUC05;Marketplace;Tarjeta Débito;Cancelada
VTA000218;02/04/2026;FAC-2026-000218;CLI0110;VEN13;SUC01;WhatsApp;Tarjeta Crédito;Completada
VTA000219;27/04/2025;FAC-2025-000219;CLI0380;VEN09;SUC03;Venta Telefónica;Transferencia;Completada
VTA000220;09/08/2025;FAC-2025-000220;CLI0456;VEN07;SUC01;Local;Efectivo;Completada
VTA000221;03/02/2026;FAC-2026-000221;CLI0404;VEN02;SUC02;Web;Financiación Propia;Completada
VTA000222;17/05/2026;FAC-2026-000222;CLI0282;VEN16;SUC04;Web;Transferencia;Completada
VTA000223;25/07/2026;FAC-2026-000223;CLI0525;VEN10;SUC04;Local;Efectivo;Completada
VTA000224;02/11/2025;FAC-2025-000224;CLI0219;VEN18;SUC06;Local;Financiación Propia;Completada
VTA000225;02/05/2025;FAC-2025-000225;CLI0498;VEN08;SUC02;Web;Tarjeta Crédito;Completada
VTA000226;08/02/2025;FAC-2025-000226;CLI0490;VEN04;SUC04;Marketplace;Tarjeta Crédito;Completada
VTA000227;18/03/2025;FAC-2025-000227;CLI0399;VEN12;SUC06;Web;Financiación Propia;Pendiente
VTA000228;02/02/2025;FAC-2025-000228;CLI0038;VEN10;SUC04;Venta Telefónica;Transferencia;Completada
VTA000229;09/03/2025;FAC-2025-000229;CLI0190;VEN14;SUC02;Web;Transferencia;Completada
VTA000230;08/02/2026;FAC-2026-000230;CLI0419;VEN03;SUC03;WhatsApp;Financiación Propia;Completada
VTA000231;11/03/2025;FAC-2025-000231;CLI0362;VEN08;SUC02;Marketplace;Transferencia;Completada
VTA000232;25/04/2026;FAC-2026-000232;CLI0517;VEN13;SUC01;Venta Telefónica;Tarjeta Crédito;Completada
VTA000233;25/07/2025;FAC-2025-000233;CLI0442;VEN13;SUC01;Local;Tarjeta Débito;Completada
VTA000234;11/07/2026;FAC-2026-000234;CLI0600;VEN04;SUC04;Marketplace;Tarjeta Débito;Completada
VTA000235;06/08/2025;FAC-2025-000235;CLI0064;VEN15;SUC03;Web;Financiación Propia;Completada
VTA000236;10/05/2025;FAC-2025-000236;CLI0326;VEN02;SUC02;WhatsApp;Financiación Propia;Completada
VTA000237;08/07/2025;FAC-2025-000237;CLI0091;VEN18;SUC06;Web;Tarjeta Débito;Completada
VTA000238;30/12/2025;FAC-2025-000238;CLI0338;VEN07;SUC01;WhatsApp;Financiación Propia;Completada
VTA000239;18/07/2026;FAC-2026-000239;CLI0111;VEN08;SUC02;Venta Telefónica;Transferencia;Completada
VTA000240;25/06/2026;FAC-2026-000240;CLI0493;VEN04;SUC04;Web;Financiación Propia;Completada
VTA000241;21/11/2025;FAC-2025-000241;CLI0255;VEN05;SUC05;Local;Efectivo;Completada
VTA000242;16/06/2026;FAC-2026-000242;CLI0029;VEN01;SUC01;Web;Tarjeta Crédito;Completada
VTA000243;15/06/2025;FAC-2025-000243;CLI0391;VEN02;SUC02;Venta Telefónica;Tarjeta Débito;Completada
VTA000244;30/03/2025;FAC-2025-000244;CLI0011;VEN13;SUC01;WhatsApp;Tarjeta Crédito;Completada
VTA000245;20/03/2026;FAC-2026-000245;CLI0345;VEN10;SUC04;Marketplace;Tarjeta Débito;Completada
VTA000246;11/10/2025;FAC-2025-000246;CLI0471;VEN14;SUC02;Web;Transferencia;Pendiente
VTA000247;03/04/2025;FAC-2025-000247;CLI0009;VEN03;SUC03;Marketplace;Tarjeta Débito;Completada
VTA000248;05/07/2025;FAC-2025-000248;CLI0202;VEN15;SUC03;Local;Financiación Propia;Completada
VTA000249;13/11/2025;FAC-2025-000249;CLI0346;VEN01;SUC01;WhatsApp;Financiación Propia;Completada
VTA000250;01/04/2026;FAC-2026-000250;CLI0320;VEN09;SUC03;Local;Financiación Propia;Completada
VTA000251;23/04/2026;FAC-2026-000251;CLI0434;VEN04;SUC04;Venta Telefónica;Tarjeta Débito;Completada
VTA000252;25/02/2026;FAC-2026-000252;CLI0296;VEN01;SUC01;Marketplace;Tarjeta Débito;Completada
VTA000253;26/05/2026;FAC-2026-000253;CLI0254;VEN14;SUC02;Local;Transferencia;Completada
VTA000254;25/11/2025;FAC-2025-000254;CLI0478;VEN09;SUC03;Web;Tarjeta Débito;Completada
VTA000255;01/02/2026;FAC-2026-000255;CLI0557;VEN07;SUC01;Marketplace;Tarjeta Débito;Completada
VTA000256;15/08/2025;FAC-2025-000256;CLI0337;VEN01;SUC01;Local;Transferencia;Completada
VTA000257;24/12/2025;FAC-2025-000257;CLI0523;VEN08;SUC02;Local;Tarjeta Crédito;Completada
VTA000258;23/02/2025;FAC-2025-000258;CLI0600;VEN13;SUC01;Venta Telefónica;Efectivo;Completada
VTA000259;05/08/2025;FAC-2025-000259;CLI0104;VEN04;SUC04;WhatsApp;Efectivo;Completada
VTA000260;22/07/2025;FAC-2025-000260;CLI0484;VEN06;SUC06;Venta Telefónica;Tarjeta Débito;Completada
VTA000261;29/07/2026;FAC-2026-000261;CLI0044;VEN04;SUC04;Local;Tarjeta Débito;Completada
VTA000262;13/07/2025;FAC-2025-000262;CLI0221;VEN12;SUC06;WhatsApp;Tarjeta Débito;Completada
VTA000263;04/02/2026;FAC-2026-000263;CLI0545;VEN05;SUC05;Venta Telefónica;Transferencia;Completada
VTA000264;13/08/2025;FAC-2025-000264;CLI0265;VEN09;SUC03;Local;Tarjeta Crédito;Completada
VTA000265;03/03/2026;FAC-2026-000265;CLI0418;VEN07;SUC01;Venta Telefónica;Tarjeta Crédito;Completada
VTA000266;16/08/2025;FAC-2025-000266;CLI0239;VEN10;SUC04;Marketplace;Efectivo;Completada
VTA000267;08/04/2026;FAC-2026-000267;CLI0035;VEN12;SUC06;Web;Efectivo;Completada
VTA000268;12/01/2025;FAC-2025-000268;CLI0555;VEN12;SUC06;Marketplace;Transferencia;Completada
VTA000269;04/01/2025;FAC-2025-000269;CLI0151;VEN07;SUC01;Marketplace;Tarjeta Crédito;Completada
VTA000270;28/04/2025;FAC-2025-000270;CLI0589;VEN08;SUC02;Venta Telefónica;Efectivo;Completada
VTA000271;28/10/2025;FAC-2025-000271;CLI0337;VEN01;SUC01;WhatsApp;Efectivo;Completada
VTA000272;08/04/2025;FAC-2025-000272;CLI0137;VEN03;SUC03;WhatsApp;Efectivo;Completada
VTA000273;05/03/2026;FAC-2026-000273;CLI0081;VEN16;SUC04;Marketplace;Efectivo;Completada
VTA000274;14/03/2025;FAC-2025-000274;CLI0079;VEN13;SUC01;WhatsApp;Tarjeta Débito;Completada
VTA000275;03/01/2026;FAC-2026-000275;CLI0231;VEN14;SUC02;Marketplace;Tarjeta Débito;Completada
VTA000276;21/07/2025;FAC-2025-000276;CLI0560;VEN14;SUC02;Web;Financiación Propia;Completada
VTA000277;03/12/2025;FAC-2025-000277;CLI0420;VEN05;SUC05;Web;Financiación Propia;Completada
VTA000278;01/02/2025;FAC-2025-000278;CLI0107;VEN10;SUC04;Venta Telefónica;Efectivo;Completada
VTA000279;12/03/2025;FAC-2025-000279;CLI0482;VEN02;SUC02;Local;Transferencia;Completada
VTA000280;18/04/2026;FAC-2026-000280;CLI0423;VEN06;SUC06;WhatsApp;Financiación Propia;Completada
VTA000281;12/03/2026;FAC-2026-000281;CLI0194;VEN10;SUC04;Venta Telefónica;Transferencia;Completada
VTA000282;23/12/2025;FAC-2025-000282;CLI0185;VEN08;SUC02;Venta Telefónica;Tarjeta Crédito;Completada
VTA000283;28/02/2026;FAC-2026-000283;CLI0593;VEN02;SUC02;Marketplace;Tarjeta Débito;Completada
VTA000284;15/06/2025;FAC-2025-000284;CLI0341;VEN03;SUC03;Web;Efectivo;Completada
VTA000285;09/06/2025;FAC-2025-000285;CLI0005;VEN18;SUC06;Marketplace;Financiación Propia;Pendiente
VTA000286;04/01/2026;FAC-2026-000286;CLI0406;VEN01;SUC01;Marketplace;Transferencia;Completada
VTA000287;24/04/2026;FAC-2026-000287;CLI0331;VEN09;SUC03;Venta Telefónica;Tarjeta Débito;Completada
VTA000288;06/03/2026;FAC-2026-000288;CLI0141;VEN07;SUC01;WhatsApp;Tarjeta Crédito;Completada
VTA000289;06/05/2026;FAC-2026-000289;CLI0152;VEN10;SUC04;WhatsApp;Tarjeta Crédito;Completada
VTA000290;25/04/2025;FAC-2025-000290;CLI0068;VEN15;SUC03;Web;Efectivo;Completada
VTA000291;29/05/2025;FAC-2025-000291;CLI0087;VEN15;SUC03;Venta Telefónica;Financiación Propia;Completada
VTA000292;07/03/2025;FAC-2025-000292;CLI0039;VEN03;SUC03;Venta Telefónica;Tarjeta Crédito;Completada
VTA000293;14/10/2025;FAC-2025-000293;CLI0320;VEN06;SUC06;Local;Tarjeta Crédito;Completada
VTA000294;27/03/2025;FAC-2025-000294;CLI0463;VEN17;SUC05;Venta Telefónica;Tarjeta Crédito;Completada
VTA000295;29/05/2025;FAC-2025-000295;CLI0522;VEN10;SUC04;Venta Telefónica;Tarjeta Débito;Pendiente
VTA000296;22/06/2026;FAC-2026-000296;CLI0287;VEN16;SUC04;Web;Tarjeta Débito;Completada
VTA000297;17/11/2025;FAC-2025-000297;CLI0404;VEN14;SUC02;Venta Telefónica;Financiación Propia;Completada
VTA000298;02/10/2025;FAC-2025-000298;CLI0570;VEN12;SUC06;Venta Telefónica;Financiación Propia;Completada
VTA000299;11/02/2026;FAC-2026-000299;CLI0049;VEN10;SUC04;Local;Tarjeta Débito;Completada
VTA000300;07/06/2026;FAC-2026-000300;CLI0392;VEN14;SUC02;Web;Financiación Propia;Pendiente
VTA000301;22/03/2026;FAC-2026-000301;CLI0472;VEN10;SUC04;Local;Efectivo;Completada
VTA000302;28/06/2025;FAC-2025-000302;CLI0550;VEN15;SUC03;Marketplace;Tarjeta Débito;Completada
VTA000303;13/05/2025;FAC-2025-000303;CLI0346;VEN08;SUC02;Marketplace;Financiación Propia;Completada
VTA000304;06/12/2025;FAC-2025-000304;CLI0351;VEN07;SUC01;Venta Telefónica;Tarjeta Crédito;Completada
VTA000305;14/07/2025;FAC-2025-000305;CLI0296;VEN02;SUC02;Venta Telefónica;Tarjeta Crédito;Completada
VTA000306;05/03/2026;FAC-2026-000306;CLI0352;VEN08;SUC02;Venta Telefónica;Tarjeta Débito;Pendiente
VTA000307;29/04/2025;FAC-2025-000307;CLI0013;VEN12;SUC06;Web;Transferencia;Completada
VTA000308;03/03/2025;FAC-2025-000308;CLI0591;VEN04;SUC04;Web;Efectivo;Completada
VTA000309;04/05/2026;FAC-2026-000309;CLI0448;VEN06;SUC06;Venta Telefónica;Financiación Propia;Cancelada
VTA000310;07/05/2026;FAC-2026-000310;CLI0224;VEN12;SUC06;WhatsApp;Tarjeta Débito;Completada
VTA000311;15/02/2026;FAC-2026-000311;CLI0363;VEN02;SUC02;Local;Financiación Propia;Pendiente
VTA000312;16/07/2025;FAC-2025-000312;CLI0221;VEN18;SUC06;Local;Transferencia;Completada
VTA000313;18/04/2026;FAC-2026-000313;CLI0485;VEN03;SUC03;Local;Efectivo;Completada
VTA000314;16/12/2025;FAC-2025-000314;CLI0300;VEN08;SUC02;WhatsApp;Transferencia;Completada
VTA000315;06/06/2025;FAC-2025-000315;CLI0139;VEN05;SUC05;Marketplace;Efectivo;Completada
VTA000316;12/02/2025;FAC-2025-000316;CLI0585;VEN09;SUC03;Web;Efectivo;Completada
VTA000317;26/08/2025;FAC-2025-000317;CLI0209;VEN09;SUC03;Local;Efectivo;Completada
VTA000318;03/04/2026;FAC-2026-000318;CLI0161;VEN02;SUC02;WhatsApp;Tarjeta Débito;Completada
VTA000319;23/04/2025;FAC-2025-000319;CLI0470;VEN04;SUC04;Local;Transferencia;Completada
VTA000320;03/05/2026;FAC-2026-000320;CLI0134;VEN05;SUC05;Venta Telefónica;Tarjeta Crédito;Completada
VTA000321;13/07/2025;FAC-2025-000321;CLI0532;VEN18;SUC06;Local;Tarjeta Crédito;Completada
VTA000322;14/07/2025;FAC-2025-000322;CLI0084;VEN14;SUC02;Web;Financiación Propia;Completada
VTA000323;29/11/2025;FAC-2025-000323;CLI0123;VEN10;SUC04;Web;Transferencia;Completada
VTA000324;30/06/2026;FAC-2026-000324;CLI0394;VEN07;SUC01;Venta Telefónica;Tarjeta Débito;Completada
VTA000325;30/07/2025;FAC-2025-000325;CLI0579;VEN16;SUC04;Web;Tarjeta Crédito;Completada
VTA000326;19/07/2026;FAC-2026-000326;CLI0523;VEN13;SUC01;Web;Efectivo;Completada
VTA000327;20/06/2025;FAC-2025-000327;CLI0014;VEN16;SUC04;Venta Telefónica;Tarjeta Crédito;Completada
VTA000328;12/04/2026;FAC-2026-000328;CLI0504;VEN06;SUC06;Web;Financiación Propia;Completada
VTA000329;26/02/2026;FAC-2026-000329;CLI0180;VEN02;SUC02;Venta Telefónica;Efectivo;Completada
VTA000330;27/03/2025;FAC-2025-000330;CLI0065;VEN18;SUC06;Marketplace;Financiación Propia;Completada
VTA000331;26/01/2025;FAC-2025-000331;CLI0501;VEN09;SUC03;WhatsApp;Financiación Propia;Completada
VTA000332;24/03/2025;FAC-2025-000332;CLI0572;VEN15;SUC03;Web;Efectivo;Completada
VTA000333;03/09/2025;FAC-2025-000333;CLI0140;VEN13;SUC01;Web;Financiación Propia;Completada
VTA000334;29/06/2026;FAC-2026-000334;CLI0487;VEN03;SUC03;Web;Transferencia;Completada
VTA000335;03/04/2026;FAC-2026-000335;CLI0443;VEN17;SUC05;Marketplace;Financiación Propia;Completada
VTA000336;16/01/2026;FAC-2026-000336;CLI0282;VEN03;SUC03;Marketplace;Tarjeta Débito;Completada
VTA000337;12/10/2025;FAC-2025-000337;CLI0139;VEN02;SUC02;Marketplace;Tarjeta Débito;Completada
VTA000338;26/07/2025;FAC-2025-000338;CLI0122;VEN14;SUC02;Marketplace;Efectivo;Completada
VTA000339;14/05/2025;FAC-2025-000339;CLI0305;VEN13;SUC01;WhatsApp;Financiación Propia;Completada
VTA000340;16/05/2025;FAC-2025-000340;CLI0105;VEN08;SUC02;WhatsApp;Financiación Propia;Completada
VTA000341;22/02/2025;FAC-2025-000341;CLI0559;VEN08;SUC02;Local;Financiación Propia;Completada
VTA000342;10/04/2025;FAC-2025-000342;CLI0536;VEN08;SUC02;Web;Tarjeta Débito;Completada
VTA000343;08/05/2025;FAC-2025-000343;CLI0593;VEN06;SUC06;Venta Telefónica;Tarjeta Débito;Completada
VTA000344;26/04/2026;FAC-2026-000344;CLI0523;VEN05;SUC05;Marketplace;Tarjeta Débito;Pendiente
VTA000345;10/03/2025;FAC-2025-000345;CLI0125;VEN12;SUC06;Local;Efectivo;Completada
VTA000346;24/06/2026;FAC-2026-000346;CLI0252;VEN04;SUC04;Web;Financiación Propia;Pendiente
VTA000347;08/03/2026;FAC-2026-000347;CLI0138;VEN08;SUC02;Local;Tarjeta Crédito;Completada
VTA000348;24/04/2025;FAC-2025-000348;CLI0532;VEN17;SUC05;Local;Tarjeta Crédito;Completada
VTA000349;06/03/2025;FAC-2025-000349;CLI0030;VEN16;SUC04;Marketplace;Efectivo;Cancelada
VTA000350;26/03/2026;FAC-2026-000350;CLI0554;VEN12;SUC06;WhatsApp;Tarjeta Débito;Completada
VTA000351;22/12/2025;FAC-2025-000351;CLI0006;VEN03;SUC03;Marketplace;Transferencia;Completada
VTA000352;12/10/2025;FAC-2025-000352;CLI0302;VEN10;SUC04;Venta Telefónica;Efectivo;Completada
VTA000353;13/01/2026;FAC-2026-000353;CLI0040;VEN03;SUC03;Web;Tarjeta Débito;Completada
VTA000354;25/04/2026;FAC-2026-000354;CLI0132;VEN14;SUC02;Local;Tarjeta Crédito;Completada
VTA000355;22/07/2026;FAC-2026-000355;CLI0520;VEN04;SUC04;Web;Transferencia;Completada
VTA000356;20/01/2026;FAC-2026-000356;CLI0596;VEN08;SUC02;Marketplace;Transferencia;Completada
VTA000357;03/10/2025;FAC-2025-000357;CLI0298;VEN05;SUC05;Web;Tarjeta Crédito;Completada
VTA000358;18/02/2026;FAC-2026-000358;CLI0223;VEN08;SUC02;WhatsApp;Tarjeta Crédito;Completada
VTA000359;28/01/2025;FAC-2025-000359;CLI0049;VEN09;SUC03;Web;Tarjeta Crédito;Completada
VTA000360;25/01/2026;FAC-2026-000360;CLI0283;VEN07;SUC01;Local;Transferencia;Completada
VTA000361;22/05/2026;FAC-2026-000361;CLI0128;VEN14;SUC02;WhatsApp;Efectivo;Completada
VTA000362;04/04/2026;FAC-2026-000362;CLI0057;VEN06;SUC06;Local;Tarjeta Crédito;Completada
VTA000363;03/07/2026;FAC-2026-000363;CLI0200;VEN09;SUC03;Venta Telefónica;Tarjeta Crédito;Completada
VTA000364;20/05/2026;FAC-2026-000364;CLI0214;VEN06;SUC06;Venta Telefónica;Efectivo;Completada
VTA000365;14/11/2025;FAC-2025-000365;CLI0308;VEN18;SUC06;WhatsApp;Efectivo;Completada
VTA000366;26/07/2026;FAC-2026-000366;CLI0523;VEN10;SUC04;Web;Efectivo;Completada
VTA000367;29/09/2025;FAC-2025-000367;CLI0519;VEN17;SUC05;Web;Tarjeta Débito;Completada
VTA000368;28/03/2025;FAC-2025-000368;CLI0472;VEN02;SUC02;Web;Efectivo;Completada
VTA000369;15/12/2025;FAC-2025-000369;CLI0013;VEN01;SUC01;Web;Efectivo;Completada
VTA000370;17/12/2025;FAC-2025-000370;CLI0189;VEN17;SUC05;Local;Transferencia;Cancelada
VTA000371;03/01/2026;FAC-2026-000371;CLI0441;VEN15;SUC03;Web;Financiación Propia;Completada
VTA000372;30/07/2025;FAC-2025-000372;CLI0119;VEN10;SUC04;Local;Financiación Propia;Completada
VTA000373;29/07/2025;FAC-2025-000373;CLI0112;VEN14;SUC02;Local;Financiación Propia;Completada
VTA000374;18/01/2026;FAC-2026-000374;CLI0262;VEN12;SUC06;Marketplace;Financiación Propia;Completada
VTA000375;12/07/2025;FAC-2025-000375;CLI0145;VEN01;SUC01;Web;Efectivo;Pendiente
VTA000376;04/03/2026;FAC-2026-000376;CLI0020;VEN14;SUC02;WhatsApp;Efectivo;Completada
VTA000377;03/10/2025;FAC-2025-000377;CLI0471;VEN09;SUC03;Local;Tarjeta Crédito;Completada
VTA000378;07/02/2026;FAC-2026-000378;CLI0215;VEN18;SUC06;Venta Telefónica;Tarjeta Débito;Completada
VTA000379;17/11/2025;FAC-2025-000379;CLI0447;VEN17;SUC05;Venta Telefónica;Transferencia;Completada
VTA000380;11/01/2026;FAC-2026-000380;CLI0359;VEN03;SUC03;Venta Telefónica;Financiación Propia;Completada
VTA000381;25/07/2026;FAC-2026-000381;CLI0539;VEN16;SUC04;Marketplace;Financiación Propia;Completada
VTA000382;12/02/2026;FAC-2026-000382;CLI0026;VEN15;SUC03;Marketplace;Tarjeta Débito;Completada
VTA000383;20/08/2025;FAC-2025-000383;CLI0290;VEN06;SUC06;Web;Transferencia;Completada
VTA000384;11/07/2025;FAC-2025-000384;CLI0557;VEN13;SUC01;WhatsApp;Tarjeta Débito;Completada
VTA000385;28/11/2025;FAC-2025-000385;CLI0323;VEN17;SUC05;Venta Telefónica;Transferencia;Completada
VTA000386;11/05/2026;FAC-2026-000386;CLI0037;VEN05;SUC05;Marketplace;Transferencia;Completada
VTA000387;08/11/2025;FAC-2025-000387;CLI0135;VEN09;SUC03;Web;Transferencia;Completada
VTA000388;15/07/2025;FAC-2025-000388;CLI0535;VEN07;SUC01;Web;Tarjeta Crédito;Completada
VTA000389;03/02/2025;FAC-2025-000389;CLI0184;VEN10;SUC04;Venta Telefónica;Efectivo;Completada
VTA000390;15/07/2026;FAC-2026-000390;CLI0548;VEN06;SUC06;Marketplace;Tarjeta Crédito;Completada
VTA000391;12/12/2025;FAC-2025-000391;CLI0153;VEN15;SUC03;Venta Telefónica;Financiación Propia;Pendiente
VTA000392;31/01/2026;FAC-2026-000392;CLI0047;VEN09;SUC03;Web;Efectivo;Completada
VTA000393;09/02/2025;FAC-2025-000393;CLI0556;VEN13;SUC01;WhatsApp;Efectivo;Completada
VTA000394;12/09/2025;FAC-2025-000394;CLI0407;VEN18;SUC06;Web;Tarjeta Crédito;Completada
VTA000395;07/01/2026;FAC-2026-000395;CLI0203;VEN04;SUC04;Web;Transferencia;Completada
VTA000396;06/12/2025;FAC-2025-000396;CLI0547;VEN09;SUC03;Venta Telefónica;Tarjeta Crédito;Completada
VTA000397;18/06/2025;FAC-2025-000397;CLI0249;VEN07;SUC01;WhatsApp;Tarjeta Débito;Completada
VTA000398;09/06/2026;FAC-2026-000398;CLI0098;VEN11;SUC05;Marketplace;Financiación Propia;Completada
VTA000399;20/09/2025;FAC-2025-000399;CLI0434;VEN06;SUC06;Local;Tarjeta Crédito;Completada
VTA000400;02/02/2025;FAC-2025-000400;CLI0142;VEN16;SUC04;Marketplace;Financiación Propia;Completada
VTA000401;14/08/2025;FAC-2025-000401;CLI0078;VEN03;SUC03;Local;Financiación Propia;Completada
VTA000402;11/09/2025;FAC-2025-000402;CLI0435;VEN10;SUC04;Venta Telefónica;Tarjeta Débito;Cancelada
VTA000403;12/01/2026;FAC-2026-000403;CLI0127;VEN11;SUC05;Marketplace;Financiación Propia;Completada
VTA000404;02/10/2025;FAC-2025-000404;CLI0168;VEN14;SUC02;Marketplace;Efectivo;Completada
VTA000405;15/01/2025;FAC-2025-000405;CLI0151;VEN11;SUC05;Local;Tarjeta Crédito;Completada
VTA000406;10/08/2025;FAC-2025-000406;CLI0261;VEN11;SUC05;Venta Telefónica;Tarjeta Crédito;Completada
VTA000407;09/04/2026;FAC-2026-000407;CLI0227;VEN02;SUC02;Local;Tarjeta Crédito;Completada
VTA000408;30/06/2026;FAC-2026-000408;CLI0196;VEN13;SUC01;Marketplace;Tarjeta Débito;Completada
VTA000409;29/03/2025;FAC-2025-000409;CLI0426;VEN14;SUC02;Local;Transferencia;Completada
VTA000410;17/02/2025;FAC-2025-000410;CLI0305;VEN09;SUC03;Web;Financiación Propia;Completada
VTA000411;07/04/2026;FAC-2026-000411;CLI0453;VEN15;SUC03;Venta Telefónica;Financiación Propia;Completada
VTA000412;19/12/2025;FAC-2025-000412;CLI0415;VEN17;SUC05;Venta Telefónica;Tarjeta Débito;Completada
VTA000413;24/02/2025;FAC-2025-000413;CLI0566;VEN13;SUC01;Marketplace;Efectivo;Completada
VTA000414;14/07/2026;FAC-2026-000414;CLI0082;VEN14;SUC02;Venta Telefónica;Tarjeta Débito;Completada
VTA000415;19/09/2025;FAC-2025-000415;CLI0533;VEN09;SUC03;Venta Telefónica;Transferencia;Completada
VTA000416;29/08/2025;FAC-2025-000416;CLI0016;VEN15;SUC03;WhatsApp;Tarjeta Crédito;Completada
VTA000417;24/08/2025;FAC-2025-000417;CLI0530;VEN12;SUC06;Venta Telefónica;Efectivo;Completada
VTA000418;07/04/2025;FAC-2025-000418;CLI0267;VEN11;SUC05;Web;Transferencia;Completada
VTA000419;04/02/2026;FAC-2026-000419;CLI0396;VEN01;SUC01;WhatsApp;Tarjeta Crédito;Completada
VTA000420;23/05/2025;FAC-2025-000420;CLI0252;VEN06;SUC06;WhatsApp;Tarjeta Débito;Pendiente
VTA000421;27/09/2025;FAC-2025-000421;CLI0473;VEN16;SUC04;Marketplace;Transferencia;Completada
VTA000422;10/06/2025;FAC-2025-000422;CLI0573;VEN05;SUC05;WhatsApp;Tarjeta Crédito;Completada
VTA000423;18/10/2025;FAC-2025-000423;CLI0480;VEN10;SUC04;Local;Efectivo;Completada
VTA000424;05/02/2026;FAC-2026-000424;CLI0499;VEN17;SUC05;Venta Telefónica;Tarjeta Crédito;Completada
VTA000425;14/04/2025;FAC-2025-000425;CLI0431;VEN16;SUC04;Local;Financiación Propia;Completada
VTA000426;09/05/2025;FAC-2025-000426;CLI0067;VEN10;SUC04;Local;Efectivo;Completada
VTA000427;14/01/2026;FAC-2026-000427;CLI0199;VEN16;SUC04;Local;Transferencia;Completada
VTA000428;01/04/2026;FAC-2026-000428;CLI0154;VEN06;SUC06;Venta Telefónica;Tarjeta Débito;Completada
VTA000429;25/03/2025;FAC-2025-000429;CLI0479;VEN03;SUC03;Local;Tarjeta Débito;Completada
VTA000430;30/07/2026;FAC-2026-000430;CLI0585;VEN14;SUC02;Marketplace;Efectivo;Completada
VTA000431;17/07/2026;FAC-2026-000431;CLI0264;VEN13;SUC01;Venta Telefónica;Efectivo;Completada
VTA000432;13/01/2026;FAC-2026-000432;CLI0266;VEN01;SUC01;Web;Efectivo;Completada
VTA000433;08/10/2025;FAC-2025-000433;CLI0238;VEN06;SUC06;Local;Tarjeta Débito;Completada
VTA000434;06/04/2025;FAC-2025-000434;CLI0536;VEN05;SUC05;WhatsApp;Tarjeta Crédito;Completada
VTA000435;06/09/2025;FAC-2025-000435;CLI0016;VEN09;SUC03;Venta Telefónica;Financiación Propia;Completada
VTA000436;15/08/2025;FAC-2025-000436;CLI0224;VEN10;SUC04;Venta Telefónica;Efectivo;Completada
VTA000437;06/06/2026;FAC-2026-000437;CLI0115;VEN12;SUC06;Web;Financiación Propia;Completada
VTA000438;29/07/2026;FAC-2026-000438;CLI0082;VEN06;SUC06;Web;Transferencia;Completada
VTA000439;05/08/2025;FAC-2025-000439;CLI0085;VEN17;SUC05;Web;Efectivo;Completada
VTA000440;21/12/2025;FAC-2025-000440;CLI0271;VEN18;SUC06;Venta Telefónica;Financiación Propia;Completada
VTA000441;09/07/2025;FAC-2025-000441;CLI0513;VEN11;SUC05;WhatsApp;Transferencia;Completada
VTA000442;15/03/2026;FAC-2026-000442;CLI0007;VEN18;SUC06;Marketplace;Tarjeta Débito;Completada
VTA000443;26/05/2026;FAC-2026-000443;CLI0331;VEN15;SUC03;Marketplace;Efectivo;Completada
VTA000444;05/08/2025;FAC-2025-000444;CLI0574;VEN11;SUC05;Web;Efectivo;Completada
VTA000445;14/02/2025;FAC-2025-000445;CLI0189;VEN18;SUC06;WhatsApp;Financiación Propia;Completada
VTA000446;15/01/2025;FAC-2025-000446;CLI0533;VEN07;SUC01;WhatsApp;Financiación Propia;Completada
VTA000447;23/06/2026;FAC-2026-000447;CLI0389;VEN07;SUC01;Venta Telefónica;Transferencia;Completada
VTA000448;16/04/2026;FAC-2026-000448;CLI0456;VEN13;SUC01;Venta Telefónica;Tarjeta Débito;Completada
VTA000449;15/05/2025;FAC-2025-000449;CLI0491;VEN14;SUC02;WhatsApp;Tarjeta Crédito;Completada
VTA000450;15/11/2025;FAC-2025-000450;CLI0334;VEN11;SUC05;Venta Telefónica;Transferencia;Completada
VTA000451;02/08/2025;FAC-2025-000451;CLI0022;VEN12;SUC06;Web;Transferencia;Completada
VTA000452;31/05/2026;FAC-2026-000452;CLI0311;VEN01;SUC01;Local;Tarjeta Crédito;Completada
VTA000453;18/09/2025;FAC-2025-000453;CLI0330;VEN14;SUC02;Marketplace;Tarjeta Crédito;Completada
VTA000454;12/04/2025;FAC-2025-000454;CLI0115;VEN06;SUC06;Venta Telefónica;Efectivo;Completada
VTA000455;21/07/2025;FAC-2025-000455;CLI0567;VEN07;SUC01;Venta Telefónica;Tarjeta Débito;Completada
VTA000456;26/06/2025;FAC-2025-000456;CLI0433;VEN15;SUC03;Marketplace;Efectivo;Completada
VTA000457;21/06/2026;FAC-2026-000457;CLI0456;VEN17;SUC05;WhatsApp;Tarjeta Débito;Completada
VTA000458;18/11/2025;FAC-2025-000458;CLI0195;VEN14;SUC02;Local;Efectivo;Completada
VTA000459;15/03/2026;FAC-2026-000459;CLI0542;VEN04;SUC04;Web;Transferencia;Completada
VTA000460;01/12/2025;FAC-2025-000460;CLI0407;VEN11;SUC05;Web;Tarjeta Débito;Completada
VTA000461;27/04/2025;FAC-2025-000461;CLI0392;VEN07;SUC01;WhatsApp;Tarjeta Crédito;Completada
VTA000462;26/10/2025;FAC-2025-000462;CLI0323;VEN04;SUC04;Web;Transferencia;Completada
VTA000463;11/06/2026;FAC-2026-000463;CLI0467;VEN03;SUC03;Local;Tarjeta Débito;Completada
VTA000464;23/03/2025;FAC-2025-000464;CLI0207;VEN15;SUC03;Web;Efectivo;Completada
VTA000465;02/05/2026;FAC-2026-000465;CLI0493;VEN16;SUC04;WhatsApp;Financiación Propia;Completada
VTA000466;25/06/2026;FAC-2026-000466;CLI0416;VEN05;SUC05;Web;Tarjeta Crédito;Completada
VTA000467;04/05/2025;FAC-2025-000467;CLI0246;VEN07;SUC01;Web;Tarjeta Crédito;Completada
VTA000468;20/04/2026;FAC-2026-000468;CLI0507;VEN05;SUC05;Venta Telefónica;Transferencia;Completada
VTA000469;12/05/2025;FAC-2025-000469;CLI0307;VEN08;SUC02;WhatsApp;Transferencia;Completada
VTA000470;14/03/2025;FAC-2025-000470;CLI0231;VEN16;SUC04;Marketplace;Transferencia;Completada
VTA000471;20/05/2026;FAC-2026-000471;CLI0430;VEN02;SUC02;WhatsApp;Efectivo;Completada
VTA000472;16/01/2025;FAC-2025-000472;CLI0338;VEN05;SUC05;Marketplace;Transferencia;Completada
VTA000473;17/11/2025;FAC-2025-000473;CLI0382;VEN16;SUC04;Marketplace;Efectivo;Completada
VTA000474;06/04/2025;FAC-2025-000474;CLI0320;VEN15;SUC03;Local;Efectivo;Completada
VTA000475;12/04/2026;FAC-2026-000475;CLI0570;VEN07;SUC01;Venta Telefónica;Tarjeta Débito;Completada
VTA000476;29/09/2025;FAC-2025-000476;CLI0491;VEN01;SUC01;Venta Telefónica;Transferencia;Completada
VTA000477;19/01/2026;FAC-2026-000477;CLI0105;VEN12;SUC06;Marketplace;Efectivo;Completada
VTA000478;11/12/2025;FAC-2025-000478;CLI0129;VEN11;SUC05;Marketplace;Financiación Propia;Completada
VTA000479;14/03/2025;FAC-2025-000479;CLI0321;VEN11;SUC05;Local;Transferencia;Completada
VTA000480;11/11/2025;FAC-2025-000480;CLI0477;VEN06;SUC06;Venta Telefónica;Financiación Propia;Completada
VTA000481;27/11/2025;FAC-2025-000481;CLI0341;VEN15;SUC03;Local;Transferencia;Completada
VTA000482;22/07/2025;FAC-2025-000482;CLI0504;VEN03;SUC03;Marketplace;Financiación Propia;Completada
VTA000483;30/03/2026;FAC-2026-000483;CLI0584;VEN11;SUC05;Marketplace;Efectivo;Completada
VTA000484;04/12/2025;FAC-2025-000484;CLI0337;VEN04;SUC04;Web;Transferencia;Completada
VTA000485;13/07/2026;FAC-2026-000485;CLI0583;VEN04;SUC04;Local;Tarjeta Crédito;Completada
VTA000486;18/07/2025;FAC-2025-000486;CLI0063;VEN14;SUC02;Venta Telefónica;Transferencia;Completada
VTA000487;15/04/2026;FAC-2026-000487;CLI0141;VEN05;SUC05;Marketplace;Efectivo;Completada
VTA000488;11/10/2025;FAC-2025-000488;CLI0405;VEN04;SUC04;Local;Efectivo;Completada
VTA000489;19/02/2026;FAC-2026-000489;CLI0396;VEN12;SUC06;Marketplace;Transferencia;Completada
VTA000490;02/11/2025;FAC-2025-000490;CLI0371;VEN12;SUC06;Web;Tarjeta Débito;Completada
VTA000491;23/06/2025;FAC-2025-000491;CLI0357;VEN14;SUC02;WhatsApp;Transferencia;Completada
VTA000492;29/03/2025;FAC-2025-000492;CLI0466;VEN05;SUC05;Venta Telefónica;Tarjeta Débito;Completada
VTA000493;03/09/2025;FAC-2025-000493;CLI0021;VEN01;SUC01;WhatsApp;Efectivo;Completada
VTA000494;19/12/2025;FAC-2025-000494;CLI0590;VEN05;SUC05;Web;Transferencia;Completada
VTA000495;23/01/2025;FAC-2025-000495;CLI0277;VEN14;SUC02;Marketplace;Transferencia;Completada
VTA000496;12/12/2025;FAC-2025-000496;CLI0169;VEN16;SUC04;Marketplace;Tarjeta Débito;Completada
VTA000497;29/06/2025;FAC-2025-000497;CLI0187;VEN06;SUC06;WhatsApp;Tarjeta Crédito;Completada
VTA000498;23/08/2025;FAC-2025-000498;CLI0420;VEN11;SUC05;Local;Tarjeta Crédito;Completada
VTA000499;23/06/2025;FAC-2025-000499;CLI0553;VEN16;SUC04;WhatsApp;Transferencia;Completada
VTA000500;26/01/2025;FAC-2025-000500;CLI0234;VEN15;SUC03;WhatsApp;Tarjeta Crédito;Completada
VTA000501;17/12/2025;FAC-2025-000501;CLI0483;VEN01;SUC01;Marketplace;Transferencia;Completada
VTA000502;26/02/2026;FAC-2026-000502;CLI0201;VEN10;SUC04;WhatsApp;Tarjeta Débito;Completada
VTA000503;05/01/2026;FAC-2026-000503;CLI0573;VEN09;SUC03;Marketplace;Tarjeta Débito;Completada
VTA000504;30/04/2026;FAC-2026-000504;CLI0374;VEN13;SUC01;WhatsApp;Efectivo;Completada
VTA000505;07/01/2025;FAC-2025-000505;CLI0203;VEN15;SUC03;Marketplace;Financiación Propia;Completada
VTA000506;16/06/2026;FAC-2026-000506;CLI0534;VEN18;SUC06;WhatsApp;Transferencia;Completada
VTA000507;02/02/2026;FAC-2026-000507;CLI0376;VEN05;SUC05;Venta Telefónica;Transferencia;Completada
VTA000508;12/02/2026;FAC-2026-000508;CLI0052;VEN11;SUC05;Web;Tarjeta Crédito;Completada
VTA000509;15/09/2025;FAC-2025-000509;CLI0308;VEN15;SUC03;WhatsApp;Transferencia;Completada
VTA000510;17/09/2025;FAC-2025-000510;CLI0025;VEN09;SUC03;WhatsApp;Tarjeta Débito;Completada
VTA000511;15/04/2025;FAC-2025-000511;CLI0001;VEN08;SUC02;Venta Telefónica;Efectivo;Completada
VTA000512;17/05/2025;FAC-2025-000512;CLI0104;VEN12;SUC06;WhatsApp;Financiación Propia;Completada
VTA000513;16/07/2026;FAC-2026-000513;CLI0184;VEN16;SUC04;Local;Tarjeta Débito;Completada
VTA000514;27/12/2025;FAC-2025-000514;CLI0119;VEN06;SUC06;Web;Transferencia;Completada
VTA000515;16/01/2025;FAC-2025-000515;CLI0338;VEN04;SUC04;Local;Tarjeta Crédito;Completada
VTA000516;30/12/2025;FAC-2025-000516;CLI0102;VEN14;SUC02;Local;Tarjeta Crédito;Completada
VTA000517;22/01/2026;FAC-2026-000517;CLI0107;VEN04;SUC04;WhatsApp;Transferencia;Completada
VTA000518;27/04/2026;FAC-2026-000518;CLI0316;VEN14;SUC02;Local;Tarjeta Débito;Completada
VTA000519;20/11/2025;FAC-2025-000519;CLI0508;VEN17;SUC05;WhatsApp;Tarjeta Crédito;Pendiente
VTA000520;07/06/2025;FAC-2025-000520;CLI0263;VEN06;SUC06;Venta Telefónica;Tarjeta Crédito;Completada
VTA000521;24/02/2026;FAC-2026-000521;CLI0085;VEN03;SUC03;WhatsApp;Tarjeta Crédito;Completada
VTA000522;15/04/2025;FAC-2025-000522;CLI0535;VEN11;SUC05;Marketplace;Financiación Propia;Completada
VTA000523;24/01/2025;FAC-2025-000523;CLI0373;VEN11;SUC05;Marketplace;Transferencia;Completada
VTA000524;27/04/2026;FAC-2026-000524;CLI0493;VEN11;SUC05;Marketplace;Tarjeta Débito;Completada
VTA000525;16/03/2026;FAC-2026-000525;CLI0341;VEN05;SUC05;WhatsApp;Tarjeta Débito;Completada
VTA000526;24/02/2025;FAC-2025-000526;CLI0260;VEN08;SUC02;WhatsApp;Tarjeta Débito;Completada
VTA000527;26/06/2025;FAC-2025-000527;CLI0586;VEN01;SUC01;WhatsApp;Financiación Propia;Completada
VTA000528;17/02/2026;FAC-2026-000528;CLI0576;VEN04;SUC04;Venta Telefónica;Transferencia;Completada
VTA000529;06/09/2025;FAC-2025-000529;CLI0579;VEN11;SUC05;Marketplace;Transferencia;Completada
VTA000530;09/12/2025;FAC-2025-000530;CLI0242;VEN09;SUC03;Local;Financiación Propia;Completada
VTA000531;12/06/2025;FAC-2025-000531;CLI0011;VEN05;SUC05;Venta Telefónica;Financiación Propia;Completada
VTA000532;06/02/2026;FAC-2026-000532;CLI0468;VEN05;SUC05;Venta Telefónica;Efectivo;Completada
VTA000533;10/04/2025;FAC-2025-000533;CLI0077;VEN06;SUC06;Local;Tarjeta Débito;Completada
VTA000534;09/02/2025;FAC-2025-000534;CLI0235;VEN01;SUC01;Venta Telefónica;Efectivo;Completada
VTA000535;24/05/2026;FAC-2026-000535;CLI0239;VEN13;SUC01;Venta Telefónica;Tarjeta Crédito;Completada
VTA000536;22/07/2025;FAC-2025-000536;CLI0518;VEN05;SUC05;Marketplace;Efectivo;Completada
VTA000537;19/07/2025;FAC-2025-000537;CLI0009;VEN06;SUC06;Marketplace;Transferencia;Completada
VTA000538;23/06/2026;FAC-2026-000538;CLI0018;VEN09;SUC03;Venta Telefónica;Financiación Propia;Completada
VTA000539;08/02/2026;FAC-2026-000539;CLI0384;VEN09;SUC03;Marketplace;Tarjeta Débito;Completada
VTA000540;01/02/2026;FAC-2026-000540;CLI0114;VEN04;SUC04;Local;Tarjeta Crédito;Pendiente
VTA000541;14/08/2025;FAC-2025-000541;CLI0252;VEN13;SUC01;Venta Telefónica;Tarjeta Crédito;Completada
VTA000542;19/04/2026;FAC-2026-000542;CLI0576;VEN11;SUC05;WhatsApp;Efectivo;Completada
VTA000543;16/09/2025;FAC-2025-000543;CLI0334;VEN06;SUC06;Venta Telefónica;Financiación Propia;Completada
VTA000544;08/07/2026;FAC-2026-000544;CLI0327;VEN11;SUC05;WhatsApp;Efectivo;Completada
VTA000545;19/02/2026;FAC-2026-000545;CLI0078;VEN02;SUC02;Web;Tarjeta Crédito;Completada
VTA000546;08/01/2026;FAC-2026-000546;CLI0566;VEN10;SUC04;Venta Telefónica;Financiación Propia;Completada
VTA000547;24/06/2026;FAC-2026-000547;CLI0202;VEN18;SUC06;Venta Telefónica;Transferencia;Completada
VTA000548;02/04/2025;FAC-2025-000548;CLI0027;VEN03;SUC03;Venta Telefónica;Tarjeta Débito;Completada
VTA000549;10/12/2025;FAC-2025-000549;CLI0103;VEN03;SUC03;Marketplace;Tarjeta Débito;Completada
VTA000550;26/08/2025;FAC-2025-000550;CLI0105;VEN13;SUC01;Venta Telefónica;Tarjeta Débito;Completada
VTA000551;07/02/2026;FAC-2026-000551;CLI0466;VEN13;SUC01;Web;Financiación Propia;Completada
VTA000552;08/11/2025;FAC-2025-000552;CLI0309;VEN08;SUC02;Local;Tarjeta Crédito;Completada
VTA000553;12/06/2026;FAC-2026-000553;CLI0046;VEN04;SUC04;WhatsApp;Transferencia;Completada
VTA000554;13/03/2026;FAC-2026-000554;CLI0343;VEN11;SUC05;WhatsApp;Tarjeta Crédito;Completada
VTA000555;16/05/2025;FAC-2025-000555;CLI0551;VEN02;SUC02;WhatsApp;Tarjeta Crédito;Completada
VTA000556;19/01/2025;FAC-2025-000556;CLI0555;VEN05;SUC05;Marketplace;Tarjeta Débito;Completada
VTA000557;13/05/2025;FAC-2025-000557;CLI0490;VEN16;SUC04;Marketplace;Tarjeta Crédito;Completada
VTA000558;26/04/2025;FAC-2025-000558;CLI0219;VEN12;SUC06;Marketplace;Tarjeta Crédito;Completada
VTA000559;18/04/2025;FAC-2025-000559;CLI0226;VEN18;SUC06;Web;Tarjeta Crédito;Completada
VTA000560;03/08/2025;FAC-2025-000560;CLI0485;VEN07;SUC01;Venta Telefónica;Efectivo;Completada
VTA000561;17/06/2025;FAC-2025-000561;CLI0159;VEN13;SUC01;Web;Transferencia;Completada
VTA000562;25/02/2026;FAC-2026-000562;CLI0489;VEN15;SUC03;Venta Telefónica;Tarjeta Crédito;Completada
VTA000563;25/02/2025;FAC-2025-000563;CLI0128;VEN12;SUC06;Marketplace;Tarjeta Crédito;Completada
VTA000564;29/03/2025;FAC-2025-000564;CLI0467;VEN10;SUC04;WhatsApp;Tarjeta Débito;Completada
VTA000565;24/05/2025;FAC-2025-000565;CLI0283;VEN14;SUC02;WhatsApp;Efectivo;Completada
VTA000566;10/03/2025;FAC-2025-000566;CLI0062;VEN08;SUC02;Local;Tarjeta Débito;Completada
VTA000567;19/01/2026;FAC-2026-000567;CLI0404;VEN05;SUC05;Venta Telefónica;Transferencia;Completada
VTA000568;24/07/2026;FAC-2026-000568;CLI0539;VEN07;SUC01;Web;Transferencia;Completada
VTA000569;04/05/2025;FAC-2025-000569;CLI0515;VEN17;SUC05;WhatsApp;Transferencia;Completada
VTA000570;26/10/2025;FAC-2025-000570;CLI0261;VEN04;SUC04;Marketplace;Tarjeta Crédito;Completada
VTA000571;03/07/2026;FAC-2026-000571;CLI0495;VEN16;SUC04;Venta Telefónica;Tarjeta Crédito;Completada
VTA000572;07/08/2025;FAC-2025-000572;CLI0002;VEN08;SUC02;Local;Tarjeta Crédito;Completada
VTA000573;22/07/2025;FAC-2025-000573;CLI0339;VEN13;SUC01;Local;Financiación Propia;Completada
VTA000574;22/06/2026;FAC-2026-000574;CLI0143;VEN02;SUC02;Marketplace;Tarjeta Crédito;Completada
VTA000575;27/05/2025;FAC-2025-000575;CLI0547;VEN15;SUC03;Local;Efectivo;Completada
VTA000576;13/04/2025;FAC-2025-000576;CLI0446;VEN13;SUC01;WhatsApp;Efectivo;Completada
VTA000577;05/03/2025;FAC-2025-000577;CLI0287;VEN02;SUC02;Local;Financiación Propia;Completada
VTA000578;27/02/2026;FAC-2026-000578;CLI0307;VEN13;SUC01;WhatsApp;Financiación Propia;Completada
VTA000579;12/01/2025;FAC-2025-000579;CLI0058;VEN12;SUC06;WhatsApp;Efectivo;Completada
VTA000580;05/09/2025;FAC-2025-000580;CLI0161;VEN11;SUC05;WhatsApp;Tarjeta Crédito;Completada
VTA000581;28/06/2025;FAC-2025-000581;CLI0377;VEN16;SUC04;WhatsApp;Tarjeta Crédito;Completada
VTA000582;31/03/2026;FAC-2026-000582;CLI0131;VEN08;SUC02;Marketplace;Financiación Propia;Completada
VTA000583;22/11/2025;FAC-2025-000583;CLI0100;VEN01;SUC01;Marketplace;Transferencia;Completada
VTA000584;16/01/2025;FAC-2025-000584;CLI0545;VEN08;SUC02;WhatsApp;Financiación Propia;Pendiente
VTA000585;28/07/2026;FAC-2026-000585;CLI0295;VEN01;SUC01;Web;Tarjeta Débito;Completada
VTA000586;19/02/2026;FAC-2026-000586;CLI0544;VEN16;SUC04;Web;Financiación Propia;Completada
VTA000587;16/03/2025;FAC-2025-000587;CLI0076;VEN13;SUC01;Local;Financiación Propia;Completada
VTA000588;06/03/2025;FAC-2025-000588;CLI0080;VEN05;SUC05;Marketplace;Financiación Propia;Completada
VTA000589;25/03/2026;FAC-2026-000589;CLI0294;VEN14;SUC02;WhatsApp;Efectivo;Completada
VTA000590;30/10/2025;FAC-2025-000590;CLI0237;VEN10;SUC04;Marketplace;Efectivo;Completada
VTA000591;24/03/2025;FAC-2025-000591;CLI0041;VEN17;SUC05;Web;Tarjeta Débito;Completada
VTA000592;05/03/2026;FAC-2026-000592;CLI0553;VEN15;SUC03;Web;Tarjeta Crédito;Completada
VTA000593;12/10/2025;FAC-2025-000593;CLI0498;VEN09;SUC03;Marketplace;Financiación Propia;Completada
VTA000594;21/01/2026;FAC-2026-000594;CLI0380;VEN03;SUC03;Marketplace;Efectivo;Completada
VTA000595;16/08/2025;FAC-2025-000595;CLI0433;VEN09;SUC03;Local;Financiación Propia;Completada
VTA000596;01/01/2026;FAC-2026-000596;CLI0236;VEN08;SUC02;WhatsApp;Tarjeta Débito;Completada
VTA000597;30/04/2025;FAC-2025-000597;CLI0243;VEN01;SUC01;WhatsApp;Transferencia;Completada
VTA000598;05/11/2025;FAC-2025-000598;CLI0358;VEN06;SUC06;Web;Tarjeta Crédito;Completada
VTA000599;11/06/2025;FAC-2025-000599;CLI0356;VEN10;SUC04;Local;Efectivo;Completada
VTA000600;17/06/2025;FAC-2025-000600;CLI0050;VEN05;SUC05;Web;Efectivo;Completada
VTA000601;12/05/2025;FAC-2025-000601;CLI0081;VEN14;SUC02;Local;Transferencia;Completada
VTA000602;08/06/2026;FAC-2026-000602;CLI0086;VEN02;SUC02;Web;Financiación Propia;Completada
VTA000603;26/11/2025;FAC-2025-000603;CLI0570;VEN07;SUC01;Local;Efectivo;Pendiente
VTA000604;21/03/2026;FAC-2026-000604;CLI0150;VEN10;SUC04;Local;Tarjeta Débito;Completada
VTA000605;01/01/2026;FAC-2026-000605;CLI0484;VEN07;SUC01;Web;Tarjeta Crédito;Completada
VTA000606;30/06/2026;FAC-2026-000606;CLI0024;VEN01;SUC01;Web;Transferencia;Pendiente
VTA000607;06/07/2025;FAC-2025-000607;CLI0054;VEN16;SUC04;Local;Efectivo;Completada
VTA000608;30/10/2025;FAC-2025-000608;CLI0579;VEN12;SUC06;Local;Tarjeta Crédito;Completada
VTA000609;03/03/2026;FAC-2026-000609;CLI0280;VEN08;SUC02;Marketplace;Tarjeta Crédito;Completada
VTA000610;26/12/2025;FAC-2025-000610;CLI0306;VEN06;SUC06;Local;Tarjeta Crédito;Completada
VTA000611;19/02/2026;FAC-2026-000611;CLI0093;VEN18;SUC06;Web;Tarjeta Crédito;Completada
VTA000612;09/02/2026;FAC-2026-000612;CLI0456;VEN18;SUC06;Venta Telefónica;Financiación Propia;Completada
VTA000613;03/07/2025;FAC-2025-000613;CLI0599;VEN01;SUC01;Marketplace;Transferencia;Completada
VTA000614;31/07/2026;FAC-2026-000614;CLI0334;VEN12;SUC06;Web;Tarjeta Débito;Completada
VTA000615;28/03/2025;FAC-2025-000615;CLI0547;VEN02;SUC02;Local;Efectivo;Completada
VTA000616;17/05/2026;FAC-2026-000616;CLI0081;VEN12;SUC06;Venta Telefónica;Tarjeta Crédito;Completada
VTA000617;10/04/2026;FAC-2026-000617;CLI0373;VEN09;SUC03;Web;Tarjeta Débito;Completada
VTA000618;03/07/2026;FAC-2026-000618;CLI0401;VEN12;SUC06;WhatsApp;Tarjeta Crédito;Completada
VTA000619;23/04/2026;FAC-2026-000619;CLI0039;VEN14;SUC02;Venta Telefónica;Tarjeta Crédito;Completada
VTA000620;27/06/2026;FAC-2026-000620;CLI0262;VEN12;SUC06;WhatsApp;Tarjeta Débito;Completada
VTA000621;14/07/2025;FAC-2025-000621;CLI0256;VEN18;SUC06;Marketplace;Efectivo;Completada
VTA000622;15/04/2026;FAC-2026-000622;CLI0338;VEN12;SUC06;Web;Financiación Propia;Completada
VTA000623;29/04/2026;FAC-2026-000623;CLI0061;VEN06;SUC06;Web;Financiación Propia;Completada
VTA000624;23/08/2025;FAC-2025-000624;CLI0596;VEN15;SUC03;Marketplace;Tarjeta Crédito;Completada
VTA000625;12/09/2025;FAC-2025-000625;CLI0404;VEN05;SUC05;Local;Transferencia;Completada
VTA000626;09/01/2025;FAC-2025-000626;CLI0244;VEN06;SUC06;Web;Tarjeta Crédito;Pendiente
VTA000627;27/02/2026;FAC-2026-000627;CLI0081;VEN07;SUC01;Marketplace;Tarjeta Débito;Completada
VTA000628;07/01/2025;FAC-2025-000628;CLI0467;VEN01;SUC01;Web;Tarjeta Débito;Completada
VTA000629;21/01/2025;FAC-2025-000629;CLI0419;VEN15;SUC03;Local;Financiación Propia;Completada
VTA000630;04/11/2025;FAC-2025-000630;CLI0578;VEN01;SUC01;Venta Telefónica;Financiación Propia;Completada
VTA000631;29/05/2025;FAC-2025-000631;CLI0196;VEN04;SUC04;Venta Telefónica;Financiación Propia;Completada
VTA000632;23/02/2026;FAC-2026-000632;CLI0043;VEN18;SUC06;Marketplace;Tarjeta Crédito;Completada
VTA000633;27/09/2025;FAC-2025-000633;CLI0455;VEN03;SUC03;Venta Telefónica;Efectivo;Completada
VTA000634;22/03/2026;FAC-2026-000634;CLI0546;VEN01;SUC01;Web;Transferencia;Completada
VTA000635;22/02/2026;FAC-2026-000635;CLI0129;VEN09;SUC03;WhatsApp;Efectivo;Completada
VTA000636;28/11/2025;FAC-2025-000636;CLI0333;VEN06;SUC06;Marketplace;Efectivo;Completada
VTA000637;15/03/2025;FAC-2025-000637;CLI0291;VEN11;SUC05;Web;Transferencia;Completada
VTA000638;13/05/2026;FAC-2026-000638;CLI0443;VEN14;SUC02;Web;Tarjeta Crédito;Completada
VTA000639;19/04/2025;FAC-2025-000639;CLI0356;VEN14;SUC02;Venta Telefónica;Financiación Propia;Completada
VTA000640;18/07/2025;FAC-2025-000640;CLI0455;VEN01;SUC01;WhatsApp;Tarjeta Débito;Completada
VTA000641;03/01/2026;FAC-2026-000641;CLI0288;VEN11;SUC05;WhatsApp;Tarjeta Crédito;Completada
VTA000642;04/07/2026;FAC-2026-000642;CLI0324;VEN08;SUC02;Marketplace;Efectivo;Completada
VTA000643;13/08/2025;FAC-2025-000643;CLI0401;VEN05;SUC05;Marketplace;Transferencia;Completada
VTA000644;25/04/2026;FAC-2026-000644;CLI0477;VEN18;SUC06;Venta Telefónica;Transferencia;Completada
VTA000645;13/04/2026;FAC-2026-000645;CLI0031;VEN04;SUC04;Venta Telefónica;Tarjeta Débito;Completada
VTA000646;26/02/2025;FAC-2025-000646;CLI0013;VEN04;SUC04;WhatsApp;Tarjeta Débito;Completada
VTA000647;15/02/2025;FAC-2025-000647;CLI0485;VEN04;SUC04;Web;Transferencia;Completada
VTA000648;10/05/2025;FAC-2025-000648;CLI0136;VEN16;SUC04;Local;Tarjeta Débito;Completada
VTA000649;07/11/2025;FAC-2025-000649;CLI0440;VEN11;SUC05;Local;Efectivo;Completada
VTA000650;07/07/2026;FAC-2026-000650;CLI0386;VEN08;SUC02;Venta Telefónica;Tarjeta Débito;Completada
VTA000651;19/04/2026;FAC-2026-000651;CLI0563;VEN06;SUC06;Marketplace;Tarjeta Débito;Completada
VTA000652;16/01/2025;FAC-2025-000652;CLI0116;VEN11;SUC05;WhatsApp;Transferencia;Completada
VTA000653;23/10/2025;FAC-2025-000653;CLI0330;VEN03;SUC03;Venta Telefónica;Tarjeta Débito;Completada
VTA000654;14/06/2026;FAC-2026-000654;CLI0153;VEN07;SUC01;Web;Tarjeta Crédito;Completada
VTA000655;23/05/2025;FAC-2025-000655;CLI0417;VEN05;SUC05;Marketplace;Tarjeta Débito;Completada
VTA000656;14/02/2025;FAC-2025-000656;CLI0579;VEN13;SUC01;WhatsApp;Financiación Propia;Completada
VTA000657;18/05/2025;FAC-2025-000657;CLI0435;VEN12;SUC06;WhatsApp;Efectivo;Completada
VTA000658;04/04/2025;FAC-2025-000658;CLI0584;VEN13;SUC01;WhatsApp;Financiación Propia;Pendiente
VTA000659;30/04/2025;FAC-2025-000659;CLI0279;VEN14;SUC02;Marketplace;Financiación Propia;Completada
VTA000660;25/06/2026;FAC-2026-000660;CLI0413;VEN08;SUC02;Web;Financiación Propia;Completada
VTA000661;14/09/2025;FAC-2025-000661;CLI0365;VEN09;SUC03;WhatsApp;Tarjeta Crédito;Pendiente
VTA000662;26/09/2025;FAC-2025-000662;CLI0427;VEN03;SUC03;Venta Telefónica;Transferencia;Completada
VTA000663;27/06/2025;FAC-2025-000663;CLI0082;VEN15;SUC03;Venta Telefónica;Tarjeta Débito;Completada
VTA000664;26/03/2026;FAC-2026-000664;CLI0327;VEN07;SUC01;Web;Transferencia;Completada
VTA000665;23/06/2026;FAC-2026-000665;CLI0025;VEN05;SUC05;WhatsApp;Tarjeta Crédito;Completada
VTA000666;15/08/2025;FAC-2025-000666;CLI0390;VEN05;SUC05;Venta Telefónica;Tarjeta Crédito;Completada
VTA000667;05/08/2025;FAC-2025-000667;CLI0360;VEN16;SUC04;Local;Financiación Propia;Completada
VTA000668;20/01/2025;FAC-2025-000668;CLI0060;VEN02;SUC02;Web;Financiación Propia;Completada
VTA000669;18/01/2026;FAC-2026-000669;CLI0014;VEN17;SUC05;Local;Financiación Propia;Completada
VTA000670;16/07/2026;FAC-2026-000670;CLI0105;VEN08;SUC02;Local;Tarjeta Débito;Completada
VTA000671;03/03/2025;FAC-2025-000671;CLI0079;VEN04;SUC04;Web;Tarjeta Crédito;Completada
VTA000672;22/09/2025;FAC-2025-000672;CLI0457;VEN17;SUC05;Venta Telefónica;Financiación Propia;Completada
VTA000673;24/08/2025;FAC-2025-000673;CLI0379;VEN07;SUC01;Local;Financiación Propia;Completada
VTA000674;07/02/2025;FAC-2025-000674;CLI0157;VEN03;SUC03;WhatsApp;Tarjeta Débito;Completada
VTA000675;13/05/2026;FAC-2026-000675;CLI0491;VEN11;SUC05;Local;Financiación Propia;Completada
VTA000676;09/05/2026;FAC-2026-000676;CLI0025;VEN09;SUC03;WhatsApp;Financiación Propia;Completada
VTA000677;04/02/2026;FAC-2026-000677;CLI0347;VEN04;SUC04;WhatsApp;Transferencia;Completada
VTA000678;20/05/2025;FAC-2025-000678;CLI0560;VEN06;SUC06;Venta Telefónica;Transferencia;Completada
VTA000679;23/09/2025;FAC-2025-000679;CLI0508;VEN07;SUC01;Web;Tarjeta Débito;Completada
VTA000680;03/05/2026;FAC-2026-000680;CLI0057;VEN15;SUC03;Venta Telefónica;Transferencia;Completada
VTA000681;08/04/2025;FAC-2025-000681;CLI0097;VEN05;SUC05;Web;Tarjeta Crédito;Completada
VTA000682;21/02/2025;FAC-2025-000682;CLI0370;VEN02;SUC02;WhatsApp;Efectivo;Completada
VTA000683;12/06/2025;FAC-2025-000683;CLI0102;VEN05;SUC05;Web;Transferencia;Completada
VTA000684;26/03/2026;FAC-2026-000684;CLI0520;VEN12;SUC06;WhatsApp;Financiación Propia;Completada
VTA000685;21/07/2025;FAC-2025-000685;CLI0006;VEN10;SUC04;Marketplace;Tarjeta Débito;Completada
VTA000686;15/07/2025;FAC-2025-000686;CLI0272;VEN15;SUC03;Marketplace;Tarjeta Débito;Completada
VTA000687;27/01/2025;FAC-2025-000687;CLI0381;VEN02;SUC02;Venta Telefónica;Financiación Propia;Completada
VTA000688;24/09/2025;FAC-2025-000688;CLI0006;VEN03;SUC03;Marketplace;Efectivo;Completada
VTA000689;02/04/2025;FAC-2025-000689;CLI0098;VEN06;SUC06;Venta Telefónica;Tarjeta Crédito;Completada
VTA000690;28/01/2026;FAC-2026-000690;CLI0234;VEN12;SUC06;Venta Telefónica;Efectivo;Completada
VTA000691;24/05/2026;FAC-2026-000691;CLI0350;VEN01;SUC01;Marketplace;Tarjeta Débito;Completada
VTA000692;01/12/2025;FAC-2025-000692;CLI0091;VEN03;SUC03;Venta Telefónica;Transferencia;Completada
VTA000693;24/04/2025;FAC-2025-000693;CLI0525;VEN18;SUC06;Venta Telefónica;Transferencia;Completada
VTA000694;20/04/2026;FAC-2026-000694;CLI0100;VEN17;SUC05;Venta Telefónica;Tarjeta Crédito;Completada
VTA000695;12/07/2025;FAC-2025-000695;CLI0364;VEN17;SUC05;Venta Telefónica;Transferencia;Cancelada
VTA000696;27/07/2026;FAC-2026-000696;CLI0521;VEN17;SUC05;WhatsApp;Tarjeta Crédito;Completada
VTA000697;07/01/2026;FAC-2026-000697;CLI0358;VEN12;SUC06;Local;Tarjeta Débito;Completada
VTA000698;23/01/2026;FAC-2026-000698;CLI0468;VEN10;SUC04;Marketplace;Transferencia;Completada
VTA000699;10/01/2025;FAC-2025-000699;CLI0101;VEN10;SUC04;Marketplace;Tarjeta Crédito;Completada
VTA000700;01/05/2025;FAC-2025-000700;CLI0545;VEN08;SUC02;WhatsApp;Efectivo;Completada
VTA000701;10/01/2026;FAC-2026-000701;CLI0070;VEN10;SUC04;WhatsApp;Efectivo;Completada
VTA000702;26/02/2025;FAC-2025-000702;CLI0131;VEN07;SUC01;Venta Telefónica;Tarjeta Débito;Pendiente
VTA000703;15/05/2026;FAC-2026-000703;CLI0412;VEN10;SUC04;Marketplace;Efectivo;Completada
VTA000704;26/11/2025;FAC-2025-000704;CLI0484;VEN11;SUC05;WhatsApp;Tarjeta Débito;Completada
VTA000705;13/03/2026;FAC-2026-000705;CLI0282;VEN04;SUC04;WhatsApp;Tarjeta Débito;Completada
VTA000706;10/06/2026;FAC-2026-000706;CLI0282;VEN14;SUC02;Marketplace;Tarjeta Crédito;Completada
VTA000707;25/05/2026;FAC-2026-000707;CLI0448;VEN07;SUC01;WhatsApp;Tarjeta Crédito;Pendiente
VTA000708;20/05/2026;FAC-2026-000708;CLI0252;VEN13;SUC01;Local;Tarjeta Crédito;Completada
VTA000709;10/09/2025;FAC-2025-000709;CLI0067;VEN01;SUC01;Marketplace;Financiación Propia;Completada
VTA000710;05/05/2026;FAC-2026-000710;CLI0562;VEN03;SUC03;Marketplace;Tarjeta Débito;Completada
VTA000711;02/03/2025;FAC-2025-000711;CLI0536;VEN10;SUC04;WhatsApp;Financiación Propia;Completada
VTA000712;05/02/2025;FAC-2025-000712;CLI0324;VEN11;SUC05;Local;Transferencia;Completada
VTA000713;10/11/2025;FAC-2025-000713;CLI0344;VEN17;SUC05;WhatsApp;Tarjeta Crédito;Completada
VTA000714;07/07/2026;FAC-2026-000714;CLI0556;VEN07;SUC01;WhatsApp;Tarjeta Débito;Completada
VTA000715;23/05/2026;FAC-2026-000715;CLI0130;VEN04;SUC04;Local;Efectivo;Completada
VTA000716;12/03/2025;FAC-2025-000716;CLI0115;VEN13;SUC01;Marketplace;Tarjeta Crédito;Completada
VTA000717;18/02/2026;FAC-2026-000717;CLI0099;VEN07;SUC01;Marketplace;Transferencia;Completada
VTA000718;25/01/2026;FAC-2026-000718;CLI0418;VEN13;SUC01;Web;Tarjeta Crédito;Completada
VTA000719;08/12/2025;FAC-2025-000719;CLI0549;VEN10;SUC04;Local;Transferencia;Completada
VTA000720;10/04/2025;FAC-2025-000720;CLI0475;VEN15;SUC03;Marketplace;Tarjeta Débito;Completada
VTA000721;21/12/2025;FAC-2025-000721;CLI0151;VEN16;SUC04;Venta Telefónica;Efectivo;Completada
VTA000722;20/06/2025;FAC-2025-000722;CLI0199;VEN02;SUC02;Local;Financiación Propia;Completada
VTA000723;04/07/2026;FAC-2026-000723;CLI0099;VEN18;SUC06;Venta Telefónica;Efectivo;Completada
VTA000724;12/02/2025;FAC-2025-000724;CLI0557;VEN03;SUC03;Local;Efectivo;Completada
VTA000725;27/03/2025;FAC-2025-000725;CLI0509;VEN01;SUC01;WhatsApp;Tarjeta Débito;Completada
VTA000726;25/05/2026;FAC-2026-000726;CLI0481;VEN05;SUC05;Marketplace;Tarjeta Crédito;Completada
VTA000727;28/01/2025;FAC-2025-000727;CLI0369;VEN02;SUC02;Venta Telefónica;Financiación Propia;Completada
VTA000728;20/02/2025;FAC-2025-000728;CLI0312;VEN09;SUC03;WhatsApp;Tarjeta Crédito;Completada
VTA000729;12/01/2026;FAC-2026-000729;CLI0547;VEN13;SUC01;Local;Tarjeta Débito;Cancelada
VTA000730;07/06/2026;FAC-2026-000730;CLI0368;VEN15;SUC03;WhatsApp;Transferencia;Completada
VTA000731;15/03/2026;FAC-2026-000731;CLI0023;VEN01;SUC01;Marketplace;Transferencia;Completada
VTA000732;23/05/2025;FAC-2025-000732;CLI0390;VEN07;SUC01;Venta Telefónica;Tarjeta Crédito;Completada
VTA000733;23/08/2025;FAC-2025-000733;CLI0449;VEN07;SUC01;WhatsApp;Financiación Propia;Completada
VTA000734;17/05/2025;FAC-2025-000734;CLI0248;VEN05;SUC05;Marketplace;Transferencia;Completada
VTA000735;11/06/2025;FAC-2025-000735;CLI0591;VEN03;SUC03;Web;Tarjeta Crédito;Completada
VTA000736;23/07/2026;FAC-2026-000736;CLI0597;VEN02;SUC02;Web;Financiación Propia;Completada
VTA000737;08/09/2025;FAC-2025-000737;CLI0534;VEN18;SUC06;Marketplace;Transferencia;Completada
VTA000738;20/09/2025;FAC-2025-000738;CLI0424;VEN05;SUC05;Web;Tarjeta Crédito;Completada
VTA000739;10/04/2025;FAC-2025-000739;CLI0289;VEN02;SUC02;WhatsApp;Efectivo;Completada
VTA000740;15/03/2025;FAC-2025-000740;CLI0562;VEN02;SUC02;Marketplace;Transferencia;Completada
VTA000741;13/09/2025;FAC-2025-000741;CLI0286;VEN17;SUC05;Web;Tarjeta Débito;Completada
VTA000742;13/05/2025;FAC-2025-000742;CLI0238;VEN06;SUC06;Venta Telefónica;Tarjeta Débito;Completada
VTA000743;15/05/2026;FAC-2026-000743;CLI0022;VEN17;SUC05;Web;Financiación Propia;Completada
VTA000744;24/03/2026;FAC-2026-000744;CLI0169;VEN10;SUC04;Web;Financiación Propia;Completada
VTA000745;29/10/2025;FAC-2025-000745;CLI0563;VEN11;SUC05;Local;Transferencia;Completada
VTA000746;20/06/2026;FAC-2026-000746;CLI0433;VEN12;SUC06;WhatsApp;Transferencia;Completada
VTA000747;04/04/2026;FAC-2026-000747;CLI0387;VEN03;SUC03;Marketplace;Tarjeta Crédito;Completada
VTA000748;11/07/2025;FAC-2025-000748;CLI0532;VEN06;SUC06;Local;Tarjeta Débito;Completada
VTA000749;19/01/2026;FAC-2026-000749;CLI0529;VEN11;SUC05;Local;Transferencia;Completada
VTA000750;28/02/2025;FAC-2025-000750;CLI0157;VEN06;SUC06;Marketplace;Efectivo;Completada
VTA000751;08/03/2025;FAC-2025-000751;CLI0033;VEN17;SUC05;Venta Telefónica;Tarjeta Crédito;Completada
VTA000752;20/03/2025;FAC-2025-000752;CLI0483;VEN10;SUC04;Marketplace;Transferencia;Completada
VTA000753;26/04/2025;FAC-2025-000753;CLI0053;VEN01;SUC01;WhatsApp;Transferencia;Completada
VTA000754;07/03/2025;FAC-2025-000754;CLI0501;VEN15;SUC03;Local;Efectivo;Completada
VTA000755;01/07/2026;FAC-2026-000755;CLI0013;VEN02;SUC02;Venta Telefónica;Tarjeta Débito;Completada
VTA000756;12/05/2025;FAC-2025-000756;CLI0195;VEN13;SUC01;Venta Telefónica;Transferencia;Completada
VTA000757;07/09/2025;FAC-2025-000757;CLI0118;VEN02;SUC02;Venta Telefónica;Efectivo;Completada
VTA000758;27/05/2025;FAC-2025-000758;CLI0386;VEN02;SUC02;Marketplace;Tarjeta Crédito;Completada
VTA000759;18/01/2026;FAC-2026-000759;CLI0069;VEN14;SUC02;Venta Telefónica;Efectivo;Completada
VTA000760;05/01/2025;FAC-2025-000760;CLI0600;VEN07;SUC01;WhatsApp;Financiación Propia;Completada
VTA000761;05/08/2025;FAC-2025-000761;CLI0566;VEN13;SUC01;Marketplace;Tarjeta Crédito;Completada
VTA000762;20/02/2026;FAC-2026-000762;CLI0204;VEN06;SUC06;Web;Tarjeta Crédito;Completada
VTA000763;25/09/2025;FAC-2025-000763;CLI0288;VEN10;SUC04;Web;Efectivo;Completada
VTA000764;09/02/2026;FAC-2026-000764;CLI0322;VEN11;SUC05;WhatsApp;Financiación Propia;Completada
VTA000765;10/05/2025;FAC-2025-000765;CLI0168;VEN15;SUC03;Marketplace;Tarjeta Crédito;Completada
VTA000766;30/01/2025;FAC-2025-000766;CLI0376;VEN07;SUC01;Marketplace;Tarjeta Débito;Completada
VTA000767;05/03/2025;FAC-2025-000767;CLI0288;VEN18;SUC06;WhatsApp;Financiación Propia;Completada
VTA000768;10/02/2025;FAC-2025-000768;CLI0135;VEN10;SUC04;Marketplace;Tarjeta Débito;Completada
VTA000769;03/01/2025;FAC-2025-000769;CLI0204;VEN14;SUC02;Web;Tarjeta Crédito;Completada
VTA000770;03/04/2025;FAC-2025-000770;CLI0580;VEN04;SUC04;Venta Telefónica;Tarjeta Débito;Completada
VTA000771;13/05/2026;FAC-2026-000771;CLI0461;VEN13;SUC01;WhatsApp;Financiación Propia;Completada
VTA000772;03/04/2025;FAC-2025-000772;CLI0344;VEN12;SUC06;Local;Transferencia;Completada
VTA000773;24/05/2025;FAC-2025-000773;CLI0486;VEN16;SUC04;Web;Efectivo;Completada
VTA000774;05/03/2026;FAC-2026-000774;CLI0304;VEN14;SUC02;Local;Financiación Propia;Completada
VTA000775;04/10/2025;FAC-2025-000775;CLI0072;VEN04;SUC04;WhatsApp;Efectivo;Completada
VTA000776;25/05/2026;FAC-2026-000776;CLI0047;VEN17;SUC05;WhatsApp;Tarjeta Crédito;Completada
VTA000777;11/03/2026;FAC-2026-000777;CLI0166;VEN16;SUC04;WhatsApp;Tarjeta Débito;Completada
VTA000778;09/03/2026;FAC-2026-000778;CLI0384;VEN02;SUC02;Venta Telefónica;Financiación Propia;Completada
VTA000779;08/08/2025;FAC-2025-000779;CLI0560;VEN01;SUC01;Venta Telefónica;Tarjeta Débito;Completada
VTA000780;18/06/2026;FAC-2026-000780;CLI0552;VEN12;SUC06;Local;Tarjeta Débito;Completada
VTA000781;07/10/2025;FAC-2025-000781;CLI0353;VEN18;SUC06;Venta Telefónica;Transferencia;Completada
VTA000782;12/06/2025;FAC-2025-000782;CLI0167;VEN14;SUC02;Local;Transferencia;Completada
VTA000783;26/04/2025;FAC-2025-000783;CLI0159;VEN08;SUC02;Marketplace;Financiación Propia;Completada
VTA000784;30/11/2025;FAC-2025-000784;CLI0163;VEN18;SUC06;WhatsApp;Efectivo;Completada
VTA000785;17/10/2025;FAC-2025-000785;CLI0043;VEN07;SUC01;Web;Tarjeta Crédito;Pendiente
VTA000786;20/04/2025;FAC-2025-000786;CLI0171;VEN10;SUC04;Local;Tarjeta Crédito;Completada
VTA000787;05/03/2026;FAC-2026-000787;CLI0361;VEN08;SUC02;WhatsApp;Financiación Propia;Completada
VTA000788;27/11/2025;FAC-2025-000788;CLI0573;VEN18;SUC06;Web;Transferencia;Completada
VTA000789;27/11/2025;FAC-2025-000789;CLI0023;VEN13;SUC01;Local;Tarjeta Crédito;Completada
VTA000790;07/10/2025;FAC-2025-000790;CLI0527;VEN16;SUC04;Web;Transferencia;Completada
VTA000791;20/06/2025;FAC-2025-000791;CLI0579;VEN13;SUC01;Marketplace;Tarjeta Débito;Completada
VTA000792;22/01/2026;FAC-2026-000792;CLI0365;VEN10;SUC04;Local;Tarjeta Débito;Completada
VTA000793;22/05/2026;FAC-2026-000793;CLI0317;VEN01;SUC01;Local;Efectivo;Completada
VTA000794;31/07/2025;FAC-2025-000794;CLI0436;VEN02;SUC02;WhatsApp;Efectivo;Completada
VTA000795;19/06/2026;FAC-2026-000795;CLI0541;VEN10;SUC04;WhatsApp;Tarjeta Crédito;Completada
VTA000796;27/07/2026;FAC-2026-000796;CLI0508;VEN16;SUC04;Venta Telefónica;Financiación Propia;Completada
VTA000797;24/10/2025;FAC-2025-000797;CLI0452;VEN09;SUC03;Marketplace;Financiación Propia;Completada
VTA000798;21/06/2025;FAC-2025-000798;CLI0202;VEN06;SUC06;Venta Telefónica;Tarjeta Crédito;Completada
VTA000799;27/03/2025;FAC-2025-000799;CLI0208;VEN02;SUC02;WhatsApp;Tarjeta Débito;Completada
VTA000800;16/03/2026;FAC-2026-000800;CLI0048;VEN05;SUC05;Marketplace;Tarjeta Crédito;Completada
VTA000801;29/12/2025;FAC-2025-000801;CLI0017;VEN02;SUC02;Venta Telefónica;Tarjeta Débito;Completada
VTA000802;04/01/2026;FAC-2026-000802;CLI0029;VEN07;SUC01;Marketplace;Tarjeta Crédito;Cancelada
VTA000803;02/03/2025;FAC-2025-000803;CLI0380;VEN12;SUC06;Marketplace;Financiación Propia;Completada
VTA000804;03/10/2025;FAC-2025-000804;CLI0293;VEN01;SUC01;Marketplace;Tarjeta Crédito;Completada
VTA000805;24/01/2025;FAC-2025-000805;CLI0441;VEN04;SUC04;Local;Efectivo;Completada
VTA000806;09/01/2026;FAC-2026-000806;CLI0108;VEN16;SUC04;Local;Tarjeta Crédito;Completada
VTA000807;27/06/2025;FAC-2025-000807;CLI0509;VEN15;SUC03;Venta Telefónica;Tarjeta Crédito;Completada
VTA000808;23/08/2025;FAC-2025-000808;CLI0215;VEN10;SUC04;Marketplace;Financiación Propia;Completada
VTA000809;05/03/2026;FAC-2026-000809;CLI0389;VEN07;SUC01;Marketplace;Tarjeta Crédito;Completada
VTA000810;02/12/2025;FAC-2025-000810;CLI0268;VEN10;SUC04;Web;Tarjeta Crédito;Completada
VTA000811;01/05/2025;FAC-2025-000811;CLI0366;VEN14;SUC02;Venta Telefónica;Tarjeta Débito;Completada
VTA000812;31/03/2026;FAC-2026-000812;CLI0331;VEN02;SUC02;Venta Telefónica;Tarjeta Débito;Completada
VTA000813;26/01/2026;FAC-2026-000813;CLI0121;VEN02;SUC02;Venta Telefónica;Tarjeta Débito;Completada
VTA000814;25/03/2025;FAC-2025-000814;CLI0091;VEN02;SUC02;Marketplace;Tarjeta Débito;Completada
VTA000815;13/06/2025;FAC-2025-000815;CLI0176;VEN07;SUC01;Local;Tarjeta Débito;Completada
VTA000816;10/08/2025;FAC-2025-000816;CLI0236;VEN15;SUC03;Web;Tarjeta Débito;Completada
VTA000817;24/05/2025;FAC-2025-000817;CLI0495;VEN08;SUC02;Marketplace;Financiación Propia;Completada
VTA000818;23/12/2025;FAC-2025-000818;CLI0139;VEN05;SUC05;Local;Tarjeta Débito;Completada
VTA000819;28/11/2025;FAC-2025-000819;CLI0306;VEN18;SUC06;Web;Tarjeta Crédito;Completada
VTA000820;31/07/2025;FAC-2025-000820;CLI0007;VEN16;SUC04;Web;Transferencia;Completada
VTA000821;11/01/2026;FAC-2026-000821;CLI0114;VEN04;SUC04;Web;Efectivo;Completada
VTA000822;08/07/2026;FAC-2026-000822;CLI0238;VEN11;SUC05;WhatsApp;Efectivo;Completada
VTA000823;03/06/2026;FAC-2026-000823;CLI0336;VEN03;SUC03;Venta Telefónica;Transferencia;Cancelada
VTA000824;16/08/2025;FAC-2025-000824;CLI0510;VEN09;SUC03;Local;Tarjeta Débito;Completada
VTA000825;25/02/2025;FAC-2025-000825;CLI0077;VEN16;SUC04;Web;Financiación Propia;Completada
VTA000826;09/03/2026;FAC-2026-000826;CLI0528;VEN17;SUC05;Venta Telefónica;Financiación Propia;Completada
VTA000827;18/02/2025;FAC-2025-000827;CLI0131;VEN06;SUC06;Marketplace;Financiación Propia;Completada
VTA000828;02/02/2025;FAC-2025-000828;CLI0322;VEN10;SUC04;Marketplace;Tarjeta Débito;Completada
VTA000829;26/03/2025;FAC-2025-000829;CLI0085;VEN12;SUC06;Venta Telefónica;Tarjeta Crédito;Completada
VTA000830;13/09/2025;FAC-2025-000830;CLI0149;VEN16;SUC04;Local;Financiación Propia;Cancelada
VTA000831;30/05/2026;FAC-2026-000831;CLI0521;VEN09;SUC03;Marketplace;Transferencia;Completada
VTA000832;31/07/2026;FAC-2026-000832;CLI0106;VEN18;SUC06;Web;Financiación Propia;Completada
VTA000833;07/07/2025;FAC-2025-000833;CLI0359;VEN11;SUC05;WhatsApp;Efectivo;Completada
VTA000834;12/07/2026;FAC-2026-000834;CLI0543;VEN15;SUC03;WhatsApp;Tarjeta Débito;Completada
VTA000835;30/06/2025;FAC-2025-000835;CLI0379;VEN12;SUC06;Venta Telefónica;Tarjeta Crédito;Completada
VTA000836;28/05/2025;FAC-2025-000836;CLI0127;VEN17;SUC05;Web;Tarjeta Crédito;Completada
VTA000837;15/05/2026;FAC-2026-000837;CLI0311;VEN13;SUC01;Venta Telefónica;Efectivo;Completada
VTA000838;22/09/2025;FAC-2025-000838;CLI0440;VEN15;SUC03;Web;Efectivo;Completada
VTA000839;17/04/2026;FAC-2026-000839;CLI0561;VEN15;SUC03;Marketplace;Efectivo;Completada
VTA000840;12/11/2025;FAC-2025-000840;CLI0534;VEN18;SUC06;Web;Tarjeta Débito;Completada
VTA000841;27/05/2025;FAC-2025-000841;CLI0517;VEN06;SUC06;Marketplace;Financiación Propia;Completada
VTA000842;26/02/2026;FAC-2026-000842;CLI0471;VEN12;SUC06;Venta Telefónica;Transferencia;Completada
VTA000843;21/04/2026;FAC-2026-000843;CLI0058;VEN09;SUC03;Web;Financiación Propia;Completada
VTA000844;05/11/2025;FAC-2025-000844;CLI0245;VEN07;SUC01;Marketplace;Tarjeta Crédito;Completada
VTA000845;24/05/2025;FAC-2025-000845;CLI0568;VEN10;SUC04;WhatsApp;Transferencia;Completada
VTA000846;20/10/2025;FAC-2025-000846;CLI0041;VEN04;SUC04;Venta Telefónica;Tarjeta Débito;Completada
VTA000847;06/07/2025;FAC-2025-000847;CLI0299;VEN13;SUC01;Local;Tarjeta Crédito;Pendiente
VTA000848;16/07/2025;FAC-2025-000848;CLI0589;VEN11;SUC05;Local;Tarjeta Débito;Completada
VTA000849;26/12/2025;FAC-2025-000849;CLI0391;VEN17;SUC05;Web;Tarjeta Crédito;Completada
VTA000850;09/11/2025;FAC-2025-000850;CLI0219;VEN10;SUC04;Web;Efectivo;Completada
VTA000851;12/03/2026;FAC-2026-000851;CLI0288;VEN07;SUC01;Venta Telefónica;Tarjeta Débito;Completada
VTA000852;19/06/2025;FAC-2025-000852;CLI0045;VEN17;SUC05;Web;Transferencia;Completada
VTA000853;16/11/2025;FAC-2025-000853;CLI0205;VEN04;SUC04;Marketplace;Efectivo;Completada
VTA000854;20/02/2025;FAC-2025-000854;CLI0195;VEN11;SUC05;WhatsApp;Tarjeta Crédito;Completada
VTA000855;01/02/2025;FAC-2025-000855;CLI0416;VEN14;SUC02;Web;Financiación Propia;Completada
VTA000856;22/01/2025;FAC-2025-000856;CLI0171;VEN05;SUC05;WhatsApp;Transferencia;Completada
VTA000857;13/08/2025;FAC-2025-000857;CLI0578;VEN14;SUC02;Local;Financiación Propia;Completada
VTA000858;10/01/2025;FAC-2025-000858;CLI0481;VEN01;SUC01;WhatsApp;Tarjeta Crédito;Completada
VTA000859;04/07/2025;FAC-2025-000859;CLI0568;VEN04;SUC04;Venta Telefónica;Transferencia;Completada
VTA000860;06/03/2025;FAC-2025-000860;CLI0382;VEN08;SUC02;Web;Transferencia;Completada
VTA000861;14/07/2026;FAC-2026-000861;CLI0118;VEN17;SUC05;Web;Transferencia;Completada
VTA000862;11/01/2026;FAC-2026-000862;CLI0075;VEN13;SUC01;Web;Tarjeta Débito;Completada
VTA000863;08/06/2025;FAC-2025-000863;CLI0451;VEN06;SUC06;WhatsApp;Tarjeta Débito;Completada
VTA000864;30/12/2025;FAC-2025-000864;CLI0342;VEN05;SUC05;Venta Telefónica;Tarjeta Débito;Completada
VTA000865;04/03/2025;FAC-2025-000865;CLI0585;VEN09;SUC03;Local;Tarjeta Crédito;Completada
VTA000866;06/05/2025;FAC-2025-000866;CLI0187;VEN15;SUC03;Local;Transferencia;Completada
VTA000867;25/04/2026;FAC-2026-000867;CLI0179;VEN16;SUC04;Marketplace;Tarjeta Crédito;Completada
VTA000868;07/06/2026;FAC-2026-000868;CLI0006;VEN06;SUC06;Marketplace;Transferencia;Completada
VTA000869;24/04/2026;FAC-2026-000869;CLI0335;VEN18;SUC06;WhatsApp;Financiación Propia;Completada
VTA000870;06/02/2026;FAC-2026-000870;CLI0146;VEN05;SUC05;WhatsApp;Tarjeta Crédito;Completada
VTA000871;28/07/2025;FAC-2025-000871;CLI0016;VEN13;SUC01;Venta Telefónica;Tarjeta Débito;Completada
VTA000872;02/05/2026;FAC-2026-000872;CLI0071;VEN07;SUC01;WhatsApp;Financiación Propia;Completada
VTA000873;23/06/2026;FAC-2026-000873;CLI0166;VEN18;SUC06;Web;Financiación Propia;Completada
VTA000874;07/07/2026;FAC-2026-000874;CLI0580;VEN04;SUC04;Venta Telefónica;Financiación Propia;Completada
VTA000875;09/01/2025;FAC-2025-000875;CLI0237;VEN18;SUC06;Marketplace;Tarjeta Débito;Completada
VTA000876;27/09/2025;FAC-2025-000876;CLI0072;VEN04;SUC04;Marketplace;Financiación Propia;Completada
VTA000877;03/04/2025;FAC-2025-000877;CLI0303;VEN06;SUC06;Venta Telefónica;Tarjeta Crédito;Completada
VTA000878;15/09/2025;FAC-2025-000878;CLI0447;VEN18;SUC06;Marketplace;Transferencia;Completada
VTA000879;31/07/2026;FAC-2026-000879;CLI0287;VEN11;SUC05;Venta Telefónica;Financiación Propia;Completada
VTA000880;01/06/2026;FAC-2026-000880;CLI0058;VEN08;SUC02;Marketplace;Efectivo;Completada
VTA000881;22/08/2025;FAC-2025-000881;CLI0370;VEN08;SUC02;WhatsApp;Tarjeta Crédito;Completada
VTA000882;15/06/2026;FAC-2026-000882;CLI0045;VEN18;SUC06;WhatsApp;Transferencia;Completada
VTA000883;21/04/2025;FAC-2025-000883;CLI0447;VEN09;SUC03;Local;Efectivo;Completada
VTA000884;17/02/2025;FAC-2025-000884;CLI0206;VEN14;SUC02;WhatsApp;Financiación Propia;Completada
VTA000885;06/08/2025;FAC-2025-000885;CLI0269;VEN07;SUC01;Marketplace;Financiación Propia;Completada
VTA000886;16/09/2025;FAC-2025-000886;CLI0244;VEN10;SUC04;Local;Transferencia;Completada
VTA000887;26/07/2025;FAC-2025-000887;CLI0034;VEN04;SUC04;Local;Tarjeta Crédito;Completada
VTA000888;16/10/2025;FAC-2025-000888;CLI0470;VEN02;SUC02;Web;Transferencia;Completada
VTA000889;15/03/2026;FAC-2026-000889;CLI0196;VEN10;SUC04;Local;Efectivo;Completada
VTA000890;23/03/2026;FAC-2026-000890;CLI0036;VEN12;SUC06;Marketplace;Tarjeta Débito;Completada
VTA000891;24/12/2025;FAC-2025-000891;CLI0490;VEN11;SUC05;Venta Telefónica;Tarjeta Débito;Completada
VTA000892;15/02/2026;FAC-2026-000892;CLI0390;VEN08;SUC02;Venta Telefónica;Tarjeta Crédito;Completada
VTA000893;10/10/2025;FAC-2025-000893;CLI0103;VEN10;SUC04;Web;Financiación Propia;Completada
VTA000894;05/05/2025;FAC-2025-000894;CLI0136;VEN16;SUC04;Local;Efectivo;Completada
VTA000895;12/01/2026;FAC-2026-000895;CLI0046;VEN18;SUC06;Marketplace;Efectivo;Completada
VTA000896;11/05/2026;FAC-2026-000896;CLI0337;VEN14;SUC02;Venta Telefónica;Transferencia;Cancelada
VTA000897;15/05/2025;FAC-2025-000897;CLI0301;VEN12;SUC06;Marketplace;Tarjeta Débito;Completada
VTA000898;17/01/2026;FAC-2026-000898;CLI0334;VEN12;SUC06;Marketplace;Transferencia;Completada
VTA000899;22/09/2025;FAC-2025-000899;CLI0196;VEN13;SUC01;Venta Telefónica;Transferencia;Completada
VTA000900;14/10/2025;FAC-2025-000900;CLI0151;VEN06;SUC06;WhatsApp;Transferencia;Completada
VTA000901;29/09/2025;FAC-2025-000901;CLI0580;VEN08;SUC02;Marketplace;Tarjeta Débito;Completada
VTA000902;29/10/2025;FAC-2025-000902;CLI0600;VEN18;SUC06;WhatsApp;Transferencia;Completada
VTA000903;21/02/2025;FAC-2025-000903;CLI0349;VEN15;SUC03;Local;Financiación Propia;Completada
VTA000904;20/05/2025;FAC-2025-000904;CLI0558;VEN18;SUC06;WhatsApp;Financiación Propia;Cancelada
VTA000905;11/06/2025;FAC-2025-000905;CLI0580;VEN03;SUC03;Venta Telefónica;Tarjeta Crédito;Completada
VTA000906;09/01/2025;FAC-2025-000906;CLI0151;VEN12;SUC06;Venta Telefónica;Tarjeta Crédito;Completada
VTA000907;10/02/2026;FAC-2026-000907;CLI0566;VEN16;SUC04;Marketplace;Tarjeta Débito;Completada
VTA000908;13/02/2025;FAC-2025-000908;CLI0177;VEN01;SUC01;Web;Financiación Propia;Completada
VTA000909;14/12/2025;FAC-2025-000909;CLI0535;VEN05;SUC05;Venta Telefónica;Tarjeta Crédito;Completada
VTA000910;22/11/2025;FAC-2025-000910;CLI0377;VEN03;SUC03;Venta Telefónica;Transferencia;Completada
VTA000911;30/08/2025;FAC-2025-000911;CLI0233;VEN01;SUC01;Marketplace;Financiación Propia;Completada
VTA000912;19/01/2025;FAC-2025-000912;CLI0302;VEN10;SUC04;Marketplace;Transferencia;Completada
VTA000913;07/01/2026;FAC-2026-000913;CLI0511;VEN01;SUC01;Venta Telefónica;Efectivo;Completada
VTA000914;10/04/2026;FAC-2026-000914;CLI0365;VEN05;SUC05;WhatsApp;Financiación Propia;Completada
VTA000915;10/03/2026;FAC-2026-000915;CLI0402;VEN12;SUC06;Web;Tarjeta Crédito;Completada
VTA000916;10/12/2025;FAC-2025-000916;CLI0255;VEN05;SUC05;WhatsApp;Financiación Propia;Completada
VTA000917;04/07/2025;FAC-2025-000917;CLI0423;VEN15;SUC03;Local;Transferencia;Completada
VTA000918;27/01/2026;FAC-2026-000918;CLI0400;VEN17;SUC05;Local;Tarjeta Débito;Completada
VTA000919;01/12/2025;FAC-2025-000919;CLI0094;VEN12;SUC06;WhatsApp;Tarjeta Crédito;Completada
VTA000920;18/10/2025;FAC-2025-000920;CLI0567;VEN10;SUC04;Venta Telefónica;Financiación Propia;Completada
VTA000921;16/06/2026;FAC-2026-000921;CLI0060;VEN18;SUC06;Local;Tarjeta Crédito;Completada
VTA000922;16/06/2025;FAC-2025-000922;CLI0288;VEN07;SUC01;Local;Transferencia;Completada
VTA000923;07/11/2025;FAC-2025-000923;CLI0217;VEN11;SUC05;Venta Telefónica;Financiación Propia;Completada
VTA000924;19/08/2025;FAC-2025-000924;CLI0107;VEN09;SUC03;Marketplace;Financiación Propia;Completada
VTA000925;29/03/2025;FAC-2025-000925;CLI0115;VEN04;SUC04;WhatsApp;Tarjeta Crédito;Completada
VTA000926;19/01/2026;FAC-2026-000926;CLI0022;VEN02;SUC02;Web;Transferencia;Cancelada
VTA000927;21/04/2026;FAC-2026-000927;CLI0503;VEN09;SUC03;Marketplace;Financiación Propia;Completada
VTA000928;12/01/2025;FAC-2025-000928;CLI0191;VEN14;SUC02;Web;Transferencia;Completada
VTA000929;25/07/2026;FAC-2026-000929;CLI0341;VEN13;SUC01;WhatsApp;Efectivo;Completada
VTA000930;03/12/2025;FAC-2025-000930;CLI0014;VEN14;SUC02;Venta Telefónica;Tarjeta Débito;Completada
VTA000931;18/04/2025;FAC-2025-000931;CLI0597;VEN11;SUC05;Local;Tarjeta Crédito;Completada
VTA000932;08/03/2025;FAC-2025-000932;CLI0529;VEN13;SUC01;Web;Tarjeta Crédito;Completada
VTA000933;08/05/2026;FAC-2026-000933;CLI0497;VEN01;SUC01;Local;Tarjeta Crédito;Completada
VTA000934;16/07/2025;FAC-2025-000934;CLI0289;VEN17;SUC05;WhatsApp;Transferencia;Completada
VTA000935;05/04/2025;FAC-2025-000935;CLI0184;VEN17;SUC05;Venta Telefónica;Efectivo;Completada
VTA000936;29/03/2025;FAC-2025-000936;CLI0546;VEN10;SUC04;Venta Telefónica;Efectivo;Completada
VTA000937;22/12/2025;FAC-2025-000937;CLI0135;VEN12;SUC06;Venta Telefónica;Transferencia;Completada
VTA000938;08/02/2026;FAC-2026-000938;CLI0471;VEN08;SUC02;Venta Telefónica;Tarjeta Débito;Completada
VTA000939;11/06/2025;FAC-2025-000939;CLI0558;VEN08;SUC02;Local;Tarjeta Crédito;Completada
VTA000940;28/05/2025;FAC-2025-000940;CLI0094;VEN06;SUC06;Web;Transferencia;Cancelada
VTA000941;27/07/2026;FAC-2026-000941;CLI0023;VEN13;SUC01;Web;Efectivo;Completada
VTA000942;30/11/2025;FAC-2025-000942;CLI0173;VEN02;SUC02;WhatsApp;Tarjeta Débito;Completada
VTA000943;05/02/2025;FAC-2025-000943;CLI0330;VEN06;SUC06;Web;Tarjeta Crédito;Completada
VTA000944;17/05/2026;FAC-2026-000944;CLI0447;VEN14;SUC02;Local;Tarjeta Débito;Completada
VTA000945;10/05/2025;FAC-2025-000945;CLI0146;VEN09;SUC03;Marketplace;Financiación Propia;Completada
VTA000946;17/07/2025;FAC-2025-000946;CLI0443;VEN17;SUC05;Venta Telefónica;Tarjeta Débito;Completada
VTA000947;05/05/2026;FAC-2026-000947;CLI0112;VEN06;SUC06;Web;Tarjeta Débito;Completada
VTA000948;31/10/2025;FAC-2025-000948;CLI0547;VEN15;SUC03;Venta Telefónica;Financiación Propia;Completada
VTA000949;24/08/2025;FAC-2025-000949;CLI0227;VEN01;SUC01;Venta Telefónica;Efectivo;Completada
VTA000950;22/04/2026;FAC-2026-000950;CLI0363;VEN12;SUC06;WhatsApp;Financiación Propia;Completada
VTA000951;09/03/2026;FAC-2026-000951;CLI0549;VEN18;SUC06;Marketplace;Tarjeta Crédito;Completada
VTA000952;15/10/2025;FAC-2025-000952;CLI0272;VEN11;SUC05;Marketplace;Tarjeta Débito;Completada
VTA000953;15/06/2025;FAC-2025-000953;CLI0523;VEN09;SUC03;Web;Tarjeta Crédito;Completada
VTA000954;16/10/2025;FAC-2025-000954;CLI0291;VEN15;SUC03;Venta Telefónica;Efectivo;Completada
VTA000955;16/03/2025;FAC-2025-000955;CLI0293;VEN04;SUC04;WhatsApp;Tarjeta Crédito;Completada
VTA000956;08/01/2026;FAC-2026-000956;CLI0378;VEN17;SUC05;WhatsApp;Transferencia;Completada
VTA000957;20/01/2025;FAC-2025-000957;CLI0401;VEN12;SUC06;Web;Tarjeta Débito;Completada
VTA000958;11/09/2025;FAC-2025-000958;CLI0104;VEN05;SUC05;Marketplace;Financiación Propia;Completada
VTA000959;21/12/2025;FAC-2025-000959;CLI0585;VEN01;SUC01;Venta Telefónica;Tarjeta Crédito;Completada
VTA000960;26/10/2025;FAC-2025-000960;CLI0218;VEN17;SUC05;Venta Telefónica;Financiación Propia;Completada
VTA000961;24/07/2025;FAC-2025-000961;CLI0375;VEN10;SUC04;WhatsApp;Tarjeta Crédito;Completada
VTA000962;25/07/2026;FAC-2026-000962;CLI0246;VEN11;SUC05;Marketplace;Tarjeta Crédito;Completada
VTA000963;03/12/2025;FAC-2025-000963;CLI0315;VEN14;SUC02;Web;Financiación Propia;Completada
VTA000964;10/07/2025;FAC-2025-000964;CLI0539;VEN02;SUC02;Marketplace;Financiación Propia;Completada
VTA000965;04/08/2025;FAC-2025-000965;CLI0066;VEN15;SUC03;Venta Telefónica;Tarjeta Débito;Completada
VTA000966;23/02/2026;FAC-2026-000966;CLI0596;VEN04;SUC04;Venta Telefónica;Efectivo;Completada
VTA000967;19/07/2026;FAC-2026-000967;CLI0585;VEN13;SUC01;WhatsApp;Tarjeta Débito;Completada
VTA000968;27/12/2025;FAC-2025-000968;CLI0403;VEN18;SUC06;Marketplace;Tarjeta Crédito;Completada
VTA000969;14/12/2025;FAC-2025-000969;CLI0504;VEN03;SUC03;Marketplace;Efectivo;Completada
VTA000970;29/10/2025;FAC-2025-000970;CLI0221;VEN01;SUC01;Web;Financiación Propia;Completada
VTA000971;02/12/2025;FAC-2025-000971;CLI0266;VEN07;SUC01;Venta Telefónica;Tarjeta Débito;Completada
VTA000972;04/05/2025;FAC-2025-000972;CLI0184;VEN09;SUC03;Marketplace;Tarjeta Crédito;Completada
VTA000973;06/05/2025;FAC-2025-000973;CLI0039;VEN08;SUC02;WhatsApp;Tarjeta Débito;Completada
VTA000974;25/12/2025;FAC-2025-000974;CLI0573;VEN02;SUC02;Venta Telefónica;Efectivo;Completada
VTA000975;04/05/2026;FAC-2026-000975;CLI0498;VEN16;SUC04;Marketplace;Tarjeta Crédito;Completada
VTA000976;02/01/2026;FAC-2026-000976;CLI0469;VEN07;SUC01;Marketplace;Tarjeta Débito;Completada
VTA000977;08/03/2025;FAC-2025-000977;CLI0028;VEN04;SUC04;Venta Telefónica;Tarjeta Débito;Completada
VTA000978;21/05/2025;FAC-2025-000978;CLI0153;VEN09;SUC03;Marketplace;Tarjeta Débito;Completada
VTA000979;24/05/2026;FAC-2026-000979;CLI0331;VEN13;SUC01;Local;Financiación Propia;Completada
VTA000980;05/05/2026;FAC-2026-000980;CLI0011;VEN04;SUC04;Venta Telefónica;Transferencia;Completada
VTA000981;02/05/2025;FAC-2025-000981;CLI0561;VEN14;SUC02;Local;Efectivo;Completada
VTA000982;02/04/2026;FAC-2026-000982;CLI0073;VEN10;SUC04;Venta Telefónica;Tarjeta Débito;Completada
VTA000983;31/07/2026;FAC-2026-000983;CLI0581;VEN09;SUC03;Web;Tarjeta Débito;Completada
VTA000984;01/03/2025;FAC-2025-000984;CLI0234;VEN04;SUC04;Local;Tarjeta Débito;Completada
VTA000985;07/06/2026;FAC-2026-000985;CLI0277;VEN08;SUC02;Venta Telefónica;Tarjeta Débito;Completada
VTA000986;01/07/2026;FAC-2026-000986;CLI0550;VEN07;SUC01;Local;Transferencia;Completada
VTA000987;28/03/2026;FAC-2026-000987;CLI0510;VEN07;SUC01;WhatsApp;Transferencia;Completada
VTA000988;20/12/2025;FAC-2025-000988;CLI0338;VEN11;SUC05;Venta Telefónica;Financiación Propia;Completada
VTA000989;09/03/2026;FAC-2026-000989;CLI0562;VEN06;SUC06;Marketplace;Efectivo;Completada
VTA000990;19/05/2025;FAC-2025-000990;CLI0316;VEN17;SUC05;Marketplace;Transferencia;Completada
VTA000991;05/05/2025;FAC-2025-000991;CLI0412;VEN12;SUC06;Marketplace;Efectivo;Pendiente
VTA000992;07/10/2025;FAC-2025-000992;CLI0502;VEN11;SUC05;Local;Transferencia;Completada
VTA000993;02/02/2025;FAC-2025-000993;CLI0208;VEN17;SUC05;WhatsApp;Financiación Propia;Completada
VTA000994;26/01/2026;FAC-2026-000994;CLI0146;VEN09;SUC03;WhatsApp;Financiación Propia;Completada
VTA000995;09/01/2026;FAC-2026-000995;CLI0244;VEN17;SUC05;Web;Efectivo;Completada
VTA000996;21/05/2025;FAC-2025-000996;CLI0489;VEN17;SUC05;Local;Financiación Propia;Completada
VTA000997;13/03/2026;FAC-2026-000997;CLI0064;VEN11;SUC05;Marketplace;Financiación Propia;Completada
VTA000998;19/09/2025;FAC-2025-000998;CLI0047;VEN02;SUC02;Venta Telefónica;Tarjeta Crédito;Completada
VTA000999;13/12/2025;FAC-2025-000999;CLI0283;VEN12;SUC06;Local;Tarjeta Débito;Completada
VTA001000;30/08/2025;FAC-2025-001000;CLI0314;VEN10;SUC04;Web;Efectivo;Completada
VTA001001;24/10/2025;FAC-2025-001001;CLI0424;VEN14;SUC02;Marketplace;Tarjeta Débito;Completada
VTA001002;20/05/2026;FAC-2026-001002;CLI0403;VEN13;SUC01;Local;Financiación Propia;Completada
VTA001003;03/12/2025;FAC-2025-001003;CLI0381;VEN12;SUC06;Web;Tarjeta Crédito;Completada
VTA001004;29/03/2025;FAC-2025-001004;CLI0376;VEN09;SUC03;Marketplace;Transferencia;Completada
VTA001005;20/05/2026;FAC-2026-001005;CLI0397;VEN06;SUC06;Web;Efectivo;Completada
VTA001006;07/03/2025;FAC-2025-001006;CLI0167;VEN05;SUC05;Venta Telefónica;Tarjeta Crédito;Completada
VTA001007;12/08/2025;FAC-2025-001007;CLI0571;VEN12;SUC06;Venta Telefónica;Transferencia;Completada
VTA001008;26/02/2026;FAC-2026-001008;CLI0379;VEN17;SUC05;Marketplace;Financiación Propia;Completada
VTA001009;16/10/2025;FAC-2025-001009;CLI0021;VEN04;SUC04;Venta Telefónica;Efectivo;Completada
VTA001010;18/04/2025;FAC-2025-001010;CLI0029;VEN03;SUC03;Local;Transferencia;Completada
VTA001011;19/01/2025;FAC-2025-001011;CLI0491;VEN17;SUC05;WhatsApp;Efectivo;Completada
VTA001012;19/02/2025;FAC-2025-001012;CLI0527;VEN18;SUC06;Marketplace;Financiación Propia;Completada
VTA001013;12/11/2025;FAC-2025-001013;CLI0183;VEN01;SUC01;Marketplace;Transferencia;Completada
VTA001014;18/02/2025;FAC-2025-001014;CLI0424;VEN03;SUC03;WhatsApp;Transferencia;Completada
VTA001015;07/09/2025;FAC-2025-001015;CLI0492;VEN10;SUC04;Local;Efectivo;Completada
VTA001016;19/04/2025;FAC-2025-001016;CLI0353;VEN16;SUC04;Local;Tarjeta Débito;Completada
VTA001017;07/10/2025;FAC-2025-001017;CLI0494;VEN13;SUC01;WhatsApp;Transferencia;Completada
VTA001018;01/09/2025;FAC-2025-001018;CLI0081;VEN10;SUC04;Web;Efectivo;Completada
VTA001019;03/06/2025;FAC-2025-001019;CLI0296;VEN06;SUC06;WhatsApp;Efectivo;Completada
VTA001020;13/09/2025;FAC-2025-001020;CLI0467;VEN15;SUC03;Web;Transferencia;Cancelada
VTA001021;28/01/2026;FAC-2026-001021;CLI0066;VEN08;SUC02;WhatsApp;Efectivo;Completada
VTA001022;13/07/2025;FAC-2025-001022;CLI0135;VEN12;SUC06;WhatsApp;Transferencia;Completada
VTA001023;26/09/2025;FAC-2025-001023;CLI0554;VEN05;SUC05;Local;Efectivo;Completada
VTA001024;21/09/2025;FAC-2025-001024;CLI0528;VEN01;SUC01;WhatsApp;Transferencia;Completada
VTA001025;10/06/2026;FAC-2026-001025;CLI0509;VEN09;SUC03;Marketplace;Tarjeta Débito;Completada
VTA001026;26/05/2026;FAC-2026-001026;CLI0262;VEN06;SUC06;Web;Efectivo;Completada
VTA001027;02/10/2025;FAC-2025-001027;CLI0088;VEN13;SUC01;WhatsApp;Tarjeta Débito;Completada
VTA001028;12/05/2026;FAC-2026-001028;CLI0505;VEN14;SUC02;WhatsApp;Efectivo;Pendiente
VTA001029;20/03/2026;FAC-2026-001029;CLI0293;VEN17;SUC05;Venta Telefónica;Financiación Propia;Completada
VTA001030;09/10/2025;FAC-2025-001030;CLI0022;VEN06;SUC06;Marketplace;Tarjeta Débito;Completada
VTA001031;17/07/2025;FAC-2025-001031;CLI0260;VEN14;SUC02;Web;Tarjeta Débito;Completada
VTA001032;10/12/2025;FAC-2025-001032;CLI0078;VEN06;SUC06;WhatsApp;Tarjeta Crédito;Completada
VTA001033;17/12/2025;FAC-2025-001033;CLI0577;VEN10;SUC04;WhatsApp;Transferencia;Completada
VTA001034;09/05/2025;FAC-2025-001034;CLI0006;VEN09;SUC03;Marketplace;Transferencia;Completada
VTA001035;11/06/2026;FAC-2026-001035;CLI0264;VEN07;SUC01;Venta Telefónica;Tarjeta Débito;Completada
VTA001036;24/01/2026;FAC-2026-001036;CLI0205;VEN10;SUC04;Marketplace;Tarjeta Crédito;Completada
VTA001037;16/01/2026;FAC-2026-001037;CLI0574;VEN12;SUC06;Venta Telefónica;Transferencia;Completada
VTA001038;11/03/2025;FAC-2025-001038;CLI0259;VEN13;SUC01;Marketplace;Efectivo;Completada
VTA001039;30/04/2025;FAC-2025-001039;CLI0303;VEN10;SUC04;Local;Transferencia;Completada
VTA001040;12/12/2025;FAC-2025-001040;CLI0121;VEN04;SUC04;Venta Telefónica;Tarjeta Crédito;Completada
VTA001041;26/01/2026;FAC-2026-001041;CLI0114;VEN13;SUC01;WhatsApp;Tarjeta Débito;Completada
VTA001042;12/11/2025;FAC-2025-001042;CLI0488;VEN02;SUC02;Venta Telefónica;Tarjeta Débito;Completada
VTA001043;28/04/2026;FAC-2026-001043;CLI0035;VEN11;SUC05;Web;Transferencia;Completada
VTA001044;25/01/2025;FAC-2025-001044;CLI0256;VEN09;SUC03;Web;Financiación Propia;Completada
VTA001045;24/01/2025;FAC-2025-001045;CLI0066;VEN06;SUC06;WhatsApp;Efectivo;Completada
VTA001046;27/05/2025;FAC-2025-001046;CLI0520;VEN13;SUC01;Venta Telefónica;Transferencia;Completada
VTA001047;02/03/2026;FAC-2026-001047;CLI0297;VEN07;SUC01;Marketplace;Financiación Propia;Completada
VTA001048;15/06/2026;FAC-2026-001048;CLI0125;VEN04;SUC04;Local;Tarjeta Débito;Completada
VTA001049;11/04/2026;FAC-2026-001049;CLI0303;VEN08;SUC02;Local;Financiación Propia;Completada
VTA001050;30/06/2025;FAC-2025-001050;CLI0548;VEN09;SUC03;Web;Tarjeta Crédito;Completada
VTA001051;02/05/2025;FAC-2025-001051;CLI0509;VEN14;SUC02;Local;Transferencia;Completada
VTA001052;05/09/2025;FAC-2025-001052;CLI0210;VEN12;SUC06;Venta Telefónica;Transferencia;Completada
VTA001053;19/12/2025;FAC-2025-001053;CLI0418;VEN03;SUC03;Web;Efectivo;Completada
VTA001054;04/01/2026;FAC-2026-001054;CLI0387;VEN16;SUC04;Web;Tarjeta Crédito;Completada
VTA001055;20/03/2026;FAC-2026-001055;CLI0282;VEN15;SUC03;Marketplace;Efectivo;Completada
VTA001056;14/03/2026;FAC-2026-001056;CLI0141;VEN02;SUC02;Web;Financiación Propia;Completada
VTA001057;02/11/2025;FAC-2025-001057;CLI0594;VEN05;SUC05;Local;Tarjeta Crédito;Completada
VTA001058;21/01/2026;FAC-2026-001058;CLI0001;VEN08;SUC02;WhatsApp;Efectivo;Completada
VTA001059;12/01/2025;FAC-2025-001059;CLI0520;VEN18;SUC06;Local;Efectivo;Completada
VTA001060;08/07/2026;FAC-2026-001060;CLI0543;VEN04;SUC04;Venta Telefónica;Tarjeta Débito;Completada
VTA001061;07/11/2025;FAC-2025-001061;CLI0380;VEN04;SUC04;WhatsApp;Tarjeta Crédito;Completada
VTA001062;10/04/2026;FAC-2026-001062;CLI0481;VEN06;SUC06;Web;Transferencia;Completada
VTA001063;26/12/2025;FAC-2025-001063;CLI0230;VEN08;SUC02;Web;Transferencia;Completada
VTA001064;04/08/2025;FAC-2025-001064;CLI0475;VEN18;SUC06;Local;Financiación Propia;Completada
VTA001065;17/09/2025;FAC-2025-001065;CLI0096;VEN04;SUC04;Local;Transferencia;Completada
VTA001066;19/04/2026;FAC-2026-001066;CLI0237;VEN08;SUC02;Local;Transferencia;Completada
VTA001067;31/12/2025;FAC-2025-001067;CLI0133;VEN16;SUC04;Web;Efectivo;Completada
VTA001068;03/04/2025;FAC-2025-001068;CLI0412;VEN03;SUC03;Venta Telefónica;Financiación Propia;Completada
VTA001069;08/07/2026;FAC-2026-001069;CLI0435;VEN01;SUC01;Web;Tarjeta Débito;Completada
VTA001070;30/11/2025;FAC-2025-001070;CLI0061;VEN01;SUC01;Marketplace;Efectivo;Completada
VTA001071;05/07/2026;FAC-2026-001071;CLI0431;VEN09;SUC03;Local;Efectivo;Completada
VTA001072;27/08/2025;FAC-2025-001072;CLI0151;VEN01;SUC01;Marketplace;Financiación Propia;Completada
VTA001073;07/12/2025;FAC-2025-001073;CLI0384;VEN12;SUC06;Marketplace;Transferencia;Completada
VTA001074;05/04/2025;FAC-2025-001074;CLI0351;VEN06;SUC06;WhatsApp;Transferencia;Completada
VTA001075;20/02/2026;FAC-2026-001075;CLI0047;VEN15;SUC03;WhatsApp;Tarjeta Débito;Completada
VTA001076;02/03/2026;FAC-2026-001076;CLI0544;VEN05;SUC05;Marketplace;Financiación Propia;Completada
VTA001077;26/02/2026;FAC-2026-001077;CLI0165;VEN02;SUC02;Local;Efectivo;Completada
VTA001078;27/04/2025;FAC-2025-001078;CLI0575;VEN11;SUC05;Venta Telefónica;Tarjeta Crédito;Completada
VTA001079;26/11/2025;FAC-2025-001079;CLI0396;VEN06;SUC06;Local;Tarjeta Crédito;Completada
VTA001080;24/07/2026;FAC-2026-001080;CLI0224;VEN16;SUC04;Marketplace;Tarjeta Crédito;Completada
VTA001081;21/03/2025;FAC-2025-001081;CLI0502;VEN15;SUC03;WhatsApp;Tarjeta Débito;Completada
VTA001082;10/05/2025;FAC-2025-001082;CLI0455;VEN16;SUC04;Marketplace;Efectivo;Completada
VTA001083;01/04/2025;FAC-2025-001083;CLI0127;VEN11;SUC05;Web;Tarjeta Débito;Completada
VTA001084;29/06/2026;FAC-2026-001084;CLI0503;VEN17;SUC05;Venta Telefónica;Financiación Propia;Completada
VTA001085;06/07/2026;FAC-2026-001085;CLI0524;VEN16;SUC04;Marketplace;Efectivo;Completada
VTA001086;08/01/2025;FAC-2025-001086;CLI0298;VEN12;SUC06;Venta Telefónica;Transferencia;Completada
VTA001087;03/02/2026;FAC-2026-001087;CLI0578;VEN01;SUC01;Marketplace;Tarjeta Débito;Completada
VTA001088;19/05/2026;FAC-2026-001088;CLI0021;VEN11;SUC05;Venta Telefónica;Efectivo;Completada
VTA001089;25/04/2026;FAC-2026-001089;CLI0313;VEN05;SUC05;Marketplace;Tarjeta Débito;Completada
VTA001090;19/07/2026;FAC-2026-001090;CLI0582;VEN11;SUC05;Venta Telefónica;Tarjeta Crédito;Completada
VTA001091;05/02/2025;FAC-2025-001091;CLI0564;VEN11;SUC05;Web;Efectivo;Completada
VTA001092;25/02/2026;FAC-2026-001092;CLI0144;VEN03;SUC03;Marketplace;Efectivo;Completada
VTA001093;07/12/2025;FAC-2025-001093;CLI0066;VEN15;SUC03;Marketplace;Financiación Propia;Completada
VTA001094;23/06/2025;FAC-2025-001094;CLI0002;VEN15;SUC03;WhatsApp;Tarjeta Débito;Completada
VTA001095;08/03/2026;FAC-2026-001095;CLI0489;VEN12;SUC06;Venta Telefónica;Tarjeta Débito;Completada
VTA001096;22/05/2026;FAC-2026-001096;CLI0417;VEN15;SUC03;Local;Efectivo;Completada
VTA001097;06/03/2026;FAC-2026-001097;CLI0600;VEN07;SUC01;WhatsApp;Efectivo;Completada
VTA001098;23/03/2025;FAC-2025-001098;CLI0290;VEN07;SUC01;Web;Transferencia;Completada
VTA001099;23/08/2025;FAC-2025-001099;CLI0103;VEN09;SUC03;WhatsApp;Tarjeta Crédito;Completada
VTA001100;04/01/2026;FAC-2026-001100;CLI0359;VEN16;SUC04;Local;Tarjeta Débito;Completada
VTA001101;28/02/2025;FAC-2025-001101;CLI0331;VEN06;SUC06;Marketplace;Financiación Propia;Completada
VTA001102;20/03/2025;FAC-2025-001102;CLI0442;VEN07;SUC01;Local;Tarjeta Débito;Completada
VTA001103;25/06/2025;FAC-2025-001103;CLI0497;VEN05;SUC05;Marketplace;Transferencia;Completada
VTA001104;18/01/2025;FAC-2025-001104;CLI0432;VEN02;SUC02;Venta Telefónica;Tarjeta Débito;Completada
VTA001105;27/09/2025;FAC-2025-001105;CLI0288;VEN12;SUC06;Marketplace;Efectivo;Completada
VTA001106;13/05/2025;FAC-2025-001106;CLI0083;VEN16;SUC04;Venta Telefónica;Tarjeta Crédito;Completada
VTA001107;05/12/2025;FAC-2025-001107;CLI0392;VEN10;SUC04;Local;Tarjeta Débito;Completada
VTA001108;12/01/2026;FAC-2026-001108;CLI0080;VEN12;SUC06;WhatsApp;Financiación Propia;Completada
VTA001109;29/10/2025;FAC-2025-001109;CLI0109;VEN13;SUC01;Marketplace;Tarjeta Crédito;Completada
VTA001110;26/02/2026;FAC-2026-001110;CLI0134;VEN11;SUC05;Local;Financiación Propia;Completada
VTA001111;09/11/2025;FAC-2025-001111;CLI0325;VEN07;SUC01;Local;Tarjeta Crédito;Completada
VTA001112;08/03/2025;FAC-2025-001112;CLI0043;VEN16;SUC04;Venta Telefónica;Efectivo;Completada
VTA001113;23/03/2026;FAC-2026-001113;CLI0253;VEN17;SUC05;Venta Telefónica;Financiación Propia;Completada
VTA001114;04/02/2026;FAC-2026-001114;CLI0103;VEN11;SUC05;Marketplace;Tarjeta Crédito;Completada
VTA001115;03/12/2025;FAC-2025-001115;CLI0289;VEN14;SUC02;Marketplace;Tarjeta Débito;Completada
VTA001116;09/07/2025;FAC-2025-001116;CLI0259;VEN12;SUC06;Web;Financiación Propia;Completada
VTA001117;03/05/2026;FAC-2026-001117;CLI0447;VEN08;SUC02;Venta Telefónica;Tarjeta Débito;Completada
VTA001118;01/04/2026;FAC-2026-001118;CLI0059;VEN10;SUC04;WhatsApp;Tarjeta Débito;Completada
VTA001119;23/01/2025;FAC-2025-001119;CLI0519;VEN16;SUC04;Web;Tarjeta Crédito;Completada
VTA001120;22/08/2025;FAC-2025-001120;CLI0195;VEN08;SUC02;WhatsApp;Tarjeta Crédito;Completada
VTA001121;08/08/2025;FAC-2025-001121;CLI0512;VEN18;SUC06;Venta Telefónica;Tarjeta Crédito;Completada
VTA001122;07/04/2026;FAC-2026-001122;CLI0354;VEN04;SUC04;Local;Efectivo;Completada
VTA001123;09/10/2025;FAC-2025-001123;CLI0495;VEN03;SUC03;Venta Telefónica;Efectivo;Completada
VTA001124;07/07/2026;FAC-2026-001124;CLI0301;VEN02;SUC02;WhatsApp;Tarjeta Crédito;Completada
VTA001125;16/02/2026;FAC-2026-001125;CLI0368;VEN09;SUC03;WhatsApp;Financiación Propia;Completada
VTA001126;07/11/2025;FAC-2025-001126;CLI0365;VEN11;SUC05;Web;Tarjeta Crédito;Completada
VTA001127;26/04/2026;FAC-2026-001127;CLI0565;VEN07;SUC01;Marketplace;Tarjeta Débito;Completada
VTA001128;24/07/2025;FAC-2025-001128;CLI0164;VEN06;SUC06;Venta Telefónica;Tarjeta Débito;Completada
VTA001129;14/10/2025;FAC-2025-001129;CLI0236;VEN16;SUC04;Local;Efectivo;Completada
VTA001130;17/03/2025;FAC-2025-001130;CLI0504;VEN10;SUC04;Local;Financiación Propia;Completada
VTA001131;11/12/2025;FAC-2025-001131;CLI0211;VEN09;SUC03;Marketplace;Tarjeta Débito;Completada
VTA001132;01/05/2026;FAC-2026-001132;CLI0571;VEN05;SUC05;WhatsApp;Financiación Propia;Completada
VTA001133;30/05/2025;FAC-2025-001133;CLI0011;VEN17;SUC05;Marketplace;Tarjeta Crédito;Completada
VTA001134;30/03/2025;FAC-2025-001134;CLI0454;VEN14;SUC02;Venta Telefónica;Efectivo;Completada
VTA001135;02/02/2025;FAC-2025-001135;CLI0393;VEN10;SUC04;WhatsApp;Tarjeta Débito;Completada
VTA001136;01/06/2026;FAC-2026-001136;CLI0057;VEN04;SUC04;Web;Tarjeta Débito;Completada
VTA001137;02/03/2025;FAC-2025-001137;CLI0486;VEN06;SUC06;Local;Tarjeta Débito;Completada
VTA001138;18/09/2025;FAC-2025-001138;CLI0095;VEN11;SUC05;Marketplace;Tarjeta Débito;Completada
VTA001139;28/07/2026;FAC-2026-001139;CLI0512;VEN09;SUC03;Local;Transferencia;Completada
VTA001140;28/07/2026;FAC-2026-001140;CLI0529;VEN15;SUC03;WhatsApp;Transferencia;Completada
VTA001141;16/02/2026;FAC-2026-001141;CLI0088;VEN02;SUC02;Local;Tarjeta Débito;Completada
VTA001142;13/03/2026;FAC-2026-001142;CLI0412;VEN04;SUC04;WhatsApp;Efectivo;Completada
VTA001143;16/12/2025;FAC-2025-001143;CLI0295;VEN07;SUC01;WhatsApp;Transferencia;Completada
VTA001144;22/02/2025;FAC-2025-001144;CLI0391;VEN13;SUC01;WhatsApp;Transferencia;Completada
VTA001145;29/12/2025;FAC-2025-001145;CLI0344;VEN04;SUC04;Venta Telefónica;Efectivo;Completada
VTA001146;05/06/2025;FAC-2025-001146;CLI0265;VEN12;SUC06;WhatsApp;Tarjeta Débito;Completada
VTA001147;27/06/2026;FAC-2026-001147;CLI0442;VEN10;SUC04;WhatsApp;Transferencia;Completada
VTA001148;04/09/2025;FAC-2025-001148;CLI0445;VEN17;SUC05;Marketplace;Efectivo;Completada
VTA001149;19/05/2025;FAC-2025-001149;CLI0035;VEN16;SUC04;Web;Transferencia;Completada
VTA001150;27/11/2025;FAC-2025-001150;CLI0514;VEN10;SUC04;Venta Telefónica;Financiación Propia;Completada
VTA001151;27/01/2025;FAC-2025-001151;CLI0474;VEN03;SUC03;Web;Financiación Propia;Completada
VTA001152;07/03/2026;FAC-2026-001152;CLI0416;VEN16;SUC04;Web;Tarjeta Débito;Completada
VTA001153;25/12/2025;FAC-2025-001153;CLI0375;VEN01;SUC01;Marketplace;Tarjeta Débito;Completada
VTA001154;24/12/2025;FAC-2025-001154;CLI0446;VEN05;SUC05;Venta Telefónica;Tarjeta Débito;Completada
VTA001155;20/07/2026;FAC-2026-001155;CLI0042;VEN04;SUC04;WhatsApp;Tarjeta Débito;Cancelada
VTA001156;28/09/2025;FAC-2025-001156;CLI0076;VEN18;SUC06;Web;Transferencia;Completada
VTA001157;27/06/2025;FAC-2025-001157;CLI0591;VEN07;SUC01;Venta Telefónica;Efectivo;Completada
VTA001158;06/11/2025;FAC-2025-001158;CLI0122;VEN15;SUC03;Marketplace;Tarjeta Crédito;Completada
VTA001159;06/06/2025;FAC-2025-001159;CLI0236;VEN13;SUC01;Local;Financiación Propia;Completada
VTA001160;23/06/2025;FAC-2025-001160;CLI0434;VEN15;SUC03;Local;Tarjeta Crédito;Completada
VTA001161;11/05/2026;FAC-2026-001161;CLI0466;VEN03;SUC03;WhatsApp;Financiación Propia;Completada
VTA001162;17/09/2025;FAC-2025-001162;CLI0527;VEN14;SUC02;Marketplace;Efectivo;Completada
VTA001163;07/10/2025;FAC-2025-001163;CLI0510;VEN16;SUC04;Local;Transferencia;Completada
VTA001164;20/05/2026;FAC-2026-001164;CLI0041;VEN08;SUC02;Venta Telefónica;Financiación Propia;Completada
VTA001165;10/02/2026;FAC-2026-001165;CLI0418;VEN01;SUC01;Marketplace;Transferencia;Completada
VTA001166;12/06/2025;FAC-2025-001166;CLI0427;VEN13;SUC01;Marketplace;Tarjeta Débito;Completada
VTA001167;16/08/2025;FAC-2025-001167;CLI0436;VEN10;SUC04;Marketplace;Efectivo;Completada
VTA001168;27/11/2025;FAC-2025-001168;CLI0499;VEN06;SUC06;WhatsApp;Efectivo;Completada
VTA001169;05/10/2025;FAC-2025-001169;CLI0416;VEN01;SUC01;Marketplace;Efectivo;Pendiente
VTA001170;11/01/2026;FAC-2026-001170;CLI0235;VEN05;SUC05;Local;Financiación Propia;Pendiente
VTA001171;13/04/2025;FAC-2025-001171;CLI0382;VEN17;SUC05;Local;Efectivo;Completada
VTA001172;07/11/2025;FAC-2025-001172;CLI0083;VEN10;SUC04;Marketplace;Financiación Propia;Completada
VTA001173;13/07/2026;FAC-2026-001173;CLI0056;VEN08;SUC02;Marketplace;Financiación Propia;Completada
VTA001174;30/03/2026;FAC-2026-001174;CLI0072;VEN14;SUC02;Web;Tarjeta Débito;Completada
VTA001175;19/12/2025;FAC-2025-001175;CLI0434;VEN12;SUC06;Venta Telefónica;Financiación Propia;Completada
VTA001176;03/07/2026;FAC-2026-001176;CLI0196;VEN08;SUC02;Web;Transferencia;Completada
VTA001177;02/07/2025;FAC-2025-001177;CLI0252;VEN13;SUC01;WhatsApp;Efectivo;Completada
VTA001178;09/08/2025;FAC-2025-001178;CLI0391;VEN07;SUC01;Local;Efectivo;Completada
VTA001179;02/05/2026;FAC-2026-001179;CLI0293;VEN18;SUC06;Venta Telefónica;Efectivo;Completada
VTA001180;09/01/2026;FAC-2026-001180;CLI0027;VEN18;SUC06;Web;Tarjeta Crédito;Completada
VTA001181;17/03/2026;FAC-2026-001181;CLI0277;VEN13;SUC01;WhatsApp;Financiación Propia;Completada
VTA001182;11/07/2025;FAC-2025-001182;CLI0305;VEN16;SUC04;Marketplace;Efectivo;Completada
VTA001183;19/06/2025;FAC-2025-001183;CLI0227;VEN12;SUC06;WhatsApp;Efectivo;Completada
VTA001184;28/06/2025;FAC-2025-001184;CLI0471;VEN17;SUC05;Local;Tarjeta Débito;Completada
VTA001185;08/01/2025;FAC-2025-001185;CLI0010;VEN06;SUC06;Marketplace;Transferencia;Completada
VTA001186;28/02/2025;FAC-2025-001186;CLI0498;VEN03;SUC03;Local;Transferencia;Completada
VTA001187;04/04/2026;FAC-2026-001187;CLI0310;VEN13;SUC01;WhatsApp;Financiación Propia;Completada
VTA001188;10/03/2026;FAC-2026-001188;CLI0082;VEN07;SUC01;WhatsApp;Efectivo;Completada
VTA001189;09/04/2026;FAC-2026-001189;CLI0219;VEN02;SUC02;Local;Financiación Propia;Completada
VTA001190;17/01/2025;FAC-2025-001190;CLI0093;VEN02;SUC02;WhatsApp;Tarjeta Débito;Completada
VTA001191;27/07/2026;FAC-2026-001191;CLI0008;VEN06;SUC06;Local;Financiación Propia;Completada
VTA001192;16/06/2025;FAC-2025-001192;CLI0510;VEN04;SUC04;Venta Telefónica;Tarjeta Débito;Completada
VTA001193;07/05/2026;FAC-2026-001193;CLI0085;VEN12;SUC06;Web;Financiación Propia;Completada
VTA001194;09/06/2025;FAC-2025-001194;CLI0222;VEN15;SUC03;Web;Tarjeta Débito;Completada
VTA001195;03/01/2025;FAC-2025-001195;CLI0337;VEN05;SUC05;Local;Tarjeta Crédito;Completada
VTA001196;09/07/2026;FAC-2026-001196;CLI0232;VEN16;SUC04;WhatsApp;Tarjeta Débito;Completada
VTA001197;04/07/2026;FAC-2026-001197;CLI0516;VEN11;SUC05;Local;Financiación Propia;Completada
VTA001198;04/04/2026;FAC-2026-001198;CLI0061;VEN11;SUC05;Local;Financiación Propia;Completada
VTA001199;02/01/2025;FAC-2025-001199;CLI0077;VEN13;SUC01;Web;Transferencia;Completada
VTA001200;26/04/2025;FAC-2025-001200;CLI0580;VEN09;SUC03;Marketplace;Transferencia;Completada
VTA001201;20/01/2025;FAC-2025-001201;CLI0429;VEN13;SUC01;Local;Efectivo;Completada
VTA001202;04/11/2025;FAC-2025-001202;CLI0130;VEN03;SUC03;Marketplace;Tarjeta Crédito;Completada
VTA001203;01/01/2025;FAC-2025-001203;CLI0420;VEN02;SUC02;WhatsApp;Efectivo;Pendiente
VTA001204;02/01/2026;FAC-2026-001204;CLI0148;VEN01;SUC01;WhatsApp;Transferencia;Completada
VTA001205;09/05/2026;FAC-2026-001205;CLI0380;VEN15;SUC03;Web;Financiación Propia;Pendiente
VTA001206;14/03/2026;FAC-2026-001206;CLI0105;VEN08;SUC02;Marketplace;Transferencia;Completada
VTA001207;19/08/2025;FAC-2025-001207;CLI0253;VEN05;SUC05;Local;Tarjeta Crédito;Completada
VTA001208;09/01/2026;FAC-2026-001208;CLI0255;VEN07;SUC01;WhatsApp;Efectivo;Completada
VTA001209;16/07/2026;FAC-2026-001209;CLI0143;VEN12;SUC06;Venta Telefónica;Tarjeta Débito;Completada
VTA001210;08/12/2025;FAC-2025-001210;CLI0523;VEN15;SUC03;Marketplace;Financiación Propia;Completada
VTA001211;18/01/2025;FAC-2025-001211;CLI0595;VEN01;SUC01;Marketplace;Transferencia;Completada
VTA001212;13/08/2025;FAC-2025-001212;CLI0196;VEN09;SUC03;Marketplace;Tarjeta Crédito;Completada
VTA001213;02/10/2025;FAC-2025-001213;CLI0213;VEN11;SUC05;Local;Tarjeta Crédito;Completada
VTA001214;02/05/2026;FAC-2026-001214;CLI0057;VEN02;SUC02;Web;Transferencia;Completada
VTA001215;26/02/2026;FAC-2026-001215;CLI0303;VEN08;SUC02;Web;Tarjeta Crédito;Completada
VTA001216;25/08/2025;FAC-2025-001216;CLI0244;VEN03;SUC03;WhatsApp;Financiación Propia;Completada
VTA001217;02/08/2025;FAC-2025-001217;CLI0164;VEN10;SUC04;Marketplace;Financiación Propia;Completada
VTA001218;17/06/2026;FAC-2026-001218;CLI0293;VEN05;SUC05;Local;Transferencia;Completada
VTA001219;24/04/2026;FAC-2026-001219;CLI0245;VEN06;SUC06;WhatsApp;Efectivo;Completada
VTA001220;01/08/2025;FAC-2025-001220;CLI0418;VEN14;SUC02;Local;Financiación Propia;Completada
VTA001221;06/02/2025;FAC-2025-001221;CLI0028;VEN12;SUC06;Marketplace;Tarjeta Débito;Completada
VTA001222;29/06/2026;FAC-2026-001222;CLI0458;VEN14;SUC02;Web;Tarjeta Crédito;Completada
VTA001223;25/04/2026;FAC-2026-001223;CLI0343;VEN04;SUC04;Marketplace;Financiación Propia;Completada
VTA001224;15/04/2026;FAC-2026-001224;CLI0242;VEN12;SUC06;Local;Tarjeta Débito;Completada
VTA001225;24/06/2025;FAC-2025-001225;CLI0463;VEN11;SUC05;Web;Financiación Propia;Completada
VTA001226;02/06/2025;FAC-2025-001226;CLI0092;VEN02;SUC02;Venta Telefónica;Transferencia;Completada
VTA001227;27/05/2026;FAC-2026-001227;CLI0140;VEN04;SUC04;Web;Tarjeta Débito;Completada
VTA001228;21/07/2025;FAC-2025-001228;CLI0257;VEN04;SUC04;Web;Transferencia;Completada
VTA001229;08/06/2026;FAC-2026-001229;CLI0360;VEN03;SUC03;Web;Transferencia;Completada
VTA001230;21/05/2025;FAC-2025-001230;CLI0159;VEN09;SUC03;Marketplace;Tarjeta Crédito;Completada
VTA001231;26/03/2026;FAC-2026-001231;CLI0108;VEN17;SUC05;Local;Financiación Propia;Completada
VTA001232;02/09/2025;FAC-2025-001232;CLI0154;VEN13;SUC01;Web;Tarjeta Crédito;Completada
VTA001233;28/06/2025;FAC-2025-001233;CLI0575;VEN07;SUC01;Web;Transferencia;Completada
VTA001234;03/03/2026;FAC-2026-001234;CLI0210;VEN01;SUC01;Local;Tarjeta Crédito;Completada
VTA001235;30/07/2026;FAC-2026-001235;CLI0391;VEN11;SUC05;WhatsApp;Financiación Propia;Completada
VTA001236;09/01/2026;FAC-2026-001236;CLI0438;VEN18;SUC06;Web;Tarjeta Débito;Completada
VTA001237;27/11/2025;FAC-2025-001237;CLI0088;VEN17;SUC05;Local;Efectivo;Completada
VTA001238;25/07/2025;FAC-2025-001238;CLI0371;VEN16;SUC04;Venta Telefónica;Efectivo;Completada
VTA001239;29/05/2026;FAC-2026-001239;CLI0475;VEN04;SUC04;Venta Telefónica;Efectivo;Pendiente
VTA001240;18/10/2025;FAC-2025-001240;CLI0100;VEN13;SUC01;Web;Tarjeta Débito;Completada
VTA001241;23/06/2026;FAC-2026-001241;CLI0019;VEN07;SUC01;Local;Tarjeta Débito;Completada
VTA001242;22/07/2026;FAC-2026-001242;CLI0455;VEN02;SUC02;Venta Telefónica;Tarjeta Crédito;Completada
VTA001243;02/01/2026;FAC-2026-001243;CLI0240;VEN04;SUC04;Venta Telefónica;Transferencia;Completada
VTA001244;01/05/2026;FAC-2026-001244;CLI0137;VEN07;SUC01;Marketplace;Tarjeta Crédito;Completada
VTA001245;25/10/2025;FAC-2025-001245;CLI0337;VEN07;SUC01;Venta Telefónica;Tarjeta Crédito;Completada
VTA001246;13/05/2025;FAC-2025-001246;CLI0530;VEN11;SUC05;Web;Financiación Propia;Completada
VTA001247;17/01/2026;FAC-2026-001247;CLI0215;VEN16;SUC04;WhatsApp;Tarjeta Débito;Completada
VTA001248;11/01/2025;FAC-2025-001248;CLI0043;VEN08;SUC02;Venta Telefónica;Financiación Propia;Completada
VTA001249;08/02/2026;FAC-2026-001249;CLI0536;VEN01;SUC01;Local;Tarjeta Crédito;Completada
VTA001250;14/06/2025;FAC-2025-001250;CLI0364;VEN11;SUC05;Venta Telefónica;Tarjeta Crédito;Completada
VTA001251;02/09/2025;FAC-2025-001251;CLI0587;VEN04;SUC04;Web;Transferencia;Completada
VTA001252;23/01/2025;FAC-2025-001252;CLI0314;VEN08;SUC02;WhatsApp;Tarjeta Crédito;Completada
VTA001253;15/04/2025;FAC-2025-001253;CLI0373;VEN11;SUC05;Venta Telefónica;Transferencia;Completada
VTA001254;21/01/2026;FAC-2026-001254;CLI0143;VEN17;SUC05;Venta Telefónica;Financiación Propia;Completada
VTA001255;09/05/2026;FAC-2026-001255;CLI0298;VEN06;SUC06;WhatsApp;Efectivo;Completada
VTA001256;13/02/2026;FAC-2026-001256;CLI0167;VEN15;SUC03;Marketplace;Transferencia;Completada
VTA001257;26/09/2025;FAC-2025-001257;CLI0469;VEN09;SUC03;WhatsApp;Tarjeta Crédito;Completada
VTA001258;01/05/2025;FAC-2025-001258;CLI0564;VEN14;SUC02;Local;Financiación Propia;Completada
VTA001259;29/03/2025;FAC-2025-001259;CLI0304;VEN06;SUC06;WhatsApp;Transferencia;Completada
VTA001260;03/07/2026;FAC-2026-001260;CLI0346;VEN04;SUC04;WhatsApp;Tarjeta Crédito;Completada
VTA001261;31/01/2025;FAC-2025-001261;CLI0528;VEN01;SUC01;WhatsApp;Transferencia;Completada
VTA001262;30/05/2025;FAC-2025-001262;CLI0092;VEN17;SUC05;Web;Financiación Propia;Pendiente
VTA001263;30/08/2025;FAC-2025-001263;CLI0569;VEN01;SUC01;Local;Tarjeta Débito;Completada
VTA001264;07/05/2026;FAC-2026-001264;CLI0273;VEN03;SUC03;Venta Telefónica;Efectivo;Completada
VTA001265;17/04/2026;FAC-2026-001265;CLI0004;VEN01;SUC01;Venta Telefónica;Financiación Propia;Completada
VTA001266;26/01/2025;FAC-2025-001266;CLI0188;VEN08;SUC02;Web;Efectivo;Completada
VTA001267;30/05/2025;FAC-2025-001267;CLI0329;VEN02;SUC02;Marketplace;Tarjeta Débito;Completada
VTA001268;23/01/2025;FAC-2025-001268;CLI0207;VEN03;SUC03;WhatsApp;Efectivo;Completada
VTA001269;20/04/2026;FAC-2026-001269;CLI0515;VEN17;SUC05;Venta Telefónica;Financiación Propia;Completada
VTA001270;27/06/2026;FAC-2026-001270;CLI0061;VEN07;SUC01;Local;Tarjeta Crédito;Completada
VTA001271;17/04/2026;FAC-2026-001271;CLI0154;VEN15;SUC03;WhatsApp;Transferencia;Completada
VTA001272;13/01/2026;FAC-2026-001272;CLI0099;VEN08;SUC02;Web;Transferencia;Completada
VTA001273;07/09/2025;FAC-2025-001273;CLI0313;VEN10;SUC04;Local;Tarjeta Débito;Completada
VTA001274;07/05/2026;FAC-2026-001274;CLI0511;VEN09;SUC03;WhatsApp;Transferencia;Completada
VTA001275;14/09/2025;FAC-2025-001275;CLI0093;VEN06;SUC06;WhatsApp;Transferencia;Completada
VTA001276;04/01/2026;FAC-2026-001276;CLI0489;VEN12;SUC06;Venta Telefónica;Tarjeta Débito;Completada
VTA001277;15/03/2026;FAC-2026-001277;CLI0272;VEN14;SUC02;Venta Telefónica;Financiación Propia;Completada
VTA001278;25/01/2025;FAC-2025-001278;CLI0347;VEN18;SUC06;Local;Efectivo;Completada
VTA001279;28/03/2025;FAC-2025-001279;CLI0285;VEN09;SUC03;Venta Telefónica;Efectivo;Completada
VTA001280;30/05/2025;FAC-2025-001280;CLI0340;VEN08;SUC02;Venta Telefónica;Financiación Propia;Completada
VTA001281;27/01/2025;FAC-2025-001281;CLI0205;VEN02;SUC02;Local;Tarjeta Débito;Completada
VTA001282;10/03/2026;FAC-2026-001282;CLI0155;VEN02;SUC02;WhatsApp;Financiación Propia;Completada
VTA001283;02/02/2026;FAC-2026-001283;CLI0303;VEN17;SUC05;WhatsApp;Efectivo;Completada
VTA001284;22/07/2025;FAC-2025-001284;CLI0207;VEN11;SUC05;Local;Efectivo;Completada
VTA001285;30/01/2025;FAC-2025-001285;CLI0400;VEN06;SUC06;Venta Telefónica;Tarjeta Débito;Completada
VTA001286;27/12/2025;FAC-2025-001286;CLI0534;VEN12;SUC06;Venta Telefónica;Transferencia;Completada
VTA001287;09/06/2025;FAC-2025-001287;CLI0136;VEN11;SUC05;Local;Tarjeta Crédito;Completada
VTA001288;15/05/2025;FAC-2025-001288;CLI0372;VEN08;SUC02;Venta Telefónica;Financiación Propia;Completada
VTA001289;30/09/2025;FAC-2025-001289;CLI0199;VEN09;SUC03;Venta Telefónica;Transferencia;Completada
VTA001290;29/04/2025;FAC-2025-001290;CLI0108;VEN12;SUC06;Venta Telefónica;Tarjeta Débito;Completada
VTA001291;16/03/2026;FAC-2026-001291;CLI0127;VEN15;SUC03;WhatsApp;Efectivo;Completada
VTA001292;05/03/2026;FAC-2026-001292;CLI0239;VEN02;SUC02;Web;Financiación Propia;Completada
VTA001293;19/02/2025;FAC-2025-001293;CLI0289;VEN14;SUC02;Venta Telefónica;Efectivo;Completada
VTA001294;19/10/2025;FAC-2025-001294;CLI0578;VEN10;SUC04;Marketplace;Tarjeta Débito;Completada
VTA001295;25/03/2026;FAC-2026-001295;CLI0184;VEN01;SUC01;Web;Financiación Propia;Completada
VTA001296;30/05/2025;FAC-2025-001296;CLI0401;VEN16;SUC04;Marketplace;Tarjeta Débito;Completada
VTA001297;12/03/2025;FAC-2025-001297;CLI0455;VEN01;SUC01;Venta Telefónica;Financiación Propia;Completada
VTA001298;05/03/2025;FAC-2025-001298;CLI0487;VEN07;SUC01;WhatsApp;Tarjeta Débito;Completada
VTA001299;07/04/2026;FAC-2026-001299;CLI0211;VEN04;SUC04;Venta Telefónica;Financiación Propia;Completada
VTA001300;12/05/2025;FAC-2025-001300;CLI0522;VEN03;SUC03;Venta Telefónica;Transferencia;Completada
VTA001301;17/09/2025;FAC-2025-001301;CLI0472;VEN09;SUC03;Venta Telefónica;Financiación Propia;Completada
VTA001302;15/11/2025;FAC-2025-001302;CLI0012;VEN11;SUC05;WhatsApp;Tarjeta Crédito;Completada
VTA001303;08/09/2025;FAC-2025-001303;CLI0312;VEN07;SUC01;Venta Telefónica;Tarjeta Crédito;Completada
VTA001304;21/03/2026;FAC-2026-001304;CLI0077;VEN18;SUC06;Marketplace;Financiación Propia;Completada
VTA001305;25/01/2025;FAC-2025-001305;CLI0044;VEN17;SUC05;Venta Telefónica;Financiación Propia;Completada
VTA001306;29/03/2026;FAC-2026-001306;CLI0099;VEN15;SUC03;WhatsApp;Tarjeta Débito;Completada
VTA001307;13/04/2025;FAC-2025-001307;CLI0572;VEN04;SUC04;WhatsApp;Financiación Propia;Completada
VTA001308;21/07/2025;FAC-2025-001308;CLI0598;VEN15;SUC03;WhatsApp;Transferencia;Pendiente
VTA001309;21/08/2025;FAC-2025-001309;CLI0313;VEN16;SUC04;Marketplace;Tarjeta Crédito;Completada
VTA001310;02/04/2025;FAC-2025-001310;CLI0144;VEN07;SUC01;Local;Efectivo;Completada
VTA001311;19/04/2025;FAC-2025-001311;CLI0074;VEN16;SUC04;Marketplace;Tarjeta Crédito;Completada
VTA001312;26/06/2026;FAC-2026-001312;CLI0070;VEN10;SUC04;Venta Telefónica;Tarjeta Crédito;Completada
VTA001313;26/07/2025;FAC-2025-001313;CLI0256;VEN12;SUC06;Marketplace;Tarjeta Crédito;Completada
VTA001314;15/05/2026;FAC-2026-001314;CLI0074;VEN18;SUC06;Local;Transferencia;Completada
VTA001315;06/07/2025;FAC-2025-001315;CLI0005;VEN12;SUC06;WhatsApp;Transferencia;Completada
VTA001316;07/11/2025;FAC-2025-001316;CLI0393;VEN14;SUC02;Marketplace;Transferencia;Completada
VTA001317;12/03/2025;FAC-2025-001317;CLI0055;VEN02;SUC02;Marketplace;Tarjeta Crédito;Completada
VTA001318;22/03/2025;FAC-2025-001318;CLI0354;VEN02;SUC02;Marketplace;Transferencia;Completada
VTA001319;24/01/2025;FAC-2025-001319;CLI0465;VEN02;SUC02;Web;Financiación Propia;Completada
VTA001320;12/04/2025;FAC-2025-001320;CLI0003;VEN03;SUC03;WhatsApp;Financiación Propia;Completada
VTA001321;10/12/2025;FAC-2025-001321;CLI0386;VEN09;SUC03;Web;Transferencia;Completada
VTA001322;14/06/2026;FAC-2026-001322;CLI0499;VEN11;SUC05;Marketplace;Tarjeta Débito;Completada
VTA001323;03/04/2025;FAC-2025-001323;CLI0195;VEN11;SUC05;Local;Tarjeta Crédito;Completada
VTA001324;30/05/2025;FAC-2025-001324;CLI0301;VEN11;SUC05;Venta Telefónica;Tarjeta Crédito;Completada
VTA001325;08/11/2025;FAC-2025-001325;CLI0043;VEN06;SUC06;Venta Telefónica;Financiación Propia;Completada
VTA001326;12/09/2025;FAC-2025-001326;CLI0483;VEN04;SUC04;Local;Tarjeta Débito;Completada
VTA001327;28/11/2025;FAC-2025-001327;CLI0192;VEN10;SUC04;WhatsApp;Efectivo;Completada
VTA001328;24/01/2025;FAC-2025-001328;CLI0417;VEN08;SUC02;Web;Transferencia;Completada
VTA001329;18/03/2025;FAC-2025-001329;CLI0448;VEN11;SUC05;Marketplace;Tarjeta Débito;Completada
VTA001330;07/01/2026;FAC-2026-001330;CLI0378;VEN07;SUC01;Web;Tarjeta Débito;Completada
VTA001331;07/03/2025;FAC-2025-001331;CLI0076;VEN11;SUC05;Marketplace;Tarjeta Crédito;Completada
VTA001332;12/08/2025;FAC-2025-001332;CLI0011;VEN17;SUC05;WhatsApp;Efectivo;Completada
VTA001333;30/07/2025;FAC-2025-001333;CLI0259;VEN01;SUC01;Web;Efectivo;Completada
VTA001334;20/03/2025;FAC-2025-001334;CLI0548;VEN06;SUC06;Web;Financiación Propia;Completada
VTA001335;08/02/2025;FAC-2025-001335;CLI0499;VEN16;SUC04;Marketplace;Transferencia;Completada
VTA001336;21/10/2025;FAC-2025-001336;CLI0164;VEN02;SUC02;Web;Efectivo;Completada
VTA001337;22/04/2025;FAC-2025-001337;CLI0448;VEN12;SUC06;Venta Telefónica;Tarjeta Crédito;Completada
VTA001338;05/05/2026;FAC-2026-001338;CLI0258;VEN04;SUC04;Web;Financiación Propia;Completada
VTA001339;16/04/2026;FAC-2026-001339;CLI0194;VEN09;SUC03;Local;Tarjeta Crédito;Completada
VTA001340;13/09/2025;FAC-2025-001340;CLI0495;VEN04;SUC04;Venta Telefónica;Financiación Propia;Completada
VTA001341;26/11/2025;FAC-2025-001341;CLI0006;VEN14;SUC02;Marketplace;Efectivo;Completada
VTA001342;21/01/2025;FAC-2025-001342;CLI0398;VEN06;SUC06;Venta Telefónica;Transferencia;Pendiente
VTA001343;03/06/2025;FAC-2025-001343;CLI0355;VEN13;SUC01;Marketplace;Efectivo;Completada
VTA001344;29/11/2025;FAC-2025-001344;CLI0481;VEN12;SUC06;Marketplace;Tarjeta Débito;Cancelada
VTA001345;17/07/2025;FAC-2025-001345;CLI0088;VEN01;SUC01;WhatsApp;Financiación Propia;Completada
VTA001346;28/03/2025;FAC-2025-001346;CLI0311;VEN17;SUC05;WhatsApp;Financiación Propia;Completada
VTA001347;17/01/2025;FAC-2025-001347;CLI0531;VEN13;SUC01;WhatsApp;Tarjeta Crédito;Completada
VTA001348;29/03/2025;FAC-2025-001348;CLI0454;VEN16;SUC04;Venta Telefónica;Efectivo;Completada
VTA001349;27/03/2026;FAC-2026-001349;CLI0359;VEN03;SUC03;Venta Telefónica;Tarjeta Crédito;Cancelada
VTA001350;21/06/2026;FAC-2026-001350;CLI0294;VEN13;SUC01;Web;Tarjeta Débito;Cancelada
VTA001351;15/08/2025;FAC-2025-001351;CLI0303;VEN01;SUC01;Web;Transferencia;Completada
VTA001352;13/04/2025;FAC-2025-001352;CLI0470;VEN18;SUC06;WhatsApp;Efectivo;Completada
VTA001353;30/04/2026;FAC-2026-001353;CLI0208;VEN05;SUC05;WhatsApp;Tarjeta Débito;Completada
VTA001354;15/09/2025;FAC-2025-001354;CLI0092;VEN04;SUC04;Web;Financiación Propia;Completada
VTA001355;14/03/2025;FAC-2025-001355;CLI0518;VEN05;SUC05;Venta Telefónica;Transferencia;Completada
VTA001356;18/05/2026;FAC-2026-001356;CLI0041;VEN08;SUC02;WhatsApp;Transferencia;Completada
VTA001357;01/05/2026;FAC-2026-001357;CLI0600;VEN01;SUC01;Web;Financiación Propia;Completada
VTA001358;13/04/2026;FAC-2026-001358;CLI0502;VEN10;SUC04;Web;Efectivo;Completada
VTA001359;07/02/2026;FAC-2026-001359;CLI0066;VEN06;SUC06;WhatsApp;Tarjeta Débito;Completada
VTA001360;16/03/2025;FAC-2025-001360;CLI0140;VEN16;SUC04;Web;Tarjeta Débito;Completada
VTA001361;06/06/2025;FAC-2025-001361;CLI0109;VEN13;SUC01;Venta Telefónica;Tarjeta Crédito;Completada
VTA001362;15/03/2025;FAC-2025-001362;CLI0263;VEN02;SUC02;WhatsApp;Transferencia;Completada
VTA001363;05/07/2025;FAC-2025-001363;CLI0077;VEN13;SUC01;Marketplace;Tarjeta Débito;Completada
VTA001364;23/07/2026;FAC-2026-001364;CLI0330;VEN12;SUC06;Marketplace;Transferencia;Completada
VTA001365;24/11/2025;FAC-2025-001365;CLI0348;VEN15;SUC03;Local;Transferencia;Completada
VTA001366;15/03/2025;FAC-2025-001366;CLI0154;VEN10;SUC04;Venta Telefónica;Transferencia;Completada
VTA001367;08/01/2026;FAC-2026-001367;CLI0583;VEN06;SUC06;Local;Tarjeta Crédito;Completada
VTA001368;14/09/2025;FAC-2025-001368;CLI0052;VEN07;SUC01;WhatsApp;Tarjeta Crédito;Cancelada
VTA001369;04/07/2026;FAC-2026-001369;CLI0399;VEN10;SUC04;Local;Transferencia;Completada
VTA001370;09/01/2025;FAC-2025-001370;CLI0499;VEN06;SUC06;WhatsApp;Tarjeta Débito;Completada
VTA001371;05/03/2025;FAC-2025-001371;CLI0506;VEN08;SUC02;Marketplace;Tarjeta Débito;Completada
VTA001372;29/05/2025;FAC-2025-001372;CLI0188;VEN17;SUC05;Local;Financiación Propia;Completada
VTA001373;07/06/2025;FAC-2025-001373;CLI0355;VEN08;SUC02;WhatsApp;Tarjeta Crédito;Completada
VTA001374;01/04/2025;FAC-2025-001374;CLI0140;VEN02;SUC02;Venta Telefónica;Financiación Propia;Pendiente
VTA001375;15/01/2025;FAC-2025-001375;CLI0592;VEN08;SUC02;WhatsApp;Tarjeta Débito;Completada
VTA001376;07/08/2025;FAC-2025-001376;CLI0017;VEN04;SUC04;Local;Tarjeta Crédito;Cancelada
VTA001377;21/12/2025;FAC-2025-001377;CLI0469;VEN06;SUC06;Web;Tarjeta Débito;Completada
VTA001378;06/08/2025;FAC-2025-001378;CLI0573;VEN14;SUC02;Local;Transferencia;Completada
VTA001379;08/12/2025;FAC-2025-001379;CLI0524;VEN12;SUC06;Web;Tarjeta Débito;Completada
VTA001380;18/05/2025;FAC-2025-001380;CLI0555;VEN11;SUC05;WhatsApp;Efectivo;Completada
VTA001381;26/03/2025;FAC-2025-001381;CLI0134;VEN13;SUC01;Web;Tarjeta Crédito;Completada
VTA001382;16/07/2025;FAC-2025-001382;CLI0563;VEN04;SUC04;Web;Transferencia;Completada
VTA001383;14/01/2026;FAC-2026-001383;CLI0332;VEN05;SUC05;Venta Telefónica;Tarjeta Débito;Completada
VTA001384;22/12/2025;FAC-2025-001384;CLI0309;VEN16;SUC04;Venta Telefónica;Financiación Propia;Completada
VTA001385;08/10/2025;FAC-2025-001385;CLI0512;VEN06;SUC06;Marketplace;Efectivo;Completada
VTA001386;05/05/2025;FAC-2025-001386;CLI0040;VEN05;SUC05;Venta Telefónica;Tarjeta Débito;Completada
VTA001387;08/08/2025;FAC-2025-001387;CLI0481;VEN16;SUC04;WhatsApp;Efectivo;Completada
VTA001388;03/11/2025;FAC-2025-001388;CLI0298;VEN14;SUC02;Venta Telefónica;Financiación Propia;Completada
VTA001389;23/08/2025;FAC-2025-001389;CLI0222;VEN12;SUC06;Web;Efectivo;Completada
VTA001390;11/08/2025;FAC-2025-001390;CLI0377;VEN15;SUC03;Local;Transferencia;Completada
VTA001391;13/01/2025;FAC-2025-001391;CLI0172;VEN11;SUC05;WhatsApp;Tarjeta Crédito;Completada
VTA001392;15/02/2025;FAC-2025-001392;CLI0519;VEN05;SUC05;WhatsApp;Financiación Propia;Completada
VTA001393;18/05/2025;FAC-2025-001393;CLI0572;VEN09;SUC03;Venta Telefónica;Transferencia;Completada
VTA001394;19/11/2025;FAC-2025-001394;CLI0425;VEN18;SUC06;WhatsApp;Tarjeta Crédito;Completada
VTA001395;22/01/2026;FAC-2026-001395;CLI0554;VEN05;SUC05;Local;Tarjeta Crédito;Completada
VTA001396;25/07/2026;FAC-2026-001396;CLI0008;VEN07;SUC01;Web;Tarjeta Débito;Completada
VTA001397;18/07/2026;FAC-2026-001397;CLI0221;VEN09;SUC03;Local;Efectivo;Completada
VTA001398;15/04/2026;FAC-2026-001398;CLI0383;VEN16;SUC04;Web;Tarjeta Débito;Completada
VTA001399;16/06/2025;FAC-2025-001399;CLI0088;VEN17;SUC05;Venta Telefónica;Financiación Propia;Completada
VTA001400;10/07/2026;FAC-2026-001400;CLI0597;VEN02;SUC02;WhatsApp;Transferencia;Completada
VTA001401;03/09/2025;FAC-2025-001401;CLI0490;VEN11;SUC05;Web;Efectivo;Completada
VTA001402;03/02/2025;FAC-2025-001402;CLI0507;VEN15;SUC03;Local;Tarjeta Crédito;Completada
VTA001403;31/08/2025;FAC-2025-001403;CLI0107;VEN18;SUC06;Marketplace;Efectivo;Completada
VTA001404;20/05/2026;FAC-2026-001404;CLI0178;VEN09;SUC03;Venta Telefónica;Transferencia;Completada
VTA001405;06/03/2026;FAC-2026-001405;CLI0567;VEN09;SUC03;Marketplace;Tarjeta Débito;Completada
VTA001406;03/03/2025;FAC-2025-001406;CLI0420;VEN06;SUC06;WhatsApp;Efectivo;Completada
VTA001407;19/07/2026;FAC-2026-001407;CLI0583;VEN05;SUC05;Venta Telefónica;Tarjeta Crédito;Completada
VTA001408;14/11/2025;FAC-2025-001408;CLI0079;VEN05;SUC05;Web;Financiación Propia;Completada
VTA001409;23/01/2025;FAC-2025-001409;CLI0010;VEN09;SUC03;WhatsApp;Efectivo;Completada
VTA001410;07/06/2025;FAC-2025-001410;CLI0298;VEN11;SUC05;Web;Financiación Propia;Completada
VTA001411;07/06/2026;FAC-2026-001411;CLI0070;VEN06;SUC06;Marketplace;Financiación Propia;Completada
VTA001412;28/07/2026;FAC-2026-001412;CLI0403;VEN03;SUC03;Local;Efectivo;Completada
VTA001413;25/04/2026;FAC-2026-001413;CLI0130;VEN11;SUC05;Venta Telefónica;Tarjeta Crédito;Completada
VTA001414;16/05/2026;FAC-2026-001414;CLI0460;VEN07;SUC01;WhatsApp;Efectivo;Completada
VTA001415;03/02/2026;FAC-2026-001415;CLI0562;VEN10;SUC04;Web;Financiación Propia;Completada
VTA001416;17/07/2025;FAC-2025-001416;CLI0354;VEN11;SUC05;Local;Tarjeta Débito;Completada
VTA001417;13/06/2026;FAC-2026-001417;CLI0298;VEN15;SUC03;Marketplace;Transferencia;Completada
VTA001418;26/02/2025;FAC-2025-001418;CLI0064;VEN09;SUC03;WhatsApp;Tarjeta Crédito;Completada
VTA001419;03/05/2025;FAC-2025-001419;CLI0075;VEN03;SUC03;WhatsApp;Transferencia;Completada
VTA001420;08/12/2025;FAC-2025-001420;CLI0589;VEN10;SUC04;WhatsApp;Transferencia;Completada
VTA001421;11/05/2026;FAC-2026-001421;CLI0383;VEN08;SUC02;Marketplace;Transferencia;Completada
VTA001422;03/02/2026;FAC-2026-001422;CLI0221;VEN04;SUC04;Web;Tarjeta Crédito;Completada
VTA001423;23/03/2025;FAC-2025-001423;CLI0525;VEN11;SUC05;Web;Financiación Propia;Completada
VTA001424;20/01/2026;FAC-2026-001424;CLI0175;VEN02;SUC02;Marketplace;Tarjeta Débito;Completada
VTA001425;21/01/2026;FAC-2026-001425;CLI0545;VEN09;SUC03;Marketplace;Transferencia;Completada
VTA001426;15/07/2026;FAC-2026-001426;CLI0371;VEN12;SUC06;Local;Tarjeta Débito;Completada
VTA001427;16/03/2026;FAC-2026-001427;CLI0101;VEN11;SUC05;WhatsApp;Efectivo;Completada
VTA001428;04/04/2025;FAC-2025-001428;CLI0018;VEN14;SUC02;Local;Efectivo;Completada
VTA001429;18/02/2025;FAC-2025-001429;CLI0341;VEN04;SUC04;Local;Tarjeta Débito;Completada
VTA001430;04/02/2026;FAC-2026-001430;CLI0205;VEN11;SUC05;Local;Transferencia;Completada
VTA001431;09/05/2026;FAC-2026-001431;CLI0200;VEN02;SUC02;Local;Efectivo;Completada
VTA001432;01/10/2025;FAC-2025-001432;CLI0200;VEN08;SUC02;Venta Telefónica;Efectivo;Completada
VTA001433;18/03/2026;FAC-2026-001433;CLI0252;VEN03;SUC03;Venta Telefónica;Tarjeta Débito;Completada
VTA001434;09/11/2025;FAC-2025-001434;CLI0159;VEN14;SUC02;Marketplace;Efectivo;Completada
VTA001435;13/02/2025;FAC-2025-001435;CLI0553;VEN12;SUC06;Venta Telefónica;Efectivo;Completada
VTA001436;09/06/2025;FAC-2025-001436;CLI0133;VEN13;SUC01;Local;Financiación Propia;Completada
VTA001437;13/03/2026;FAC-2026-001437;CLI0035;VEN14;SUC02;Local;Efectivo;Completada
VTA001438;05/12/2025;FAC-2025-001438;CLI0332;VEN16;SUC04;Marketplace;Tarjeta Débito;Completada
VTA001439;30/08/2025;FAC-2025-001439;CLI0529;VEN08;SUC02;Local;Tarjeta Crédito;Completada
VTA001440;14/03/2025;FAC-2025-001440;CLI0069;VEN15;SUC03;Venta Telefónica;Tarjeta Crédito;Completada
VTA001441;31/07/2026;FAC-2026-001441;CLI0110;VEN02;SUC02;Venta Telefónica;Efectivo;Completada
VTA001442;20/07/2025;FAC-2025-001442;CLI0011;VEN07;SUC01;Local;Transferencia;Completada
VTA001443;31/01/2025;FAC-2025-001443;CLI0421;VEN02;SUC02;Marketplace;Transferencia;Completada
VTA001444;10/09/2025;FAC-2025-001444;CLI0459;VEN04;SUC04;Marketplace;Efectivo;Completada
VTA001445;30/04/2026;FAC-2026-001445;CLI0226;VEN13;SUC01;Marketplace;Tarjeta Débito;Completada
VTA001446;26/07/2026;FAC-2026-001446;CLI0559;VEN12;SUC06;WhatsApp;Transferencia;Completada
VTA001447;19/04/2026;FAC-2026-001447;CLI0324;VEN03;SUC03;Marketplace;Tarjeta Crédito;Completada
VTA001448;14/07/2025;FAC-2025-001448;CLI0219;VEN04;SUC04;Marketplace;Financiación Propia;Completada
VTA001449;14/07/2026;FAC-2026-001449;CLI0561;VEN02;SUC02;Marketplace;Efectivo;Cancelada
VTA001450;26/04/2026;FAC-2026-001450;CLI0405;VEN01;SUC01;Marketplace;Tarjeta Débito;Completada
VTA001451;01/01/2025;FAC-2025-001451;CLI0044;VEN13;SUC01;Venta Telefónica;Efectivo;Completada
VTA001452;05/01/2025;FAC-2025-001452;CLI0265;VEN15;SUC03;Marketplace;Financiación Propia;Completada
VTA001453;18/05/2025;FAC-2025-001453;CLI0507;VEN16;SUC04;WhatsApp;Tarjeta Crédito;Completada
VTA001454;18/09/2025;FAC-2025-001454;CLI0545;VEN13;SUC01;Marketplace;Financiación Propia;Completada
VTA001455;21/10/2025;FAC-2025-001455;CLI0236;VEN18;SUC06;Venta Telefónica;Transferencia;Completada
VTA001456;20/11/2025;FAC-2025-001456;CLI0408;VEN13;SUC01;Web;Tarjeta Crédito;Completada
VTA001457;12/12/2025;FAC-2025-001457;CLI0317;VEN02;SUC02;Web;Efectivo;Completada
VTA001458;29/11/2025;FAC-2025-001458;CLI0240;VEN14;SUC02;WhatsApp;Transferencia;Completada
VTA001459;22/06/2026;FAC-2026-001459;CLI0399;VEN16;SUC04;WhatsApp;Financiación Propia;Completada
VTA001460;17/05/2025;FAC-2025-001460;CLI0250;VEN18;SUC06;Venta Telefónica;Tarjeta Débito;Cancelada
VTA001461;03/04/2026;FAC-2026-001461;CLI0278;VEN04;SUC04;Web;Tarjeta Débito;Completada
VTA001462;25/07/2025;FAC-2025-001462;CLI0176;VEN09;SUC03;Web;Tarjeta Débito;Completada
VTA001463;11/04/2025;FAC-2025-001463;CLI0476;VEN07;SUC01;Venta Telefónica;Financiación Propia;Cancelada
VTA001464;13/01/2025;FAC-2025-001464;CLI0258;VEN09;SUC03;Venta Telefónica;Transferencia;Cancelada
VTA001465;20/06/2026;FAC-2026-001465;CLI0593;VEN03;SUC03;Venta Telefónica;Transferencia;Completada
VTA001466;22/07/2025;FAC-2025-001466;CLI0145;VEN01;SUC01;Local;Efectivo;Completada
VTA001467;06/06/2025;FAC-2025-001467;CLI0217;VEN12;SUC06;WhatsApp;Financiación Propia;Completada
VTA001468;26/09/2025;FAC-2025-001468;CLI0113;VEN17;SUC05;Marketplace;Efectivo;Completada
VTA001469;12/03/2026;FAC-2026-001469;CLI0278;VEN12;SUC06;WhatsApp;Tarjeta Débito;Completada
VTA001470;10/03/2025;FAC-2025-001470;CLI0297;VEN05;SUC05;Venta Telefónica;Transferencia;Completada
VTA001471;06/08/2025;FAC-2025-001471;CLI0244;VEN09;SUC03;Marketplace;Tarjeta Crédito;Completada
VTA001472;23/01/2026;FAC-2026-001472;CLI0564;VEN06;SUC06;Local;Financiación Propia;Completada
VTA001473;25/01/2025;FAC-2025-001473;CLI0547;VEN11;SUC05;Venta Telefónica;Financiación Propia;Completada
VTA001474;16/05/2025;FAC-2025-001474;CLI0148;VEN17;SUC05;Web;Tarjeta Débito;Completada
VTA001475;17/03/2025;FAC-2025-001475;CLI0459;VEN10;SUC04;Marketplace;Transferencia;Completada
VTA001476;16/07/2025;FAC-2025-001476;CLI0134;VEN05;SUC05;Local;Financiación Propia;Cancelada
VTA001477;05/12/2025;FAC-2025-001477;CLI0117;VEN01;SUC01;Marketplace;Financiación Propia;Completada
VTA001478;16/11/2025;FAC-2025-001478;CLI0091;VEN02;SUC02;Venta Telefónica;Efectivo;Completada
VTA001479;02/03/2026;FAC-2026-001479;CLI0011;VEN13;SUC01;WhatsApp;Tarjeta Crédito;Completada
VTA001480;23/06/2025;FAC-2025-001480;CLI0521;VEN04;SUC04;Marketplace;Tarjeta Débito;Completada
VTA001481;03/06/2025;FAC-2025-001481;CLI0512;VEN10;SUC04;Web;Tarjeta Crédito;Completada
VTA001482;22/05/2025;FAC-2025-001482;CLI0010;VEN06;SUC06;Venta Telefónica;Tarjeta Débito;Completada
VTA001483;26/04/2025;FAC-2025-001483;CLI0200;VEN18;SUC06;Marketplace;Financiación Propia;Completada
VTA001484;13/02/2026;FAC-2026-001484;CLI0126;VEN08;SUC02;Marketplace;Tarjeta Crédito;Completada
VTA001485;29/10/2025;FAC-2025-001485;CLI0589;VEN08;SUC02;Marketplace;Efectivo;Completada
VTA001486;28/05/2026;FAC-2026-001486;CLI0409;VEN03;SUC03;Local;Efectivo;Completada
VTA001487;23/01/2026;FAC-2026-001487;CLI0234;VEN04;SUC04;Venta Telefónica;Transferencia;Completada
VTA001488;29/03/2025;FAC-2025-001488;CLI0186;VEN15;SUC03;Local;Tarjeta Débito;Completada
VTA001489;03/07/2025;FAC-2025-001489;CLI0462;VEN18;SUC06;Marketplace;Transferencia;Completada
VTA001490;14/11/2025;FAC-2025-001490;CLI0430;VEN02;SUC02;Venta Telefónica;Financiación Propia;Completada
VTA001491;15/11/2025;FAC-2025-001491;CLI0374;VEN12;SUC06;Marketplace;Efectivo;Completada
VTA001492;26/03/2026;FAC-2026-001492;CLI0311;VEN11;SUC05;Venta Telefónica;Transferencia;Completada
VTA001493;24/12/2025;FAC-2025-001493;CLI0386;VEN18;SUC06;Local;Financiación Propia;Completada
VTA001494;03/02/2026;FAC-2026-001494;CLI0147;VEN17;SUC05;Local;Transferencia;Completada
VTA001495;16/01/2025;FAC-2025-001495;CLI0582;VEN11;SUC05;Web;Efectivo;Completada
VTA001496;09/04/2026;FAC-2026-001496;CLI0211;VEN16;SUC04;Marketplace;Tarjeta Crédito;Completada
VTA001497;08/06/2025;FAC-2025-001497;CLI0045;VEN04;SUC04;Web;Tarjeta Débito;Completada
VTA001498;15/05/2026;FAC-2026-001498;CLI0318;VEN09;SUC03;Venta Telefónica;Tarjeta Débito;Completada
VTA001499;30/04/2026;FAC-2026-001499;CLI0151;VEN05;SUC05;Web;Financiación Propia;Completada
VTA001500;19/04/2026;FAC-2026-001500;CLI0473;VEN10;SUC04;Local;Tarjeta Crédito;Completada
VTA001501;05/11/2025;FAC-2025-001501;CLI0157;VEN09;SUC03;Web;Tarjeta Débito;Completada
VTA001502;01/12/2025;FAC-2025-001502;CLI0420;VEN05;SUC05;Web;Tarjeta Débito;Completada
VTA001503;13/05/2026;FAC-2026-001503;CLI0199;VEN05;SUC05;Venta Telefónica;Tarjeta Débito;Completada
VTA001504;30/07/2025;FAC-2025-001504;CLI0462;VEN11;SUC05;Local;Tarjeta Crédito;Completada
VTA001505;20/11/2025;FAC-2025-001505;CLI0006;VEN05;SUC05;Venta Telefónica;Tarjeta Crédito;Completada
VTA001506;21/04/2025;FAC-2025-001506;CLI0480;VEN14;SUC02;Venta Telefónica;Efectivo;Completada
VTA001507;04/03/2025;FAC-2025-001507;CLI0497;VEN05;SUC05;Local;Transferencia;Completada
VTA001508;14/03/2026;FAC-2026-001508;CLI0021;VEN02;SUC02;WhatsApp;Efectivo;Completada
VTA001509;29/12/2025;FAC-2025-001509;CLI0443;VEN03;SUC03;Web;Financiación Propia;Completada
VTA001510;16/01/2025;FAC-2025-001510;CLI0277;VEN11;SUC05;Web;Efectivo;Completada
VTA001511;23/01/2025;FAC-2025-001511;CLI0114;VEN05;SUC05;Marketplace;Transferencia;Completada
VTA001512;25/06/2025;FAC-2025-001512;CLI0385;VEN12;SUC06;Marketplace;Financiación Propia;Completada
VTA001513;25/07/2026;FAC-2026-001513;CLI0164;VEN02;SUC02;Marketplace;Efectivo;Completada
VTA001514;09/04/2026;FAC-2026-001514;CLI0189;VEN04;SUC04;Marketplace;Transferencia;Completada
VTA001515;12/07/2025;FAC-2025-001515;CLI0474;VEN18;SUC06;Marketplace;Tarjeta Débito;Completada
VTA001516;03/04/2026;FAC-2026-001516;CLI0214;VEN15;SUC03;WhatsApp;Financiación Propia;Completada
VTA001517;11/02/2025;FAC-2025-001517;CLI0459;VEN11;SUC05;Venta Telefónica;Transferencia;Completada
VTA001518;16/05/2025;FAC-2025-001518;CLI0004;VEN05;SUC05;WhatsApp;Efectivo;Completada
VTA001519;12/07/2026;FAC-2026-001519;CLI0526;VEN13;SUC01;Marketplace;Tarjeta Débito;Completada
VTA001520;20/10/2025;FAC-2025-001520;CLI0377;VEN06;SUC06;Marketplace;Financiación Propia;Completada
VTA001521;17/01/2026;FAC-2026-001521;CLI0422;VEN11;SUC05;Web;Financiación Propia;Completada
VTA001522;21/02/2026;FAC-2026-001522;CLI0408;VEN05;SUC05;WhatsApp;Efectivo;Completada
VTA001523;11/05/2025;FAC-2025-001523;CLI0013;VEN03;SUC03;WhatsApp;Financiación Propia;Completada
VTA001524;25/06/2025;FAC-2025-001524;CLI0465;VEN13;SUC01;WhatsApp;Tarjeta Débito;Completada
VTA001525;23/05/2025;FAC-2025-001525;CLI0202;VEN01;SUC01;WhatsApp;Tarjeta Crédito;Completada
VTA001526;22/05/2025;FAC-2025-001526;CLI0533;VEN09;SUC03;Local;Tarjeta Débito;Completada
VTA001527;11/01/2026;FAC-2026-001527;CLI0541;VEN10;SUC04;Marketplace;Tarjeta Débito;Completada
VTA001528;25/02/2026;FAC-2026-001528;CLI0569;VEN07;SUC01;Local;Tarjeta Débito;Completada
VTA001529;11/05/2025;FAC-2025-001529;CLI0460;VEN16;SUC04;Marketplace;Tarjeta Crédito;Completada
VTA001530;17/04/2025;FAC-2025-001530;CLI0533;VEN06;SUC06;Web;Transferencia;Pendiente
VTA001531;15/02/2025;FAC-2025-001531;CLI0394;VEN09;SUC03;Venta Telefónica;Efectivo;Completada
VTA001532;03/07/2026;FAC-2026-001532;CLI0513;VEN09;SUC03;Web;Tarjeta Débito;Completada
VTA001533;14/07/2025;FAC-2025-001533;CLI0199;VEN11;SUC05;Venta Telefónica;Tarjeta Crédito;Completada
VTA001534;27/07/2026;FAC-2026-001534;CLI0588;VEN05;SUC05;Marketplace;Efectivo;Completada
VTA001535;12/01/2026;FAC-2026-001535;CLI0257;VEN09;SUC03;Venta Telefónica;Tarjeta Débito;Completada
VTA001536;06/02/2025;FAC-2025-001536;CLI0563;VEN17;SUC05;WhatsApp;Tarjeta Crédito;Completada
VTA001537;27/04/2025;FAC-2025-001537;CLI0117;VEN05;SUC05;WhatsApp;Tarjeta Débito;Cancelada
VTA001538;20/02/2026;FAC-2026-001538;CLI0245;VEN10;SUC04;Marketplace;Tarjeta Débito;Completada
VTA001539;21/04/2025;FAC-2025-001539;CLI0229;VEN15;SUC03;WhatsApp;Transferencia;Completada
VTA001540;15/02/2026;FAC-2026-001540;CLI0524;VEN03;SUC03;Venta Telefónica;Efectivo;Completada
VTA001541;30/06/2025;FAC-2025-001541;CLI0547;VEN15;SUC03;Marketplace;Tarjeta Débito;Completada
VTA001542;14/10/2025;FAC-2025-001542;CLI0374;VEN08;SUC02;Venta Telefónica;Efectivo;Completada
VTA001543;31/05/2026;FAC-2026-001543;CLI0178;VEN17;SUC05;Marketplace;Financiación Propia;Completada
VTA001544;18/09/2025;FAC-2025-001544;CLI0013;VEN04;SUC04;Web;Tarjeta Débito;Completada
VTA001545;01/04/2026;FAC-2026-001545;CLI0027;VEN02;SUC02;Venta Telefónica;Financiación Propia;Completada
VTA001546;02/11/2025;FAC-2025-001546;CLI0239;VEN02;SUC02;Venta Telefónica;Tarjeta Débito;Completada
VTA001547;15/07/2025;FAC-2025-001547;CLI0258;VEN11;SUC05;WhatsApp;Efectivo;Completada
VTA001548;21/02/2026;FAC-2026-001548;CLI0284;VEN06;SUC06;WhatsApp;Efectivo;Completada
VTA001549;19/12/2025;FAC-2025-001549;CLI0064;VEN08;SUC02;WhatsApp;Tarjeta Crédito;Completada
VTA001550;16/06/2025;FAC-2025-001550;CLI0102;VEN09;SUC03;Web;Tarjeta Débito;Completada
VTA001551;07/06/2025;FAC-2025-001551;CLI0023;VEN07;SUC01;Local;Financiación Propia;Completada
VTA001552;05/03/2025;FAC-2025-001552;CLI0008;VEN06;SUC06;Venta Telefónica;Tarjeta Crédito;Completada
VTA001553;09/03/2026;FAC-2026-001553;CLI0273;VEN08;SUC02;Local;Tarjeta Débito;Completada
VTA001554;10/02/2026;FAC-2026-001554;CLI0102;VEN11;SUC05;Local;Tarjeta Crédito;Completada
VTA001555;25/02/2026;FAC-2026-001555;CLI0552;VEN16;SUC04;Venta Telefónica;Efectivo;Completada
VTA001556;04/05/2026;FAC-2026-001556;CLI0497;VEN17;SUC05;Marketplace;Tarjeta Débito;Pendiente
VTA001557;19/06/2025;FAC-2025-001557;CLI0413;VEN02;SUC02;Web;Financiación Propia;Completada
VTA001558;29/10/2025;FAC-2025-001558;CLI0201;VEN04;SUC04;Local;Financiación Propia;Pendiente
VTA001559;03/07/2026;FAC-2026-001559;CLI0485;VEN06;SUC06;Marketplace;Tarjeta Crédito;Completada
VTA001560;13/04/2025;FAC-2025-001560;CLI0072;VEN06;SUC06;Marketplace;Financiación Propia;Completada
VTA001561;27/01/2026;FAC-2026-001561;CLI0409;VEN13;SUC01;WhatsApp;Transferencia;Completada
VTA001562;08/07/2026;FAC-2026-001562;CLI0040;VEN18;SUC06;Local;Tarjeta Débito;Completada
VTA001563;27/04/2026;FAC-2026-001563;CLI0478;VEN10;SUC04;Venta Telefónica;Efectivo;Completada
VTA001564;11/07/2025;FAC-2025-001564;CLI0201;VEN12;SUC06;Marketplace;Financiación Propia;Completada
VTA001565;24/07/2026;FAC-2026-001565;CLI0450;VEN03;SUC03;Venta Telefónica;Financiación Propia;Completada
VTA001566;31/12/2025;FAC-2025-001566;CLI0060;VEN04;SUC04;Venta Telefónica;Transferencia;Completada
VTA001567;03/02/2025;FAC-2025-001567;CLI0068;VEN18;SUC06;WhatsApp;Financiación Propia;Completada
VTA001568;25/07/2025;FAC-2025-001568;CLI0278;VEN18;SUC06;Marketplace;Financiación Propia;Completada
VTA001569;20/03/2026;FAC-2026-001569;CLI0593;VEN01;SUC01;Web;Transferencia;Completada
VTA001570;24/03/2025;FAC-2025-001570;CLI0303;VEN10;SUC04;Venta Telefónica;Transferencia;Completada
VTA001571;18/12/2025;FAC-2025-001571;CLI0163;VEN14;SUC02;Web;Efectivo;Completada
VTA001572;19/04/2026;FAC-2026-001572;CLI0492;VEN12;SUC06;WhatsApp;Efectivo;Completada
VTA001573;23/07/2025;FAC-2025-001573;CLI0401;VEN16;SUC04;Marketplace;Tarjeta Crédito;Completada
VTA001574;28/04/2025;FAC-2025-001574;CLI0473;VEN06;SUC06;Local;Financiación Propia;Completada
VTA001575;18/11/2025;FAC-2025-001575;CLI0330;VEN12;SUC06;Local;Efectivo;Completada
VTA001576;25/12/2025;FAC-2025-001576;CLI0047;VEN06;SUC06;WhatsApp;Efectivo;Completada
VTA001577;28/10/2025;FAC-2025-001577;CLI0364;VEN01;SUC01;Marketplace;Financiación Propia;Pendiente
VTA001578;13/03/2026;FAC-2026-001578;CLI0012;VEN15;SUC03;WhatsApp;Transferencia;Completada
VTA001579;26/07/2026;FAC-2026-001579;CLI0250;VEN10;SUC04;Web;Tarjeta Débito;Completada
VTA001580;14/05/2026;FAC-2026-001580;CLI0544;VEN06;SUC06;Venta Telefónica;Tarjeta Crédito;Completada
VTA001581;21/07/2025;FAC-2025-001581;CLI0240;VEN15;SUC03;WhatsApp;Tarjeta Débito;Completada
VTA001582;26/02/2026;FAC-2026-001582;CLI0402;VEN10;SUC04;Venta Telefónica;Financiación Propia;Completada
VTA001583;09/03/2025;FAC-2025-001583;CLI0597;VEN13;SUC01;Local;Financiación Propia;Completada
VTA001584;12/04/2026;FAC-2026-001584;CLI0356;VEN15;SUC03;Local;Financiación Propia;Completada
VTA001585;18/05/2025;FAC-2025-001585;CLI0501;VEN10;SUC04;Marketplace;Tarjeta Débito;Completada
VTA001586;23/07/2025;FAC-2025-001586;CLI0478;VEN01;SUC01;Marketplace;Efectivo;Completada
VTA001587;20/04/2026;FAC-2026-001587;CLI0391;VEN17;SUC05;Web;Tarjeta Crédito;Completada
VTA001588;28/05/2025;FAC-2025-001588;CLI0542;VEN06;SUC06;WhatsApp;Tarjeta Crédito;Completada
VTA001589;05/01/2025;FAC-2025-001589;CLI0116;VEN17;SUC05;Venta Telefónica;Financiación Propia;Completada
VTA001590;18/07/2025;FAC-2025-001590;CLI0076;VEN11;SUC05;Local;Tarjeta Débito;Completada
VTA001591;28/04/2025;FAC-2025-001591;CLI0587;VEN09;SUC03;Venta Telefónica;Financiación Propia;Completada
VTA001592;27/04/2025;FAC-2025-001592;CLI0027;VEN11;SUC05;Local;Transferencia;Completada
VTA001593;04/02/2025;FAC-2025-001593;CLI0093;VEN10;SUC04;Venta Telefónica;Transferencia;Completada
VTA001594;02/05/2025;FAC-2025-001594;CLI0058;VEN11;SUC05;Web;Transferencia;Completada
VTA001595;22/01/2025;FAC-2025-001595;CLI0426;VEN07;SUC01;Web;Financiación Propia;Completada
VTA001596;05/02/2026;FAC-2026-001596;CLI0353;VEN02;SUC02;Venta Telefónica;Financiación Propia;Completada
VTA001597;26/05/2025;FAC-2025-001597;CLI0368;VEN13;SUC01;Web;Efectivo;Completada
VTA001598;18/04/2025;FAC-2025-001598;CLI0238;VEN10;SUC04;WhatsApp;Tarjeta Crédito;Completada
VTA001599;20/04/2025;FAC-2025-001599;CLI0589;VEN11;SUC05;Web;Efectivo;Completada
VTA001600;01/12/2025;FAC-2025-001600;CLI0470;VEN17;SUC05;WhatsApp;Transferencia;Completada
VTA001601;26/06/2025;FAC-2025-001601;CLI0240;VEN10;SUC04;Marketplace;Efectivo;Completada
VTA001602;11/02/2026;FAC-2026-001602;CLI0597;VEN12;SUC06;Local;Tarjeta Crédito;Completada
VTA001603;04/12/2025;FAC-2025-001603;CLI0196;VEN01;SUC01;Local;Tarjeta Crédito;Completada
VTA001604;24/04/2025;FAC-2025-001604;CLI0204;VEN10;SUC04;Local;Transferencia;Completada
VTA001605;21/02/2026;FAC-2026-001605;CLI0218;VEN03;SUC03;Marketplace;Transferencia;Completada
VTA001606;10/05/2025;FAC-2025-001606;CLI0433;VEN10;SUC04;Local;Efectivo;Completada
VTA001607;25/06/2026;FAC-2026-001607;CLI0141;VEN06;SUC06;Venta Telefónica;Tarjeta Crédito;Completada
VTA001608;03/03/2026;FAC-2026-001608;CLI0369;VEN04;SUC04;Web;Transferencia;Completada
VTA001609;26/03/2025;FAC-2025-001609;CLI0145;VEN08;SUC02;Local;Efectivo;Cancelada
VTA001610;02/05/2025;FAC-2025-001610;CLI0123;VEN06;SUC06;Venta Telefónica;Transferencia;Completada
VTA001611;14/10/2025;FAC-2025-001611;CLI0556;VEN13;SUC01;Marketplace;Transferencia;Completada
VTA001612;01/08/2025;FAC-2025-001612;CLI0530;VEN14;SUC02;Venta Telefónica;Tarjeta Débito;Completada
VTA001613;29/05/2026;FAC-2026-001613;CLI0393;VEN06;SUC06;Venta Telefónica;Tarjeta Crédito;Completada
VTA001614;21/04/2026;FAC-2026-001614;CLI0134;VEN09;SUC03;WhatsApp;Financiación Propia;Completada
VTA001615;03/10/2025;FAC-2025-001615;CLI0048;VEN12;SUC06;Venta Telefónica;Tarjeta Crédito;Completada
VTA001616;17/07/2025;FAC-2025-001616;CLI0484;VEN08;SUC02;Marketplace;Transferencia;Completada
VTA001617;12/06/2025;FAC-2025-001617;CLI0005;VEN13;SUC01;Marketplace;Transferencia;Completada
VTA001618;01/04/2025;FAC-2025-001618;CLI0504;VEN10;SUC04;Marketplace;Tarjeta Débito;Completada
VTA001619;11/06/2025;FAC-2025-001619;CLI0076;VEN05;SUC05;Web;Tarjeta Crédito;Cancelada
VTA001620;29/06/2026;FAC-2026-001620;CLI0177;VEN05;SUC05;Venta Telefónica;Efectivo;Cancelada
VTA001621;24/01/2025;FAC-2025-001621;CLI0590;VEN16;SUC04;Venta Telefónica;Financiación Propia;Completada
VTA001622;12/11/2025;FAC-2025-001622;CLI0433;VEN17;SUC05;WhatsApp;Efectivo;Completada
VTA001623;13/02/2026;FAC-2026-001623;CLI0016;VEN17;SUC05;Local;Transferencia;Completada
VTA001624;12/07/2025;FAC-2025-001624;CLI0425;VEN01;SUC01;Web;Financiación Propia;Completada
VTA001625;11/02/2025;FAC-2025-001625;CLI0398;VEN05;SUC05;Web;Transferencia;Completada
VTA001626;24/05/2025;FAC-2025-001626;CLI0244;VEN15;SUC03;Marketplace;Tarjeta Débito;Completada
VTA001627;18/10/2025;FAC-2025-001627;CLI0261;VEN01;SUC01;Venta Telefónica;Transferencia;Completada
VTA001628;21/08/2025;FAC-2025-001628;CLI0444;VEN14;SUC02;Local;Transferencia;Completada
VTA001629;23/07/2026;FAC-2026-001629;CLI0238;VEN01;SUC01;Local;Tarjeta Débito;Completada
VTA001630;27/06/2025;FAC-2025-001630;CLI0274;VEN11;SUC05;WhatsApp;Transferencia;Completada
VTA001631;14/02/2026;FAC-2026-001631;CLI0572;VEN04;SUC04;WhatsApp;Financiación Propia;Completada
VTA001632;31/05/2025;FAC-2025-001632;CLI0260;VEN12;SUC06;Marketplace;Efectivo;Completada
VTA001633;19/11/2025;FAC-2025-001633;CLI0445;VEN06;SUC06;Local;Tarjeta Crédito;Pendiente
VTA001634;25/04/2025;FAC-2025-001634;CLI0250;VEN16;SUC04;Web;Tarjeta Crédito;Completada
VTA001635;05/01/2025;FAC-2025-001635;CLI0482;VEN13;SUC01;Marketplace;Financiación Propia;Completada
VTA001636;05/05/2025;FAC-2025-001636;CLI0415;VEN16;SUC04;WhatsApp;Financiación Propia;Completada
VTA001637;23/05/2025;FAC-2025-001637;CLI0273;VEN02;SUC02;Marketplace;Tarjeta Crédito;Completada
VTA001638;22/11/2025;FAC-2025-001638;CLI0526;VEN15;SUC03;WhatsApp;Tarjeta Crédito;Completada
VTA001639;29/01/2026;FAC-2026-001639;CLI0002;VEN17;SUC05;WhatsApp;Financiación Propia;Completada
VTA001640;19/03/2026;FAC-2026-001640;CLI0018;VEN05;SUC05;Web;Financiación Propia;Completada
VTA001641;21/11/2025;FAC-2025-001641;CLI0340;VEN18;SUC06;Marketplace;Efectivo;Completada
VTA001642;17/12/2025;FAC-2025-001642;CLI0392;VEN01;SUC01;Marketplace;Financiación Propia;Completada
VTA001643;21/09/2025;FAC-2025-001643;CLI0349;VEN08;SUC02;WhatsApp;Financiación Propia;Completada
VTA001644;06/08/2025;FAC-2025-001644;CLI0193;VEN16;SUC04;WhatsApp;Tarjeta Crédito;Completada
VTA001645;02/07/2026;FAC-2026-001645;CLI0384;VEN11;SUC05;WhatsApp;Tarjeta Débito;Completada
VTA001646;28/08/2025;FAC-2025-001646;CLI0125;VEN09;SUC03;Marketplace;Transferencia;Completada
VTA001647;07/07/2025;FAC-2025-001647;CLI0197;VEN05;SUC05;Venta Telefónica;Efectivo;Completada
VTA001648;16/08/2025;FAC-2025-001648;CLI0215;VEN03;SUC03;Venta Telefónica;Financiación Propia;Completada
VTA001649;16/03/2026;FAC-2026-001649;CLI0014;VEN11;SUC05;Local;Transferencia;Completada
VTA001650;24/01/2025;FAC-2025-001650;CLI0380;VEN09;SUC03;Web;Efectivo;Completada
VTA001651;19/02/2026;FAC-2026-001651;CLI0157;VEN03;SUC03;Marketplace;Financiación Propia;Completada
VTA001652;02/02/2025;FAC-2025-001652;CLI0142;VEN09;SUC03;Venta Telefónica;Efectivo;Completada
VTA001653;05/01/2025;FAC-2025-001653;CLI0283;VEN10;SUC04;WhatsApp;Tarjeta Débito;Completada
VTA001654;30/03/2026;FAC-2026-001654;CLI0310;VEN11;SUC05;Venta Telefónica;Tarjeta Débito;Completada
VTA001655;11/07/2026;FAC-2026-001655;CLI0053;VEN13;SUC01;WhatsApp;Financiación Propia;Cancelada
VTA001656;24/04/2026;FAC-2026-001656;CLI0159;VEN02;SUC02;Web;Financiación Propia;Completada
VTA001657;20/06/2025;FAC-2025-001657;CLI0284;VEN18;SUC06;Marketplace;Efectivo;Completada
VTA001658;11/07/2026;FAC-2026-001658;CLI0590;VEN11;SUC05;Web;Financiación Propia;Completada
VTA001659;21/04/2026;FAC-2026-001659;CLI0306;VEN18;SUC06;Marketplace;Financiación Propia;Completada
VTA001660;01/02/2025;FAC-2025-001660;CLI0310;VEN15;SUC03;Marketplace;Tarjeta Crédito;Completada
VTA001661;22/02/2025;FAC-2025-001661;CLI0076;VEN04;SUC04;Web;Financiación Propia;Completada
VTA001662;24/10/2025;FAC-2025-001662;CLI0258;VEN16;SUC04;Web;Financiación Propia;Completada
VTA001663;04/06/2025;FAC-2025-001663;CLI0195;VEN18;SUC06;Venta Telefónica;Tarjeta Crédito;Completada
VTA001664;08/11/2025;FAC-2025-001664;CLI0252;VEN08;SUC02;Venta Telefónica;Transferencia;Completada
VTA001665;24/04/2026;FAC-2026-001665;CLI0002;VEN10;SUC04;Venta Telefónica;Tarjeta Débito;Completada
VTA001666;26/04/2025;FAC-2025-001666;CLI0528;VEN15;SUC03;Web;Tarjeta Débito;Completada
VTA001667;25/04/2025;FAC-2025-001667;CLI0318;VEN07;SUC01;WhatsApp;Transferencia;Completada
VTA001668;22/05/2025;FAC-2025-001668;CLI0162;VEN13;SUC01;Marketplace;Efectivo;Completada
VTA001669;16/05/2026;FAC-2026-001669;CLI0272;VEN02;SUC02;Local;Tarjeta Débito;Completada
VTA001670;14/08/2025;FAC-2025-001670;CLI0104;VEN05;SUC05;Local;Tarjeta Débito;Completada
VTA001671;26/04/2026;FAC-2026-001671;CLI0035;VEN06;SUC06;Local;Financiación Propia;Completada
VTA001672;02/06/2025;FAC-2025-001672;CLI0040;VEN12;SUC06;Venta Telefónica;Financiación Propia;Completada
VTA001673;17/02/2025;FAC-2025-001673;CLI0029;VEN06;SUC06;Local;Tarjeta Débito;Completada
VTA001674;27/02/2025;FAC-2025-001674;CLI0374;VEN16;SUC04;Marketplace;Efectivo;Completada
VTA001675;23/11/2025;FAC-2025-001675;CLI0337;VEN01;SUC01;Venta Telefónica;Tarjeta Crédito;Completada
VTA001676;28/01/2025;FAC-2025-001676;CLI0259;VEN11;SUC05;Marketplace;Tarjeta Crédito;Completada
VTA001677;20/10/2025;FAC-2025-001677;CLI0169;VEN06;SUC06;Venta Telefónica;Tarjeta Crédito;Completada
VTA001678;07/02/2025;FAC-2025-001678;CLI0364;VEN10;SUC04;Venta Telefónica;Tarjeta Débito;Completada
VTA001679;31/08/2025;FAC-2025-001679;CLI0078;VEN18;SUC06;Web;Tarjeta Crédito;Completada
VTA001680;15/03/2025;FAC-2025-001680;CLI0311;VEN13;SUC01;Marketplace;Financiación Propia;Completada
VTA001681;08/10/2025;FAC-2025-001681;CLI0361;VEN10;SUC04;WhatsApp;Efectivo;Completada
VTA001682;04/06/2025;FAC-2025-001682;CLI0357;VEN09;SUC03;WhatsApp;Tarjeta Crédito;Completada
VTA001683;06/07/2026;FAC-2026-001683;CLI0600;VEN01;SUC01;Venta Telefónica;Tarjeta Crédito;Completada
VTA001684;24/11/2025;FAC-2025-001684;CLI0349;VEN05;SUC05;WhatsApp;Efectivo;Completada
VTA001685;23/09/2025;FAC-2025-001685;CLI0237;VEN09;SUC03;Local;Tarjeta Débito;Completada
VTA001686;15/10/2025;FAC-2025-001686;CLI0060;VEN16;SUC04;Web;Tarjeta Crédito;Completada
VTA001687;07/06/2026;FAC-2026-001687;CLI0453;VEN18;SUC06;WhatsApp;Transferencia;Completada
VTA001688;08/09/2025;FAC-2025-001688;CLI0058;VEN09;SUC03;Local;Transferencia;Completada
VTA001689;07/07/2026;FAC-2026-001689;CLI0186;VEN14;SUC02;Web;Tarjeta Crédito;Completada
VTA001690;23/01/2025;FAC-2025-001690;CLI0037;VEN14;SUC02;Venta Telefónica;Financiación Propia;Completada
VTA001691;15/07/2025;FAC-2025-001691;CLI0285;VEN15;SUC03;Local;Tarjeta Crédito;Completada
VTA001692;02/05/2026;FAC-2026-001692;CLI0189;VEN14;SUC02;Web;Efectivo;Completada
VTA001693;21/03/2025;FAC-2025-001693;CLI0519;VEN02;SUC02;Venta Telefónica;Efectivo;Completada
VTA001694;15/02/2026;FAC-2026-001694;CLI0511;VEN17;SUC05;Venta Telefónica;Tarjeta Crédito;Completada
VTA001695;04/07/2026;FAC-2026-001695;CLI0397;VEN07;SUC01;Local;Transferencia;Completada
VTA001696;15/07/2025;FAC-2025-001696;CLI0072;VEN15;SUC03;Marketplace;Tarjeta Crédito;Completada
VTA001697;29/04/2025;FAC-2025-001697;CLI0584;VEN17;SUC05;Web;Financiación Propia;Completada
VTA001698;11/10/2025;FAC-2025-001698;CLI0450;VEN08;SUC02;Marketplace;Transferencia;Completada
VTA001699;02/07/2026;FAC-2026-001699;CLI0390;VEN17;SUC05;Local;Transferencia;Completada
VTA001700;16/07/2026;FAC-2026-001700;CLI0383;VEN06;SUC06;Web;Tarjeta Crédito;Completada
VTA001701;27/07/2026;FAC-2026-001701;CLI0357;VEN15;SUC03;WhatsApp;Financiación Propia;Completada
VTA001702;09/08/2025;FAC-2025-001702;CLI0034;VEN10;SUC04;Web;Efectivo;Completada
VTA001703;12/01/2025;FAC-2025-001703;CLI0146;VEN06;SUC06;Local;Tarjeta Crédito;Completada
VTA001704;21/03/2025;FAC-2025-001704;CLI0459;VEN15;SUC03;Marketplace;Tarjeta Débito;Completada
VTA001705;04/05/2025;FAC-2025-001705;CLI0458;VEN01;SUC01;Marketplace;Tarjeta Débito;Completada
VTA001706;04/04/2026;FAC-2026-001706;CLI0388;VEN12;SUC06;Web;Financiación Propia;Completada
VTA001707;18/06/2025;FAC-2025-001707;CLI0381;VEN06;SUC06;Local;Tarjeta Crédito;Completada
VTA001708;02/07/2025;FAC-2025-001708;CLI0407;VEN05;SUC05;Venta Telefónica;Tarjeta Crédito;Completada
VTA001709;09/12/2025;FAC-2025-001709;CLI0078;VEN07;SUC01;Marketplace;Tarjeta Crédito;Completada
VTA001710;03/08/2025;FAC-2025-001710;CLI0409;VEN17;SUC05;Marketplace;Tarjeta Débito;Completada
VTA001711;30/01/2025;FAC-2025-001711;CLI0535;VEN07;SUC01;Web;Tarjeta Débito;Completada
VTA001712;06/05/2026;FAC-2026-001712;CLI0510;VEN10;SUC04;Local;Transferencia;Completada
VTA001713;15/04/2026;FAC-2026-001713;CLI0040;VEN14;SUC02;Local;Transferencia;Completada
VTA001714;28/03/2026;FAC-2026-001714;CLI0029;VEN17;SUC05;Web;Efectivo;Completada
VTA001715;02/02/2025;FAC-2025-001715;CLI0407;VEN18;SUC06;Web;Efectivo;Completada
VTA001716;22/10/2025;FAC-2025-001716;CLI0529;VEN16;SUC04;Web;Efectivo;Completada
VTA001717;08/09/2025;FAC-2025-001717;CLI0103;VEN13;SUC01;Local;Financiación Propia;Pendiente
VTA001718;20/01/2026;FAC-2026-001718;CLI0277;VEN04;SUC04;Venta Telefónica;Tarjeta Crédito;Completada
VTA001719;15/09/2025;FAC-2025-001719;CLI0182;VEN10;SUC04;WhatsApp;Financiación Propia;Completada
VTA001720;23/05/2026;FAC-2026-001720;CLI0174;VEN13;SUC01;WhatsApp;Tarjeta Débito;Completada
VTA001721;19/05/2025;FAC-2025-001721;CLI0077;VEN11;SUC05;Local;Financiación Propia;Completada
VTA001722;21/10/2025;FAC-2025-001722;CLI0549;VEN15;SUC03;Web;Tarjeta Crédito;Completada
VTA001723;05/07/2026;FAC-2026-001723;CLI0500;VEN15;SUC03;WhatsApp;Financiación Propia;Completada
VTA001724;03/07/2026;FAC-2026-001724;CLI0596;VEN02;SUC02;Web;Tarjeta Débito;Completada
VTA001725;10/01/2025;FAC-2025-001725;CLI0097;VEN08;SUC02;Web;Tarjeta Débito;Completada
VTA001726;08/01/2025;FAC-2025-001726;CLI0151;VEN18;SUC06;Web;Financiación Propia;Completada
VTA001727;01/02/2026;FAC-2026-001727;CLI0043;VEN14;SUC02;WhatsApp;Financiación Propia;Completada
VTA001728;20/01/2025;FAC-2025-001728;CLI0599;VEN03;SUC03;Local;Financiación Propia;Completada
VTA001729;25/04/2026;FAC-2026-001729;CLI0099;VEN12;SUC06;WhatsApp;Tarjeta Débito;Completada
VTA001730;05/05/2026;FAC-2026-001730;CLI0177;VEN08;SUC02;Marketplace;Transferencia;Completada
VTA001731;19/12/2025;FAC-2025-001731;CLI0580;VEN04;SUC04;Venta Telefónica;Tarjeta Crédito;Completada
VTA001732;18/04/2025;FAC-2025-001732;CLI0527;VEN03;SUC03;Venta Telefónica;Efectivo;Completada
VTA001733;25/11/2025;FAC-2025-001733;CLI0127;VEN18;SUC06;Web;Tarjeta Crédito;Completada
VTA001734;31/05/2026;FAC-2026-001734;CLI0454;VEN01;SUC01;Marketplace;Tarjeta Débito;Completada
VTA001735;21/06/2026;FAC-2026-001735;CLI0430;VEN04;SUC04;Venta Telefónica;Tarjeta Débito;Completada
VTA001736;07/05/2026;FAC-2026-001736;CLI0340;VEN14;SUC02;Marketplace;Tarjeta Débito;Completada
VTA001737;01/11/2025;FAC-2025-001737;CLI0436;VEN13;SUC01;Marketplace;Transferencia;Completada
VTA001738;16/05/2025;FAC-2025-001738;CLI0425;VEN05;SUC05;WhatsApp;Transferencia;Completada
VTA001739;11/06/2025;FAC-2025-001739;CLI0169;VEN04;SUC04;WhatsApp;Financiación Propia;Completada
VTA001740;10/12/2025;FAC-2025-001740;CLI0363;VEN08;SUC02;Venta Telefónica;Tarjeta Crédito;Completada
VTA001741;23/09/2025;FAC-2025-001741;CLI0154;VEN04;SUC04;Web;Efectivo;Completada
VTA001742;23/12/2025;FAC-2025-001742;CLI0408;VEN13;SUC01;Web;Efectivo;Completada
VTA001743;10/12/2025;FAC-2025-001743;CLI0529;VEN06;SUC06;Web;Tarjeta Débito;Completada
VTA001744;21/12/2025;FAC-2025-001744;CLI0196;VEN12;SUC06;Local;Tarjeta Débito;Completada
VTA001745;04/05/2026;FAC-2026-001745;CLI0235;VEN18;SUC06;Marketplace;Efectivo;Completada
VTA001746;10/03/2026;FAC-2026-001746;CLI0497;VEN17;SUC05;Marketplace;Transferencia;Completada
VTA001747;27/07/2025;FAC-2025-001747;CLI0322;VEN09;SUC03;Web;Financiación Propia;Completada
VTA001748;02/02/2026;FAC-2026-001748;CLI0464;VEN09;SUC03;Local;Transferencia;Completada
VTA001749;25/08/2025;FAC-2025-001749;CLI0082;VEN18;SUC06;Web;Efectivo;Completada
VTA001750;10/03/2025;FAC-2025-001750;CLI0121;VEN18;SUC06;Web;Financiación Propia;Completada
VTA001751;24/01/2026;FAC-2026-001751;CLI0042;VEN18;SUC06;Web;Transferencia;Completada
VTA001752;23/03/2025;FAC-2025-001752;CLI0560;VEN07;SUC01;Local;Transferencia;Completada
VTA001753;16/03/2025;FAC-2025-001753;CLI0256;VEN17;SUC05;Marketplace;Tarjeta Crédito;Completada
VTA001754;26/12/2025;FAC-2025-001754;CLI0473;VEN01;SUC01;Web;Financiación Propia;Completada
VTA001755;18/04/2025;FAC-2025-001755;CLI0082;VEN04;SUC04;Venta Telefónica;Transferencia;Completada
VTA001756;28/03/2025;FAC-2025-001756;CLI0388;VEN12;SUC06;WhatsApp;Efectivo;Completada
VTA001757;01/01/2025;FAC-2025-001757;CLI0509;VEN09;SUC03;Local;Tarjeta Crédito;Completada
VTA001758;28/01/2026;FAC-2026-001758;CLI0072;VEN03;SUC03;Venta Telefónica;Transferencia;Completada
VTA001759;02/05/2026;FAC-2026-001759;CLI0331;VEN07;SUC01;Venta Telefónica;Tarjeta Crédito;Completada
VTA001760;01/07/2025;FAC-2025-001760;CLI0406;VEN04;SUC04;Local;Tarjeta Crédito;Completada
VTA001761;18/05/2025;FAC-2025-001761;CLI0289;VEN12;SUC06;Marketplace;Tarjeta Débito;Completada
VTA001762;29/10/2025;FAC-2025-001762;CLI0092;VEN16;SUC04;Local;Efectivo;Pendiente
VTA001763;04/01/2026;FAC-2026-001763;CLI0123;VEN06;SUC06;WhatsApp;Transferencia;Completada
VTA001764;25/04/2025;FAC-2025-001764;CLI0427;VEN17;SUC05;Web;Transferencia;Completada
VTA001765;16/12/2025;FAC-2025-001765;CLI0587;VEN10;SUC04;Marketplace;Transferencia;Completada
VTA001766;28/03/2025;FAC-2025-001766;CLI0534;VEN01;SUC01;Local;Transferencia;Completada
VTA001767;07/01/2025;FAC-2025-001767;CLI0339;VEN09;SUC03;Marketplace;Tarjeta Débito;Completada
VTA001768;11/02/2026;FAC-2026-001768;CLI0157;VEN08;SUC02;Marketplace;Tarjeta Débito;Completada
VTA001769;04/02/2025;FAC-2025-001769;CLI0439;VEN12;SUC06;Web;Financiación Propia;Completada
VTA001770;10/11/2025;FAC-2025-001770;CLI0314;VEN10;SUC04;Web;Transferencia;Completada
VTA001771;01/09/2025;FAC-2025-001771;CLI0167;VEN08;SUC02;WhatsApp;Tarjeta Débito;Completada
VTA001772;15/09/2025;FAC-2025-001772;CLI0120;VEN05;SUC05;Local;Efectivo;Completada
VTA001773;25/05/2025;FAC-2025-001773;CLI0526;VEN12;SUC06;Marketplace;Efectivo;Completada
VTA001774;18/11/2025;FAC-2025-001774;CLI0184;VEN04;SUC04;Local;Transferencia;Completada
VTA001775;19/10/2025;FAC-2025-001775;CLI0298;VEN10;SUC04;WhatsApp;Tarjeta Débito;Completada
VTA001776;12/09/2025;FAC-2025-001776;CLI0426;VEN14;SUC02;Local;Tarjeta Crédito;Completada
VTA001777;21/03/2025;FAC-2025-001777;CLI0358;VEN17;SUC05;WhatsApp;Transferencia;Cancelada
VTA001778;18/05/2025;FAC-2025-001778;CLI0108;VEN03;SUC03;Local;Tarjeta Débito;Completada
VTA001779;29/06/2026;FAC-2026-001779;CLI0387;VEN04;SUC04;Local;Tarjeta Crédito;Completada
VTA001780;27/07/2026;FAC-2026-001780;CLI0364;VEN17;SUC05;Local;Tarjeta Crédito;Completada
VTA001781;04/09/2025;FAC-2025-001781;CLI0222;VEN13;SUC01;Venta Telefónica;Tarjeta Crédito;Completada
VTA001782;02/01/2025;FAC-2025-001782;CLI0292;VEN02;SUC02;Marketplace;Tarjeta Débito;Completada
VTA001783;19/04/2026;FAC-2026-001783;CLI0314;VEN12;SUC06;Local;Tarjeta Débito;Completada
VTA001784;27/01/2026;FAC-2026-001784;CLI0538;VEN02;SUC02;Venta Telefónica;Tarjeta Crédito;Completada
VTA001785;15/06/2026;FAC-2026-001785;CLI0116;VEN10;SUC04;Marketplace;Transferencia;Completada
VTA001786;28/07/2025;FAC-2025-001786;CLI0366;VEN03;SUC03;WhatsApp;Efectivo;Completada
VTA001787;29/03/2026;FAC-2026-001787;CLI0395;VEN16;SUC04;Local;Tarjeta Débito;Completada
VTA001788;05/10/2025;FAC-2025-001788;CLI0592;VEN09;SUC03;Web;Financiación Propia;Completada
VTA001789;22/06/2026;FAC-2026-001789;CLI0521;VEN11;SUC05;Marketplace;Financiación Propia;Completada
VTA001790;02/11/2025;FAC-2025-001790;CLI0400;VEN02;SUC02;Marketplace;Financiación Propia;Completada
VTA001791;20/01/2026;FAC-2026-001791;CLI0240;VEN10;SUC04;Local;Tarjeta Crédito;Completada
VTA001792;23/06/2025;FAC-2025-001792;CLI0138;VEN17;SUC05;Venta Telefónica;Tarjeta Crédito;Completada
VTA001793;14/07/2026;FAC-2026-001793;CLI0287;VEN05;SUC05;Web;Tarjeta Débito;Completada
VTA001794;28/04/2026;FAC-2026-001794;CLI0352;VEN01;SUC01;Local;Efectivo;Completada
VTA001795;20/10/2025;FAC-2025-001795;CLI0507;VEN10;SUC04;Marketplace;Transferencia;Completada
VTA001796;02/11/2025;FAC-2025-001796;CLI0329;VEN18;SUC06;Web;Financiación Propia;Completada
VTA001797;13/07/2025;FAC-2025-001797;CLI0120;VEN09;SUC03;Local;Tarjeta Crédito;Completada
VTA001798;02/04/2026;FAC-2026-001798;CLI0374;VEN12;SUC06;Marketplace;Efectivo;Completada
VTA001799;23/06/2025;FAC-2025-001799;CLI0263;VEN05;SUC05;WhatsApp;Tarjeta Débito;Completada
VTA001800;04/11/2025;FAC-2025-001800;CLI0013;VEN08;SUC02;WhatsApp;Efectivo;Completada
VTA001801;16/01/2026;FAC-2026-001801;CLI0062;VEN10;SUC04;Local;Financiación Propia;Completada
VTA001802;20/02/2026;FAC-2026-001802;CLI0293;VEN10;SUC04;Local;Transferencia;Completada
VTA001803;28/03/2025;FAC-2025-001803;CLI0388;VEN15;SUC03;Venta Telefónica;Tarjeta Crédito;Cancelada
VTA001804;20/09/2025;FAC-2025-001804;CLI0098;VEN14;SUC02;Venta Telefónica;Tarjeta Débito;Completada
VTA001805;12/03/2026;FAC-2026-001805;CLI0345;VEN14;SUC02;WhatsApp;Efectivo;Completada
VTA001806;28/02/2026;FAC-2026-001806;CLI0533;VEN18;SUC06;Local;Tarjeta Crédito;Completada
VTA001807;16/03/2026;FAC-2026-001807;CLI0253;VEN09;SUC03;Venta Telefónica;Tarjeta Crédito;Completada
VTA001808;05/06/2026;FAC-2026-001808;CLI0402;VEN04;SUC04;Marketplace;Transferencia;Completada
VTA001809;10/02/2025;FAC-2025-001809;CLI0105;VEN01;SUC01;Marketplace;Tarjeta Crédito;Completada
VTA001810;13/10/2025;FAC-2025-001810;CLI0215;VEN15;SUC03;Local;Transferencia;Completada
VTA001811;22/02/2025;FAC-2025-001811;CLI0141;VEN15;SUC03;Local;Tarjeta Débito;Completada
VTA001812;24/02/2025;FAC-2025-001812;CLI0157;VEN08;SUC02;Marketplace;Financiación Propia;Completada
VTA001813;11/02/2026;FAC-2026-001813;CLI0197;VEN02;SUC02;WhatsApp;Tarjeta Débito;Completada
VTA001814;08/11/2025;FAC-2025-001814;CLI0388;VEN13;SUC01;Marketplace;Tarjeta Débito;Completada
VTA001815;20/05/2026;FAC-2026-001815;CLI0385;VEN13;SUC01;Marketplace;Financiación Propia;Completada
VTA001816;28/05/2025;FAC-2025-001816;CLI0477;VEN13;SUC01;WhatsApp;Efectivo;Completada
VTA001817;12/01/2025;FAC-2025-001817;CLI0258;VEN06;SUC06;Local;Efectivo;Completada
VTA001818;24/05/2025;FAC-2025-001818;CLI0130;VEN17;SUC05;WhatsApp;Efectivo;Completada
VTA001819;25/05/2025;FAC-2025-001819;CLI0248;VEN18;SUC06;Web;Financiación Propia;Completada
VTA001820;29/09/2025;FAC-2025-001820;CLI0291;VEN16;SUC04;Web;Efectivo;Completada
VTA001821;29/09/2025;FAC-2025-001821;CLI0519;VEN04;SUC04;Venta Telefónica;Financiación Propia;Completada
VTA001822;24/04/2025;FAC-2025-001822;CLI0449;VEN18;SUC06;Marketplace;Transferencia;Completada
VTA001823;01/02/2025;FAC-2025-001823;CLI0305;VEN17;SUC05;Web;Transferencia;Completada
VTA001824;12/02/2025;FAC-2025-001824;CLI0103;VEN18;SUC06;Local;Financiación Propia;Completada
VTA001825;21/06/2026;FAC-2026-001825;CLI0361;VEN13;SUC01;Marketplace;Tarjeta Crédito;Completada
VTA001826;15/04/2026;FAC-2026-001826;CLI0460;VEN03;SUC03;Local;Tarjeta Crédito;Completada
VTA001827;11/07/2026;FAC-2026-001827;CLI0058;VEN06;SUC06;Web;Tarjeta Débito;Completada
VTA001828;13/02/2026;FAC-2026-001828;CLI0153;VEN04;SUC04;WhatsApp;Tarjeta Crédito;Completada
VTA001829;07/05/2026;FAC-2026-001829;CLI0134;VEN17;SUC05;WhatsApp;Financiación Propia;Completada
VTA001830;30/04/2025;FAC-2025-001830;CLI0136;VEN01;SUC01;Web;Efectivo;Completada
VTA001831;28/07/2026;FAC-2026-001831;CLI0057;VEN12;SUC06;Marketplace;Tarjeta Crédito;Completada
VTA001832;05/05/2026;FAC-2026-001832;CLI0195;VEN09;SUC03;Marketplace;Efectivo;Completada
VTA001833;27/05/2026;FAC-2026-001833;CLI0600;VEN14;SUC02;Venta Telefónica;Tarjeta Crédito;Completada
VTA001834;12/06/2026;FAC-2026-001834;CLI0224;VEN07;SUC01;Marketplace;Transferencia;Completada
VTA001835;30/06/2026;FAC-2026-001835;CLI0590;VEN07;SUC01;Web;Tarjeta Débito;Completada
VTA001836;18/04/2026;FAC-2026-001836;CLI0126;VEN16;SUC04;WhatsApp;Transferencia;Completada
VTA001837;18/01/2025;FAC-2025-001837;CLI0120;VEN03;SUC03;Marketplace;Tarjeta Crédito;Completada
VTA001838;02/03/2026;FAC-2026-001838;CLI0183;VEN01;SUC01;WhatsApp;Financiación Propia;Completada
VTA001839;01/03/2026;FAC-2026-001839;CLI0563;VEN10;SUC04;Local;Financiación Propia;Completada
VTA001840;20/07/2025;FAC-2025-001840;CLI0158;VEN16;SUC04;Local;Tarjeta Crédito;Completada
VTA001841;10/06/2026;FAC-2026-001841;CLI0109;VEN18;SUC06;Marketplace;Financiación Propia;Completada
VTA001842;10/10/2025;FAC-2025-001842;CLI0244;VEN04;SUC04;WhatsApp;Efectivo;Completada
VTA001843;05/09/2025;FAC-2025-001843;CLI0040;VEN11;SUC05;WhatsApp;Transferencia;Completada
VTA001844;07/03/2026;FAC-2026-001844;CLI0141;VEN12;SUC06;Local;Transferencia;Completada
VTA001845;11/05/2025;FAC-2025-001845;CLI0221;VEN09;SUC03;Venta Telefónica;Tarjeta Débito;Completada
VTA001846;22/03/2026;FAC-2026-001846;CLI0567;VEN08;SUC02;Web;Transferencia;Completada
VTA001847;16/06/2025;FAC-2025-001847;CLI0352;VEN18;SUC06;WhatsApp;Tarjeta Crédito;Completada
VTA001848;31/07/2025;FAC-2025-001848;CLI0427;VEN03;SUC03;Local;Tarjeta Crédito;Completada
VTA001849;14/08/2025;FAC-2025-001849;CLI0320;VEN10;SUC04;Marketplace;Efectivo;Completada
VTA001850;22/11/2025;FAC-2025-001850;CLI0105;VEN16;SUC04;Web;Financiación Propia;Completada
VTA001851;23/07/2025;FAC-2025-001851;CLI0371;VEN05;SUC05;Web;Tarjeta Débito;Completada
VTA001852;17/12/2025;FAC-2025-001852;CLI0197;VEN16;SUC04;Local;Tarjeta Crédito;Completada
VTA001853;19/05/2026;FAC-2026-001853;CLI0321;VEN07;SUC01;Marketplace;Financiación Propia;Completada
VTA001854;16/09/2025;FAC-2025-001854;CLI0594;VEN12;SUC06;WhatsApp;Efectivo;Completada
VTA001855;25/02/2025;FAC-2025-001855;CLI0070;VEN16;SUC04;Venta Telefónica;Tarjeta Crédito;Completada
VTA001856;10/05/2026;FAC-2026-001856;CLI0273;VEN05;SUC05;Web;Tarjeta Débito;Completada
VTA001857;06/07/2025;FAC-2025-001857;CLI0413;VEN04;SUC04;Local;Tarjeta Débito;Completada
VTA001858;15/01/2026;FAC-2026-001858;CLI0152;VEN03;SUC03;Marketplace;Transferencia;Completada
VTA001859;18/12/2025;FAC-2025-001859;CLI0214;VEN03;SUC03;Venta Telefónica;Tarjeta Crédito;Completada
VTA001860;19/03/2025;FAC-2025-001860;CLI0538;VEN11;SUC05;Venta Telefónica;Tarjeta Débito;Completada
VTA001861;23/10/2025;FAC-2025-001861;CLI0201;VEN01;SUC01;Web;Tarjeta Débito;Completada
VTA001862;05/06/2025;FAC-2025-001862;CLI0219;VEN09;SUC03;WhatsApp;Transferencia;Completada
VTA001863;29/12/2025;FAC-2025-001863;CLI0453;VEN04;SUC04;Web;Tarjeta Crédito;Completada
VTA001864;02/01/2025;FAC-2025-001864;CLI0456;VEN08;SUC02;Marketplace;Transferencia;Completada
VTA001865;28/06/2026;FAC-2026-001865;CLI0485;VEN14;SUC02;Venta Telefónica;Transferencia;Completada
VTA001866;12/01/2026;FAC-2026-001866;CLI0366;VEN17;SUC05;WhatsApp;Financiación Propia;Completada
VTA001867;19/04/2026;FAC-2026-001867;CLI0465;VEN07;SUC01;Local;Efectivo;Completada
VTA001868;30/08/2025;FAC-2025-001868;CLI0387;VEN12;SUC06;Local;Financiación Propia;Cancelada
VTA001869;02/06/2025;FAC-2025-001869;CLI0453;VEN13;SUC01;Local;Tarjeta Crédito;Completada
VTA001870;24/02/2025;FAC-2025-001870;CLI0222;VEN03;SUC03;Web;Financiación Propia;Completada
VTA001871;28/08/2025;FAC-2025-001871;CLI0088;VEN12;SUC06;Marketplace;Efectivo;Completada
VTA001872;02/07/2026;FAC-2026-001872;CLI0090;VEN07;SUC01;Web;Transferencia;Completada
VTA001873;26/10/2025;FAC-2025-001873;CLI0040;VEN04;SUC04;Web;Transferencia;Completada
VTA001874;19/08/2025;FAC-2025-001874;CLI0571;VEN16;SUC04;Local;Tarjeta Crédito;Completada
VTA001875;24/07/2025;FAC-2025-001875;CLI0530;VEN03;SUC03;Web;Efectivo;Completada
VTA001876;29/07/2026;FAC-2026-001876;CLI0007;VEN10;SUC04;Venta Telefónica;Efectivo;Completada
VTA001877;10/04/2025;FAC-2025-001877;CLI0509;VEN08;SUC02;Marketplace;Transferencia;Completada
VTA001878;26/04/2025;FAC-2025-001878;CLI0203;VEN17;SUC05;Venta Telefónica;Tarjeta Crédito;Completada
VTA001879;25/07/2025;FAC-2025-001879;CLI0039;VEN15;SUC03;Local;Efectivo;Completada
VTA001880;05/02/2025;FAC-2025-001880;CLI0176;VEN08;SUC02;WhatsApp;Efectivo;Completada
VTA001881;03/09/2025;FAC-2025-001881;CLI0525;VEN08;SUC02;Marketplace;Tarjeta Crédito;Completada
VTA001882;17/01/2025;FAC-2025-001882;CLI0094;VEN18;SUC06;WhatsApp;Financiación Propia;Completada
VTA001883;26/07/2025;FAC-2025-001883;CLI0238;VEN07;SUC01;WhatsApp;Tarjeta Crédito;Completada
VTA001884;24/07/2025;FAC-2025-001884;CLI0335;VEN08;SUC02;Local;Tarjeta Débito;Pendiente
VTA001885;06/08/2025;FAC-2025-001885;CLI0568;VEN17;SUC05;Marketplace;Tarjeta Crédito;Completada
VTA001886;22/04/2025;FAC-2025-001886;CLI0513;VEN15;SUC03;Web;Tarjeta Débito;Completada
VTA001887;23/01/2026;FAC-2026-001887;CLI0519;VEN02;SUC02;Web;Transferencia;Completada
VTA001888;04/07/2025;FAC-2025-001888;CLI0559;VEN03;SUC03;Web;Tarjeta Débito;Completada
VTA001889;08/03/2025;FAC-2025-001889;CLI0366;VEN02;SUC02;Marketplace;Tarjeta Débito;Completada
VTA001890;09/07/2025;FAC-2025-001890;CLI0023;VEN10;SUC04;Web;Tarjeta Crédito;Completada
VTA001891;26/05/2025;FAC-2025-001891;CLI0004;VEN14;SUC02;Venta Telefónica;Tarjeta Crédito;Completada
VTA001892;11/04/2025;FAC-2025-001892;CLI0355;VEN06;SUC06;Web;Tarjeta Crédito;Completada
VTA001893;14/04/2026;FAC-2026-001893;CLI0497;VEN01;SUC01;Local;Financiación Propia;Completada
VTA001894;08/06/2025;FAC-2025-001894;CLI0362;VEN04;SUC04;Marketplace;Efectivo;Completada
VTA001895;01/05/2025;FAC-2025-001895;CLI0444;VEN05;SUC05;Local;Efectivo;Completada
VTA001896;01/04/2026;FAC-2026-001896;CLI0259;VEN14;SUC02;Web;Transferencia;Completada
VTA001897;28/07/2025;FAC-2025-001897;CLI0418;VEN08;SUC02;Web;Tarjeta Crédito;Completada
VTA001898;07/06/2026;FAC-2026-001898;CLI0542;VEN14;SUC02;Local;Tarjeta Débito;Completada
VTA001899;11/05/2025;FAC-2025-001899;CLI0475;VEN17;SUC05;Venta Telefónica;Efectivo;Completada
VTA001900;03/03/2025;FAC-2025-001900;CLI0443;VEN07;SUC01;Web;Tarjeta Crédito;Completada
VTA001901;25/08/2025;FAC-2025-001901;CLI0373;VEN05;SUC05;WhatsApp;Transferencia;Completada
VTA001902;20/07/2025;FAC-2025-001902;CLI0569;VEN01;SUC01;Marketplace;Tarjeta Débito;Completada
VTA001903;02/08/2025;FAC-2025-001903;CLI0487;VEN03;SUC03;WhatsApp;Tarjeta Crédito;Completada
VTA001904;20/02/2026;FAC-2026-001904;CLI0591;VEN09;SUC03;Web;Tarjeta Crédito;Completada
VTA001905;03/06/2025;FAC-2025-001905;CLI0534;VEN13;SUC01;Venta Telefónica;Transferencia;Completada
VTA001906;11/04/2026;FAC-2026-001906;CLI0264;VEN11;SUC05;Venta Telefónica;Financiación Propia;Completada
VTA001907;18/10/2025;FAC-2025-001907;CLI0360;VEN18;SUC06;WhatsApp;Efectivo;Completada
VTA001908;30/03/2026;FAC-2026-001908;CLI0091;VEN13;SUC01;Marketplace;Tarjeta Débito;Completada
VTA001909;01/05/2025;FAC-2025-001909;CLI0494;VEN02;SUC02;WhatsApp;Tarjeta Débito;Completada
VTA001910;05/03/2026;FAC-2026-001910;CLI0316;VEN06;SUC06;WhatsApp;Transferencia;Completada
VTA001911;07/05/2025;FAC-2025-001911;CLI0029;VEN17;SUC05;Venta Telefónica;Tarjeta Crédito;Completada
VTA001912;28/02/2025;FAC-2025-001912;CLI0569;VEN16;SUC04;WhatsApp;Financiación Propia;Completada
VTA001913;19/06/2025;FAC-2025-001913;CLI0426;VEN04;SUC04;Local;Tarjeta Débito;Completada
VTA001914;07/03/2026;FAC-2026-001914;CLI0326;VEN05;SUC05;WhatsApp;Tarjeta Débito;Completada
VTA001915;24/05/2026;FAC-2026-001915;CLI0054;VEN11;SUC05;WhatsApp;Tarjeta Crédito;Completada
VTA001916;20/09/2025;FAC-2025-001916;CLI0396;VEN14;SUC02;WhatsApp;Tarjeta Débito;Completada
VTA001917;05/09/2025;FAC-2025-001917;CLI0213;VEN09;SUC03;WhatsApp;Financiación Propia;Completada
VTA001918;10/01/2026;FAC-2026-001918;CLI0213;VEN17;SUC05;Venta Telefónica;Efectivo;Completada
VTA001919;28/10/2025;FAC-2025-001919;CLI0571;VEN14;SUC02;Marketplace;Tarjeta Débito;Completada
VTA001920;14/05/2025;FAC-2025-001920;CLI0407;VEN06;SUC06;Local;Efectivo;Completada
VTA001921;21/11/2025;FAC-2025-001921;CLI0428;VEN06;SUC06;Web;Efectivo;Completada
VTA001922;08/10/2025;FAC-2025-001922;CLI0446;VEN10;SUC04;Marketplace;Financiación Propia;Completada
VTA001923;15/01/2026;FAC-2026-001923;CLI0117;VEN12;SUC06;Web;Tarjeta Débito;Completada
VTA001924;20/07/2026;FAC-2026-001924;CLI0152;VEN18;SUC06;Local;Transferencia;Completada
VTA001925;10/09/2025;FAC-2025-001925;CLI0544;VEN18;SUC06;WhatsApp;Tarjeta Débito;Completada
VTA001926;27/12/2025;FAC-2025-001926;CLI0018;VEN18;SUC06;Local;Efectivo;Completada
VTA001927;04/04/2025;FAC-2025-001927;CLI0367;VEN05;SUC05;Web;Transferencia;Completada
VTA001928;19/04/2026;FAC-2026-001928;CLI0530;VEN14;SUC02;Marketplace;Efectivo;Completada
VTA001929;27/10/2025;FAC-2025-001929;CLI0582;VEN15;SUC03;Web;Tarjeta Débito;Completada
VTA001930;05/01/2026;FAC-2026-001930;CLI0107;VEN14;SUC02;Local;Efectivo;Completada
VTA001931;31/12/2025;FAC-2025-001931;CLI0323;VEN13;SUC01;Local;Financiación Propia;Completada
VTA001932;21/01/2026;FAC-2026-001932;CLI0533;VEN18;SUC06;Local;Tarjeta Crédito;Completada
VTA001933;22/02/2026;FAC-2026-001933;CLI0546;VEN10;SUC04;Venta Telefónica;Transferencia;Completada
VTA001934;22/01/2026;FAC-2026-001934;CLI0380;VEN04;SUC04;Venta Telefónica;Efectivo;Completada
VTA001935;23/07/2025;FAC-2025-001935;CLI0376;VEN11;SUC05;Venta Telefónica;Transferencia;Completada
VTA001936;04/10/2025;FAC-2025-001936;CLI0472;VEN02;SUC02;Venta Telefónica;Tarjeta Crédito;Completada
VTA001937;03/12/2025;FAC-2025-001937;CLI0474;VEN07;SUC01;Web;Efectivo;Completada
VTA001938;03/03/2025;FAC-2025-001938;CLI0357;VEN11;SUC05;Web;Transferencia;Completada
VTA001939;17/01/2025;FAC-2025-001939;CLI0500;VEN04;SUC04;Marketplace;Transferencia;Completada
VTA001940;13/04/2025;FAC-2025-001940;CLI0338;VEN11;SUC05;WhatsApp;Tarjeta Crédito;Completada
VTA001941;17/03/2025;FAC-2025-001941;CLI0350;VEN02;SUC02;Venta Telefónica;Transferencia;Completada
VTA001942;22/06/2025;FAC-2025-001942;CLI0364;VEN04;SUC04;Marketplace;Efectivo;Completada
VTA001943;14/03/2026;FAC-2026-001943;CLI0324;VEN03;SUC03;Venta Telefónica;Tarjeta Débito;Completada
VTA001944;25/10/2025;FAC-2025-001944;CLI0589;VEN10;SUC04;Marketplace;Efectivo;Completada
VTA001945;21/09/2025;FAC-2025-001945;CLI0576;VEN18;SUC06;Marketplace;Financiación Propia;Completada
VTA001946;27/07/2026;FAC-2026-001946;CLI0324;VEN09;SUC03;Local;Tarjeta Débito;Completada
VTA001947;02/07/2025;FAC-2025-001947;CLI0028;VEN02;SUC02;Venta Telefónica;Transferencia;Completada
VTA001948;04/01/2025;FAC-2025-001948;CLI0237;VEN09;SUC03;Marketplace;Transferencia;Completada
VTA001949;17/05/2026;FAC-2026-001949;CLI0429;VEN02;SUC02;Venta Telefónica;Efectivo;Completada
VTA001950;11/03/2026;FAC-2026-001950;CLI0169;VEN15;SUC03;Web;Tarjeta Crédito;Cancelada
VTA001951;06/12/2025;FAC-2025-001951;CLI0500;VEN17;SUC05;Venta Telefónica;Tarjeta Crédito;Completada
VTA001952;28/04/2025;FAC-2025-001952;CLI0582;VEN16;SUC04;Venta Telefónica;Tarjeta Débito;Completada
VTA001953;07/04/2025;FAC-2025-001953;CLI0137;VEN16;SUC04;Marketplace;Tarjeta Crédito;Completada
VTA001954;16/05/2025;FAC-2025-001954;CLI0177;VEN17;SUC05;Local;Transferencia;Completada
VTA001955;05/07/2026;FAC-2026-001955;CLI0578;VEN17;SUC05;Venta Telefónica;Tarjeta Débito;Completada
VTA001956;07/08/2025;FAC-2025-001956;CLI0394;VEN05;SUC05;Web;Tarjeta Débito;Completada
VTA001957;05/01/2026;FAC-2026-001957;CLI0089;VEN07;SUC01;Web;Transferencia;Completada
VTA001958;29/05/2026;FAC-2026-001958;CLI0248;VEN18;SUC06;Venta Telefónica;Financiación Propia;Completada
VTA001959;27/03/2025;FAC-2025-001959;CLI0426;VEN01;SUC01;Local;Tarjeta Débito;Completada
VTA001960;04/08/2025;FAC-2025-001960;CLI0470;VEN03;SUC03;Web;Efectivo;Completada
VTA001961;31/07/2026;FAC-2026-001961;CLI0204;VEN10;SUC04;Venta Telefónica;Tarjeta Débito;Completada
VTA001962;20/04/2025;FAC-2025-001962;CLI0249;VEN04;SUC04;Venta Telefónica;Financiación Propia;Completada
VTA001963;06/03/2026;FAC-2026-001963;CLI0416;VEN03;SUC03;Local;Transferencia;Completada
VTA001964;20/07/2026;FAC-2026-001964;CLI0286;VEN16;SUC04;Local;Transferencia;Completada
VTA001965;09/05/2026;FAC-2026-001965;CLI0215;VEN03;SUC03;Venta Telefónica;Tarjeta Débito;Completada
VTA001966;20/03/2026;FAC-2026-001966;CLI0535;VEN05;SUC05;Local;Financiación Propia;Completada
VTA001967;27/10/2025;FAC-2025-001967;CLI0070;VEN01;SUC01;Marketplace;Financiación Propia;Completada
VTA001968;05/04/2026;FAC-2026-001968;CLI0199;VEN11;SUC05;Local;Financiación Propia;Completada
VTA001969;21/05/2025;FAC-2025-001969;CLI0343;VEN15;SUC03;Web;Tarjeta Crédito;Completada
VTA001970;12/05/2025;FAC-2025-001970;CLI0061;VEN02;SUC02;Web;Financiación Propia;Completada
VTA001971;17/07/2025;FAC-2025-001971;CLI0147;VEN07;SUC01;Marketplace;Transferencia;Completada
VTA001972;18/07/2025;FAC-2025-001972;CLI0269;VEN11;SUC05;WhatsApp;Transferencia;Completada
VTA001973;23/05/2026;FAC-2026-001973;CLI0284;VEN12;SUC06;Venta Telefónica;Financiación Propia;Completada
VTA001974;28/01/2026;FAC-2026-001974;CLI0263;VEN08;SUC02;Web;Transferencia;Completada
VTA001975;15/12/2025;FAC-2025-001975;CLI0077;VEN03;SUC03;Local;Tarjeta Crédito;Pendiente
VTA001976;30/06/2025;FAC-2025-001976;CLI0191;VEN10;SUC04;Marketplace;Tarjeta Débito;Completada
VTA001977;04/07/2025;FAC-2025-001977;CLI0251;VEN18;SUC06;Venta Telefónica;Financiación Propia;Completada
VTA001978;13/05/2026;FAC-2026-001978;CLI0334;VEN09;SUC03;WhatsApp;Transferencia;Completada
VTA001979;22/07/2025;FAC-2025-001979;CLI0004;VEN18;SUC06;Marketplace;Financiación Propia;Completada
VTA001980;16/10/2025;FAC-2025-001980;CLI0030;VEN04;SUC04;Web;Financiación Propia;Completada
VTA001981;12/12/2025;FAC-2025-001981;CLI0483;VEN15;SUC03;Marketplace;Tarjeta Crédito;Completada
VTA001982;14/06/2026;FAC-2026-001982;CLI0289;VEN10;SUC04;Local;Efectivo;Completada
VTA001983;02/02/2026;FAC-2026-001983;CLI0147;VEN17;SUC05;Marketplace;Efectivo;Completada
VTA001984;13/01/2026;FAC-2026-001984;CLI0018;VEN16;SUC04;Local;Tarjeta Débito;Completada
VTA001985;09/03/2025;FAC-2025-001985;CLI0293;VEN17;SUC05;WhatsApp;Tarjeta Crédito;Completada
VTA001986;27/06/2026;FAC-2026-001986;CLI0500;VEN15;SUC03;WhatsApp;Tarjeta Débito;Completada
VTA001987;04/08/2025;FAC-2025-001987;CLI0132;VEN12;SUC06;Marketplace;Tarjeta Débito;Cancelada
VTA001988;09/02/2026;FAC-2026-001988;CLI0487;VEN13;SUC01;Marketplace;Efectivo;Completada
VTA001989;25/01/2025;FAC-2025-001989;CLI0403;VEN15;SUC03;Local;Efectivo;Completada
VTA001990;01/04/2025;FAC-2025-001990;CLI0161;VEN10;SUC04;Local;Tarjeta Crédito;Completada
VTA001991;04/06/2026;FAC-2026-001991;CLI0084;VEN03;SUC03;Marketplace;Efectivo;Completada
VTA001992;21/11/2025;FAC-2025-001992;CLI0531;VEN02;SUC02;Marketplace;Transferencia;Completada
VTA001993;03/11/2025;FAC-2025-001993;CLI0359;VEN17;SUC05;Marketplace;Tarjeta Débito;Completada
VTA001994;25/04/2025;FAC-2025-001994;CLI0430;VEN09;SUC03;WhatsApp;Transferencia;Completada
VTA001995;01/06/2026;FAC-2026-001995;CLI0157;VEN15;SUC03;Local;Financiación Propia;Completada
VTA001996;15/04/2026;FAC-2026-001996;CLI0446;VEN12;SUC06;Marketplace;Transferencia;Completada
VTA001997;03/06/2026;FAC-2026-001997;CLI0228;VEN17;SUC05;Web;Tarjeta Débito;Completada
VTA001998;06/06/2025;FAC-2025-001998;CLI0313;VEN07;SUC01;Marketplace;Transferencia;Completada
VTA001999;01/08/2025;FAC-2025-001999;CLI0021;VEN11;SUC05;Marketplace;Transferencia;Completada
VTA002000;27/01/2026;FAC-2026-002000;CLI0536;VEN05;SUC05;Local;Efectivo;Completada
VTA002001;12/05/2025;FAC-2025-002001;CLI0451;VEN06;SUC06;Local;Financiación Propia;Completada
VTA002002;04/03/2025;FAC-2025-002002;CLI0382;VEN16;SUC04;Marketplace;Financiación Propia;Completada
VTA002003;13/01/2025;FAC-2025-002003;CLI0308;VEN01;SUC01;Venta Telefónica;Efectivo;Completada
VTA002004;25/04/2025;FAC-2025-002004;CLI0235;VEN16;SUC04;Marketplace;Efectivo;Completada
VTA002005;15/08/2025;FAC-2025-002005;CLI0259;VEN13;SUC01;Local;Tarjeta Crédito;Completada
VTA002006;30/08/2025;FAC-2025-002006;CLI0066;VEN10;SUC04;Venta Telefónica;Financiación Propia;Completada
VTA002007;26/05/2026;FAC-2026-002007;CLI0315;VEN11;SUC05;Web;Financiación Propia;Pendiente
VTA002008;12/06/2026;FAC-2026-002008;CLI0362;VEN08;SUC02;Web;Tarjeta Débito;Completada
VTA002009;01/07/2026;FAC-2026-002009;CLI0199;VEN11;SUC05;Marketplace;Tarjeta Crédito;Completada
VTA002010;01/05/2025;FAC-2025-002010;CLI0036;VEN13;SUC01;Marketplace;Transferencia;Completada
VTA002011;14/05/2025;FAC-2025-002011;CLI0120;VEN14;SUC02;Local;Financiación Propia;Completada
VTA002012;27/07/2026;FAC-2026-002012;CLI0385;VEN06;SUC06;Marketplace;Financiación Propia;Completada
VTA002013;24/09/2025;FAC-2025-002013;CLI0157;VEN07;SUC01;Venta Telefónica;Tarjeta Débito;Completada
VTA002014;27/10/2025;FAC-2025-002014;CLI0186;VEN06;SUC06;WhatsApp;Tarjeta Crédito;Completada
VTA002015;22/05/2025;FAC-2025-002015;CLI0588;VEN01;SUC01;Web;Transferencia;Completada
VTA002016;03/01/2025;FAC-2025-002016;CLI0134;VEN11;SUC05;Web;Tarjeta Crédito;Completada
VTA002017;14/10/2025;FAC-2025-002017;CLI0030;VEN02;SUC02;WhatsApp;Efectivo;Completada
VTA002018;30/06/2025;FAC-2025-002018;CLI0031;VEN15;SUC03;Marketplace;Financiación Propia;Completada
VTA002019;03/06/2025;FAC-2025-002019;CLI0171;VEN12;SUC06;Web;Financiación Propia;Completada
VTA002020;09/12/2025;FAC-2025-002020;CLI0424;VEN13;SUC01;Web;Financiación Propia;Completada
VTA002021;27/02/2025;FAC-2025-002021;CLI0078;VEN14;SUC02;Marketplace;Tarjeta Crédito;Completada
VTA002022;08/09/2025;FAC-2025-002022;CLI0460;VEN01;SUC01;Venta Telefónica;Tarjeta Débito;Completada
VTA002023;14/09/2025;FAC-2025-002023;CLI0050;VEN16;SUC04;Local;Tarjeta Débito;Completada
VTA002024;10/02/2025;FAC-2025-002024;CLI0099;VEN01;SUC01;Web;Financiación Propia;Completada
VTA002025;12/10/2025;FAC-2025-002025;CLI0133;VEN02;SUC02;Marketplace;Transferencia;Completada
VTA002026;20/05/2026;FAC-2026-002026;CLI0385;VEN08;SUC02;WhatsApp;Tarjeta Crédito;Completada
VTA002027;10/11/2025;FAC-2025-002027;CLI0594;VEN01;SUC01;WhatsApp;Tarjeta Crédito;Completada
VTA002028;10/02/2025;FAC-2025-002028;CLI0386;VEN09;SUC03;Venta Telefónica;Tarjeta Débito;Completada
VTA002029;25/05/2026;FAC-2026-002029;CLI0123;VEN06;SUC06;Marketplace;Financiación Propia;Completada
VTA002030;22/09/2025;FAC-2025-002030;CLI0458;VEN15;SUC03;Marketplace;Transferencia;Completada
VTA002031;14/07/2025;FAC-2025-002031;CLI0067;VEN10;SUC04;Marketplace;Efectivo;Completada
VTA002032;23/01/2026;FAC-2026-002032;CLI0513;VEN07;SUC01;Web;Financiación Propia;Completada
VTA002033;25/12/2025;FAC-2025-002033;CLI0285;VEN17;SUC05;Marketplace;Efectivo;Completada
VTA002034;22/01/2025;FAC-2025-002034;CLI0294;VEN09;SUC03;Venta Telefónica;Financiación Propia;Completada
VTA002035;10/12/2025;FAC-2025-002035;CLI0336;VEN11;SUC05;Local;Tarjeta Débito;Completada
VTA002036;08/04/2026;FAC-2026-002036;CLI0424;VEN16;SUC04;Venta Telefónica;Financiación Propia;Cancelada
VTA002037;24/07/2025;FAC-2025-002037;CLI0593;VEN09;SUC03;Marketplace;Transferencia;Completada
VTA002038;03/06/2026;FAC-2026-002038;CLI0354;VEN15;SUC03;WhatsApp;Efectivo;Completada
VTA002039;06/01/2026;FAC-2026-002039;CLI0042;VEN17;SUC05;Venta Telefónica;Transferencia;Completada
VTA002040;15/03/2026;FAC-2026-002040;CLI0104;VEN10;SUC04;WhatsApp;Tarjeta Débito;Completada
VTA002041;16/04/2026;FAC-2026-002041;CLI0051;VEN09;SUC03;Venta Telefónica;Financiación Propia;Completada
VTA002042;27/03/2025;FAC-2025-002042;CLI0307;VEN04;SUC04;WhatsApp;Tarjeta Débito;Completada
VTA002043;07/11/2025;FAC-2025-002043;CLI0037;VEN01;SUC01;Venta Telefónica;Financiación Propia;Completada
VTA002044;20/03/2025;FAC-2025-002044;CLI0522;VEN04;SUC04;WhatsApp;Efectivo;Completada
VTA002045;05/01/2026;FAC-2026-002045;CLI0331;VEN13;SUC01;Venta Telefónica;Efectivo;Completada
VTA002046;15/04/2025;FAC-2025-002046;CLI0440;VEN06;SUC06;Local;Tarjeta Débito;Completada
VTA002047;11/09/2025;FAC-2025-002047;CLI0024;VEN11;SUC05;Marketplace;Tarjeta Débito;Completada
VTA002048;15/04/2025;FAC-2025-002048;CLI0323;VEN15;SUC03;Venta Telefónica;Tarjeta Crédito;Completada
VTA002049;15/07/2025;FAC-2025-002049;CLI0279;VEN13;SUC01;Venta Telefónica;Tarjeta Débito;Completada
VTA002050;29/07/2026;FAC-2026-002050;CLI0514;VEN05;SUC05;Marketplace;Transferencia;Completada
VTA002051;04/10/2025;FAC-2025-002051;CLI0410;VEN12;SUC06;Marketplace;Tarjeta Débito;Completada
VTA002052;18/07/2026;FAC-2026-002052;CLI0196;VEN05;SUC05;Local;Tarjeta Crédito;Completada
VTA002053;29/05/2025;FAC-2025-002053;CLI0149;VEN10;SUC04;Local;Transferencia;Completada
VTA002054;13/04/2026;FAC-2026-002054;CLI0501;VEN01;SUC01;WhatsApp;Tarjeta Débito;Completada
VTA002055;02/10/2025;FAC-2025-002055;CLI0051;VEN13;SUC01;WhatsApp;Efectivo;Completada
VTA002056;10/01/2026;FAC-2026-002056;CLI0221;VEN03;SUC03;WhatsApp;Tarjeta Crédito;Completada
VTA002057;28/02/2026;FAC-2026-002057;CLI0290;VEN01;SUC01;Local;Tarjeta Débito;Completada
VTA002058;04/08/2025;FAC-2025-002058;CLI0247;VEN11;SUC05;Web;Tarjeta Crédito;Completada
VTA002059;03/02/2025;FAC-2025-002059;CLI0303;VEN07;SUC01;Marketplace;Tarjeta Crédito;Completada
VTA002060;09/06/2025;FAC-2025-002060;CLI0543;VEN03;SUC03;Web;Transferencia;Completada
VTA002061;25/05/2026;FAC-2026-002061;CLI0145;VEN10;SUC04;Marketplace;Transferencia;Completada
VTA002062;09/01/2025;FAC-2025-002062;CLI0016;VEN13;SUC01;WhatsApp;Transferencia;Completada
VTA002063;21/01/2025;FAC-2025-002063;CLI0169;VEN14;SUC02;WhatsApp;Financiación Propia;Completada
VTA002064;15/07/2025;FAC-2025-002064;CLI0331;VEN07;SUC01;Venta Telefónica;Tarjeta Débito;Completada
VTA002065;19/10/2025;FAC-2025-002065;CLI0144;VEN10;SUC04;WhatsApp;Tarjeta Crédito;Completada
VTA002066;21/07/2025;FAC-2025-002066;CLI0583;VEN02;SUC02;Marketplace;Tarjeta Débito;Completada
VTA002067;22/03/2026;FAC-2026-002067;CLI0453;VEN03;SUC03;Local;Financiación Propia;Cancelada
VTA002068;25/10/2025;FAC-2025-002068;CLI0077;VEN02;SUC02;Venta Telefónica;Tarjeta Crédito;Completada
VTA002069;30/05/2026;FAC-2026-002069;CLI0562;VEN11;SUC05;Marketplace;Tarjeta Débito;Completada
VTA002070;21/04/2025;FAC-2025-002070;CLI0527;VEN03;SUC03;WhatsApp;Tarjeta Débito;Completada
VTA002071;06/05/2026;FAC-2026-002071;CLI0590;VEN14;SUC02;Web;Financiación Propia;Completada
VTA002072;21/08/2025;FAC-2025-002072;CLI0411;VEN05;SUC05;Web;Financiación Propia;Completada
VTA002073;15/06/2025;FAC-2025-002073;CLI0229;VEN15;SUC03;Web;Tarjeta Crédito;Completada
VTA002074;07/03/2025;FAC-2025-002074;CLI0263;VEN12;SUC06;Local;Efectivo;Completada
VTA002075;17/07/2025;FAC-2025-002075;CLI0300;VEN18;SUC06;WhatsApp;Tarjeta Crédito;Completada
VTA002076;28/03/2026;FAC-2026-002076;CLI0159;VEN02;SUC02;Venta Telefónica;Efectivo;Completada
VTA002077;13/06/2026;FAC-2026-002077;CLI0072;VEN18;SUC06;Web;Transferencia;Completada
VTA002078;05/01/2026;FAC-2026-002078;CLI0217;VEN12;SUC06;WhatsApp;Financiación Propia;Completada
VTA002079;05/01/2025;FAC-2025-002079;CLI0190;VEN08;SUC02;WhatsApp;Tarjeta Débito;Completada
VTA002080;09/11/2025;FAC-2025-002080;CLI0265;VEN03;SUC03;Marketplace;Tarjeta Débito;Completada
VTA002081;29/07/2026;FAC-2026-002081;CLI0079;VEN18;SUC06;Web;Financiación Propia;Completada
VTA002082;30/05/2026;FAC-2026-002082;CLI0204;VEN06;SUC06;Marketplace;Financiación Propia;Completada
VTA002083;29/09/2025;FAC-2025-002083;CLI0508;VEN06;SUC06;Venta Telefónica;Tarjeta Crédito;Completada
VTA002084;09/03/2025;FAC-2025-002084;CLI0539;VEN04;SUC04;Local;Tarjeta Crédito;Completada
VTA002085;21/11/2025;FAC-2025-002085;CLI0118;VEN17;SUC05;Web;Transferencia;Completada
VTA002086;08/09/2025;FAC-2025-002086;CLI0184;VEN02;SUC02;Web;Tarjeta Débito;Completada
VTA002087;11/12/2025;FAC-2025-002087;CLI0050;VEN09;SUC03;Local;Efectivo;Completada
VTA002088;28/12/2025;FAC-2025-002088;CLI0347;VEN12;SUC06;Venta Telefónica;Financiación Propia;Completada
VTA002089;14/01/2026;FAC-2026-002089;CLI0251;VEN16;SUC04;WhatsApp;Tarjeta Crédito;Completada
VTA002090;20/07/2026;FAC-2026-002090;CLI0276;VEN01;SUC01;Marketplace;Transferencia;Completada
VTA002091;06/02/2025;FAC-2025-002091;CLI0049;VEN03;SUC03;Marketplace;Tarjeta Crédito;Completada
VTA002092;12/02/2026;FAC-2026-002092;CLI0061;VEN18;SUC06;Local;Tarjeta Débito;Completada
VTA002093;14/06/2026;FAC-2026-002093;CLI0163;VEN06;SUC06;Marketplace;Financiación Propia;Completada
VTA002094;07/02/2025;FAC-2025-002094;CLI0082;VEN15;SUC03;Local;Tarjeta Crédito;Completada
VTA002095;19/03/2026;FAC-2026-002095;CLI0122;VEN01;SUC01;Web;Financiación Propia;Completada
VTA002096;26/01/2026;FAC-2026-002096;CLI0029;VEN17;SUC05;Web;Efectivo;Completada
VTA002097;04/08/2025;FAC-2025-002097;CLI0011;VEN10;SUC04;Marketplace;Transferencia;Completada
VTA002098;03/04/2025;FAC-2025-002098;CLI0260;VEN15;SUC03;Web;Transferencia;Completada
VTA002099;11/07/2026;FAC-2026-002099;CLI0363;VEN09;SUC03;WhatsApp;Transferencia;Cancelada
VTA002100;05/02/2025;FAC-2025-002100;CLI0149;VEN02;SUC02;Marketplace;Transferencia;Completada
VTA002101;17/05/2025;FAC-2025-002101;CLI0333;VEN04;SUC04;Local;Transferencia;Completada
VTA002102;17/08/2025;FAC-2025-002102;CLI0556;VEN12;SUC06;Venta Telefónica;Financiación Propia;Completada
VTA002103;06/12/2025;FAC-2025-002103;CLI0165;VEN16;SUC04;Marketplace;Financiación Propia;Completada
VTA002104;16/09/2025;FAC-2025-002104;CLI0488;VEN16;SUC04;WhatsApp;Tarjeta Débito;Completada
VTA002105;15/05/2026;FAC-2026-002105;CLI0502;VEN06;SUC06;Local;Efectivo;Completada
VTA002106;08/05/2026;FAC-2026-002106;CLI0157;VEN18;SUC06;WhatsApp;Efectivo;Completada
VTA002107;23/01/2026;FAC-2026-002107;CLI0193;VEN04;SUC04;WhatsApp;Tarjeta Crédito;Completada
VTA002108;17/05/2026;FAC-2026-002108;CLI0149;VEN16;SUC04;Web;Efectivo;Completada
VTA002109;12/12/2025;FAC-2025-002109;CLI0415;VEN04;SUC04;Marketplace;Transferencia;Pendiente
VTA002110;03/01/2026;FAC-2026-002110;CLI0382;VEN02;SUC02;Venta Telefónica;Financiación Propia;Completada
VTA002111;28/06/2026;FAC-2026-002111;CLI0054;VEN15;SUC03;Venta Telefónica;Tarjeta Crédito;Completada
VTA002112;06/03/2026;FAC-2026-002112;CLI0342;VEN16;SUC04;Venta Telefónica;Efectivo;Completada
VTA002113;19/06/2026;FAC-2026-002113;CLI0128;VEN02;SUC02;Local;Efectivo;Completada
VTA002114;19/05/2025;FAC-2025-002114;CLI0505;VEN01;SUC01;Web;Tarjeta Crédito;Completada
VTA002115;22/06/2026;FAC-2026-002115;CLI0211;VEN14;SUC02;Marketplace;Transferencia;Completada
VTA002116;31/10/2025;FAC-2025-002116;CLI0359;VEN06;SUC06;WhatsApp;Tarjeta Crédito;Completada
VTA002117;05/02/2026;FAC-2026-002117;CLI0067;VEN14;SUC02;Local;Tarjeta Débito;Completada
VTA002118;05/02/2025;FAC-2025-002118;CLI0453;VEN05;SUC05;Venta Telefónica;Efectivo;Completada
VTA002119;06/02/2025;FAC-2025-002119;CLI0547;VEN07;SUC01;Venta Telefónica;Efectivo;Completada
VTA002120;24/02/2026;FAC-2026-002120;CLI0169;VEN18;SUC06;Web;Tarjeta Débito;Cancelada
VTA002121;16/03/2026;FAC-2026-002121;CLI0457;VEN18;SUC06;Web;Tarjeta Débito;Completada
VTA002122;05/12/2025;FAC-2025-002122;CLI0586;VEN02;SUC02;WhatsApp;Efectivo;Completada
VTA002123;05/02/2025;FAC-2025-002123;CLI0296;VEN07;SUC01;WhatsApp;Tarjeta Crédito;Completada
VTA002124;23/02/2026;FAC-2026-002124;CLI0022;VEN02;SUC02;Venta Telefónica;Efectivo;Completada
VTA002125;31/03/2025;FAC-2025-002125;CLI0127;VEN17;SUC05;Marketplace;Tarjeta Crédito;Completada
VTA002126;18/07/2026;FAC-2026-002126;CLI0149;VEN16;SUC04;Venta Telefónica;Tarjeta Crédito;Completada
VTA002127;25/08/2025;FAC-2025-002127;CLI0393;VEN05;SUC05;Venta Telefónica;Tarjeta Débito;Completada
VTA002128;31/01/2026;FAC-2026-002128;CLI0536;VEN01;SUC01;Web;Tarjeta Débito;Completada
VTA002129;07/03/2025;FAC-2025-002129;CLI0095;VEN05;SUC05;Marketplace;Tarjeta Crédito;Completada
VTA002130;09/03/2025;FAC-2025-002130;CLI0295;VEN01;SUC01;Marketplace;Financiación Propia;Completada
VTA002131;27/07/2026;FAC-2026-002131;CLI0031;VEN11;SUC05;Venta Telefónica;Efectivo;Completada
VTA002132;29/06/2026;FAC-2026-002132;CLI0151;VEN03;SUC03;Venta Telefónica;Tarjeta Débito;Completada
VTA002133;15/07/2026;FAC-2026-002133;CLI0203;VEN07;SUC01;Marketplace;Financiación Propia;Completada
VTA002134;04/04/2026;FAC-2026-002134;CLI0456;VEN18;SUC06;Venta Telefónica;Transferencia;Completada
VTA002135;12/03/2026;FAC-2026-002135;CLI0359;VEN16;SUC04;Marketplace;Efectivo;Completada
VTA002136;14/07/2025;FAC-2025-002136;CLI0009;VEN15;SUC03;WhatsApp;Efectivo;Completada
VTA002137;11/07/2026;FAC-2026-002137;CLI0458;VEN01;SUC01;Venta Telefónica;Transferencia;Completada
VTA002138;09/10/2025;FAC-2025-002138;CLI0325;VEN03;SUC03;Marketplace;Financiación Propia;Completada
VTA002139;19/02/2026;FAC-2026-002139;CLI0350;VEN02;SUC02;Web;Tarjeta Débito;Completada
VTA002140;29/01/2025;FAC-2025-002140;CLI0597;VEN01;SUC01;WhatsApp;Financiación Propia;Completada
VTA002141;25/12/2025;FAC-2025-002141;CLI0094;VEN02;SUC02;WhatsApp;Efectivo;Completada
VTA002142;20/01/2025;FAC-2025-002142;CLI0429;VEN16;SUC04;Venta Telefónica;Tarjeta Débito;Cancelada
VTA002143;16/10/2025;FAC-2025-002143;CLI0279;VEN14;SUC02;Venta Telefónica;Efectivo;Completada
VTA002144;04/05/2025;FAC-2025-002144;CLI0218;VEN04;SUC04;Web;Transferencia;Completada
VTA002145;28/01/2026;FAC-2026-002145;CLI0438;VEN18;SUC06;Local;Efectivo;Completada
VTA002146;21/08/2025;FAC-2025-002146;CLI0228;VEN18;SUC06;WhatsApp;Transferencia;Completada
VTA002147;08/03/2026;FAC-2026-002147;CLI0362;VEN05;SUC05;Marketplace;Tarjeta Crédito;Completada
VTA002148;01/11/2025;FAC-2025-002148;CLI0561;VEN11;SUC05;Venta Telefónica;Tarjeta Crédito;Completada
VTA002149;31/07/2025;FAC-2025-002149;CLI0237;VEN13;SUC01;WhatsApp;Transferencia;Cancelada
VTA002150;09/07/2026;FAC-2026-002150;CLI0207;VEN04;SUC04;WhatsApp;Tarjeta Débito;Completada
VTA002151;10/07/2025;FAC-2025-002151;CLI0011;VEN11;SUC05;Local;Tarjeta Débito;Completada
VTA002152;26/02/2026;FAC-2026-002152;CLI0464;VEN09;SUC03;Venta Telefónica;Transferencia;Completada
VTA002153;03/09/2025;FAC-2025-002153;CLI0599;VEN11;SUC05;Marketplace;Efectivo;Completada
VTA002154;05/10/2025;FAC-2025-002154;CLI0094;VEN07;SUC01;WhatsApp;Transferencia;Completada
VTA002155;24/09/2025;FAC-2025-002155;CLI0363;VEN02;SUC02;Web;Tarjeta Crédito;Completada
VTA002156;10/01/2026;FAC-2026-002156;CLI0529;VEN08;SUC02;Web;Efectivo;Completada
VTA002157;05/03/2025;FAC-2025-002157;CLI0046;VEN14;SUC02;WhatsApp;Financiación Propia;Completada
VTA002158;17/04/2025;FAC-2025-002158;CLI0373;VEN17;SUC05;Local;Financiación Propia;Completada
VTA002159;28/08/2025;FAC-2025-002159;CLI0350;VEN01;SUC01;WhatsApp;Tarjeta Crédito;Completada
VTA002160;01/07/2025;FAC-2025-002160;CLI0395;VEN14;SUC02;Web;Financiación Propia;Completada
VTA002161;02/10/2025;FAC-2025-002161;CLI0079;VEN02;SUC02;WhatsApp;Tarjeta Crédito;Completada
VTA002162;02/01/2026;FAC-2026-002162;CLI0018;VEN02;SUC02;Marketplace;Financiación Propia;Completada
VTA002163;29/01/2026;FAC-2026-002163;CLI0431;VEN15;SUC03;WhatsApp;Tarjeta Crédito;Completada
VTA002164;05/08/2025;FAC-2025-002164;CLI0158;VEN10;SUC04;Web;Tarjeta Crédito;Pendiente
VTA002165;13/11/2025;FAC-2025-002165;CLI0265;VEN01;SUC01;Venta Telefónica;Tarjeta Crédito;Completada
VTA002166;01/11/2025;FAC-2025-002166;CLI0162;VEN13;SUC01;Web;Transferencia;Completada
VTA002167;09/06/2026;FAC-2026-002167;CLI0193;VEN17;SUC05;Local;Tarjeta Crédito;Completada
VTA002168;14/02/2025;FAC-2025-002168;CLI0236;VEN08;SUC02;Web;Tarjeta Crédito;Completada
VTA002169;18/12/2025;FAC-2025-002169;CLI0297;VEN13;SUC01;Marketplace;Efectivo;Completada
VTA002170;12/04/2026;FAC-2026-002170;CLI0195;VEN02;SUC02;Marketplace;Transferencia;Completada
VTA002171;30/01/2025;FAC-2025-002171;CLI0269;VEN18;SUC06;Venta Telefónica;Tarjeta Crédito;Completada
VTA002172;11/08/2025;FAC-2025-002172;CLI0206;VEN08;SUC02;WhatsApp;Efectivo;Completada
VTA002173;09/01/2026;FAC-2026-002173;CLI0240;VEN18;SUC06;Local;Tarjeta Débito;Completada
VTA002174;27/05/2025;FAC-2025-002174;CLI0537;VEN03;SUC03;Web;Tarjeta Débito;Completada
VTA002175;09/01/2025;FAC-2025-002175;CLI0086;VEN07;SUC01;Marketplace;Tarjeta Débito;Completada
VTA002176;25/02/2026;FAC-2026-002176;CLI0460;VEN16;SUC04;WhatsApp;Efectivo;Completada
VTA002177;10/08/2025;FAC-2025-002177;CLI0144;VEN13;SUC01;Venta Telefónica;Tarjeta Crédito;Completada
VTA002178;09/06/2026;FAC-2026-002178;CLI0550;VEN03;SUC03;Local;Efectivo;Completada
VTA002179;21/02/2026;FAC-2026-002179;CLI0455;VEN11;SUC05;Web;Transferencia;Completada
VTA002180;26/08/2025;FAC-2025-002180;CLI0080;VEN18;SUC06;Local;Financiación Propia;Completada
VTA002181;22/05/2026;FAC-2026-002181;CLI0195;VEN14;SUC02;Marketplace;Tarjeta Crédito;Completada
VTA002182;29/03/2025;FAC-2025-002182;CLI0393;VEN03;SUC03;Local;Transferencia;Completada
VTA002183;04/10/2025;FAC-2025-002183;CLI0300;VEN07;SUC01;WhatsApp;Tarjeta Crédito;Completada
VTA002184;19/06/2025;FAC-2025-002184;CLI0439;VEN10;SUC04;Venta Telefónica;Efectivo;Completada
VTA002185;19/12/2025;FAC-2025-002185;CLI0229;VEN03;SUC03;Web;Transferencia;Completada
VTA002186;15/01/2025;FAC-2025-002186;CLI0372;VEN01;SUC01;WhatsApp;Financiación Propia;Completada
VTA002187;23/07/2025;FAC-2025-002187;CLI0546;VEN09;SUC03;Local;Efectivo;Completada
VTA002188;07/02/2026;FAC-2026-002188;CLI0553;VEN12;SUC06;Web;Tarjeta Débito;Completada
VTA002189;22/04/2026;FAC-2026-002189;CLI0557;VEN16;SUC04;Web;Tarjeta Crédito;Completada
VTA002190;20/10/2025;FAC-2025-002190;CLI0253;VEN06;SUC06;Marketplace;Tarjeta Crédito;Cancelada
VTA002191;10/01/2025;FAC-2025-002191;CLI0525;VEN04;SUC04;Venta Telefónica;Transferencia;Completada
VTA002192;08/03/2026;FAC-2026-002192;CLI0376;VEN03;SUC03;Local;Financiación Propia;Completada
VTA002193;20/02/2026;FAC-2026-002193;CLI0522;VEN16;SUC04;Marketplace;Tarjeta Débito;Completada
VTA002194;13/09/2025;FAC-2025-002194;CLI0245;VEN08;SUC02;Local;Financiación Propia;Completada
VTA002195;26/06/2025;FAC-2025-002195;CLI0506;VEN03;SUC03;Web;Tarjeta Débito;Completada
VTA002196;25/01/2026;FAC-2026-002196;CLI0018;VEN01;SUC01;Local;Tarjeta Débito;Completada
VTA002197;25/07/2025;FAC-2025-002197;CLI0219;VEN09;SUC03;Venta Telefónica;Transferencia;Completada
VTA002198;21/12/2025;FAC-2025-002198;CLI0409;VEN09;SUC03;Marketplace;Financiación Propia;Completada
VTA002199;08/09/2025;FAC-2025-002199;CLI0386;VEN01;SUC01;Venta Telefónica;Tarjeta Débito;Completada
VTA002200;29/04/2025;FAC-2025-002200;CLI0281;VEN13;SUC01;Local;Efectivo;Completada
VTA002201;05/06/2026;FAC-2026-002201;CLI0070;VEN03;SUC03;Local;Tarjeta Crédito;Completada
VTA002202;28/11/2025;FAC-2025-002202;CLI0288;VEN05;SUC05;WhatsApp;Financiación Propia;Completada
VTA002203;07/06/2026;FAC-2026-002203;CLI0042;VEN08;SUC02;Web;Financiación Propia;Completada
VTA002204;18/02/2026;FAC-2026-002204;CLI0177;VEN05;SUC05;Local;Transferencia;Completada
VTA002205;06/09/2025;FAC-2025-002205;CLI0444;VEN03;SUC03;Local;Tarjeta Débito;Completada
VTA002206;01/12/2025;FAC-2025-002206;CLI0134;VEN02;SUC02;WhatsApp;Tarjeta Crédito;Completada
VTA002207;03/05/2026;FAC-2026-002207;CLI0332;VEN05;SUC05;WhatsApp;Transferencia;Completada
VTA002208;08/12/2025;FAC-2025-002208;CLI0038;VEN08;SUC02;Venta Telefónica;Efectivo;Completada
VTA002209;24/01/2026;FAC-2026-002209;CLI0080;VEN02;SUC02;Venta Telefónica;Efectivo;Completada
VTA002210;21/11/2025;FAC-2025-002210;CLI0232;VEN17;SUC05;Local;Transferencia;Completada
VTA002211;29/04/2026;FAC-2026-002211;CLI0571;VEN06;SUC06;Venta Telefónica;Financiación Propia;Completada
VTA002212;22/01/2025;FAC-2025-002212;CLI0495;VEN04;SUC04;Web;Financiación Propia;Completada
VTA002213;24/05/2025;FAC-2025-002213;CLI0159;VEN01;SUC01;Local;Financiación Propia;Completada
VTA002214;13/03/2026;FAC-2026-002214;CLI0076;VEN11;SUC05;WhatsApp;Financiación Propia;Completada
VTA002215;13/01/2025;FAC-2025-002215;CLI0152;VEN05;SUC05;WhatsApp;Efectivo;Completada
VTA002216;13/04/2025;FAC-2025-002216;CLI0439;VEN12;SUC06;Venta Telefónica;Tarjeta Débito;Completada
VTA002217;09/08/2025;FAC-2025-002217;CLI0307;VEN13;SUC01;Web;Tarjeta Débito;Completada
VTA002218;14/06/2026;FAC-2026-002218;CLI0065;VEN12;SUC06;WhatsApp;Financiación Propia;Completada
VTA002219;30/12/2025;FAC-2025-002219;CLI0447;VEN06;SUC06;Web;Tarjeta Débito;Completada
VTA002220;08/07/2025;FAC-2025-002220;CLI0113;VEN15;SUC03;Web;Transferencia;Completada
VTA002221;12/06/2025;FAC-2025-002221;CLI0091;VEN08;SUC02;Marketplace;Financiación Propia;Completada
VTA002222;26/09/2025;FAC-2025-002222;CLI0012;VEN06;SUC06;Local;Transferencia;Completada
VTA002223;02/04/2026;FAC-2026-002223;CLI0225;VEN15;SUC03;Local;Efectivo;Completada
VTA002224;10/04/2026;FAC-2026-002224;CLI0407;VEN13;SUC01;Web;Tarjeta Débito;Pendiente
VTA002225;07/02/2025;FAC-2025-002225;CLI0264;VEN04;SUC04;Local;Tarjeta Crédito;Completada
VTA002226;15/01/2026;FAC-2026-002226;CLI0574;VEN16;SUC04;Marketplace;Financiación Propia;Completada
VTA002227;14/03/2026;FAC-2026-002227;CLI0464;VEN18;SUC06;Marketplace;Tarjeta Débito;Completada
VTA002228;13/02/2025;FAC-2025-002228;CLI0206;VEN03;SUC03;Venta Telefónica;Transferencia;Completada
VTA002229;27/02/2026;FAC-2026-002229;CLI0330;VEN01;SUC01;Marketplace;Efectivo;Completada
VTA002230;18/07/2025;FAC-2025-002230;CLI0532;VEN07;SUC01;Local;Tarjeta Débito;Completada
VTA002231;20/09/2025;FAC-2025-002231;CLI0063;VEN08;SUC02;WhatsApp;Tarjeta Crédito;Completada
VTA002232;02/02/2025;FAC-2025-002232;CLI0319;VEN09;SUC03;WhatsApp;Tarjeta Crédito;Completada
VTA002233;26/12/2025;FAC-2025-002233;CLI0316;VEN18;SUC06;Venta Telefónica;Transferencia;Completada
VTA002234;30/10/2025;FAC-2025-002234;CLI0339;VEN05;SUC05;WhatsApp;Tarjeta Débito;Completada
VTA002235;17/10/2025;FAC-2025-002235;CLI0441;VEN07;SUC01;Web;Efectivo;Completada
VTA002236;10/01/2025;FAC-2025-002236;CLI0384;VEN07;SUC01;Venta Telefónica;Efectivo;Completada
VTA002237;27/10/2025;FAC-2025-002237;CLI0185;VEN07;SUC01;WhatsApp;Tarjeta Crédito;Completada
VTA002238;30/09/2025;FAC-2025-002238;CLI0150;VEN11;SUC05;Local;Transferencia;Completada
VTA002239;28/09/2025;FAC-2025-002239;CLI0454;VEN08;SUC02;Local;Tarjeta Débito;Completada
VTA002240;28/11/2025;FAC-2025-002240;CLI0461;VEN02;SUC02;Marketplace;Tarjeta Crédito;Completada
VTA002241;17/07/2026;FAC-2026-002241;CLI0338;VEN07;SUC01;WhatsApp;Tarjeta Débito;Completada
VTA002242;11/12/2025;FAC-2025-002242;CLI0016;VEN08;SUC02;Local;Tarjeta Crédito;Completada
VTA002243;08/03/2026;FAC-2026-002243;CLI0511;VEN02;SUC02;Web;Tarjeta Crédito;Completada
VTA002244;13/09/2025;FAC-2025-002244;CLI0318;VEN03;SUC03;WhatsApp;Efectivo;Completada
VTA002245;20/08/2025;FAC-2025-002245;CLI0413;VEN05;SUC05;Marketplace;Tarjeta Débito;Pendiente
VTA002246;19/05/2026;FAC-2026-002246;CLI0495;VEN12;SUC06;Local;Tarjeta Crédito;Completada
VTA002247;30/09/2025;FAC-2025-002247;CLI0134;VEN06;SUC06;Local;Tarjeta Crédito;Completada
VTA002248;03/05/2025;FAC-2025-002248;CLI0187;VEN15;SUC03;Web;Tarjeta Crédito;Completada
VTA002249;07/07/2026;FAC-2026-002249;CLI0222;VEN05;SUC05;WhatsApp;Tarjeta Débito;Completada
VTA002250;27/11/2025;FAC-2025-002250;CLI0289;VEN06;SUC06;WhatsApp;Tarjeta Débito;Completada
VTA002251;02/02/2025;FAC-2025-002251;CLI0378;VEN10;SUC04;Web;Transferencia;Completada
VTA002252;02/04/2025;FAC-2025-002252;CLI0001;VEN18;SUC06;Marketplace;Efectivo;Completada
VTA002253;22/09/2025;FAC-2025-002253;CLI0598;VEN14;SUC02;Local;Transferencia;Completada
VTA002254;17/05/2026;FAC-2026-002254;CLI0311;VEN08;SUC02;Venta Telefónica;Efectivo;Completada
VTA002255;18/08/2025;FAC-2025-002255;CLI0493;VEN17;SUC05;Venta Telefónica;Efectivo;Completada
VTA002256;10/11/2025;FAC-2025-002256;CLI0334;VEN14;SUC02;WhatsApp;Efectivo;Completada
VTA002257;19/01/2025;FAC-2025-002257;CLI0208;VEN12;SUC06;Venta Telefónica;Financiación Propia;Completada
VTA002258;31/01/2026;FAC-2026-002258;CLI0173;VEN08;SUC02;Web;Transferencia;Completada
VTA002259;01/03/2026;FAC-2026-002259;CLI0268;VEN06;SUC06;Web;Tarjeta Crédito;Completada
VTA002260;31/05/2025;FAC-2025-002260;CLI0378;VEN07;SUC01;Web;Transferencia;Cancelada
VTA002261;20/06/2026;FAC-2026-002261;CLI0149;VEN02;SUC02;Local;Tarjeta Débito;Completada
VTA002262;25/07/2025;FAC-2025-002262;CLI0272;VEN05;SUC05;Venta Telefónica;Tarjeta Débito;Completada
VTA002263;31/01/2025;FAC-2025-002263;CLI0312;VEN06;SUC06;Venta Telefónica;Financiación Propia;Completada
VTA002264;26/04/2026;FAC-2026-002264;CLI0536;VEN04;SUC04;WhatsApp;Transferencia;Completada
VTA002265;28/06/2025;FAC-2025-002265;CLI0286;VEN11;SUC05;Local;Transferencia;Completada
VTA002266;05/03/2025;FAC-2025-002266;CLI0179;VEN18;SUC06;WhatsApp;Efectivo;Completada
VTA002267;01/03/2026;FAC-2026-002267;CLI0458;VEN17;SUC05;Local;Financiación Propia;Completada
VTA002268;03/07/2025;FAC-2025-002268;CLI0112;VEN18;SUC06;Web;Transferencia;Completada
VTA002269;07/10/2025;FAC-2025-002269;CLI0374;VEN09;SUC03;WhatsApp;Financiación Propia;Completada
VTA002270;07/05/2026;FAC-2026-002270;CLI0132;VEN12;SUC06;Web;Efectivo;Completada
VTA002271;06/04/2026;FAC-2026-002271;CLI0048;VEN13;SUC01;Venta Telefónica;Transferencia;Completada
VTA002272;06/04/2026;FAC-2026-002272;CLI0291;VEN01;SUC01;WhatsApp;Transferencia;Completada
VTA002273;25/08/2025;FAC-2025-002273;CLI0333;VEN10;SUC04;Venta Telefónica;Efectivo;Completada
VTA002274;18/02/2026;FAC-2026-002274;CLI0463;VEN18;SUC06;Web;Transferencia;Completada
VTA002275;27/01/2025;FAC-2025-002275;CLI0124;VEN15;SUC03;Venta Telefónica;Tarjeta Débito;Completada
VTA002276;25/10/2025;FAC-2025-002276;CLI0085;VEN18;SUC06;Marketplace;Tarjeta Crédito;Completada
VTA002277;13/06/2026;FAC-2026-002277;CLI0410;VEN05;SUC05;Venta Telefónica;Financiación Propia;Completada
VTA002278;06/05/2026;FAC-2026-002278;CLI0085;VEN07;SUC01;Local;Transferencia;Completada
VTA002279;05/06/2026;FAC-2026-002279;CLI0462;VEN17;SUC05;WhatsApp;Tarjeta Crédito;Completada
VTA002280;23/07/2026;FAC-2026-002280;CLI0204;VEN02;SUC02;Venta Telefónica;Tarjeta Crédito;Completada
VTA002281;01/06/2025;FAC-2025-002281;CLI0566;VEN07;SUC01;Venta Telefónica;Tarjeta Crédito;Completada
VTA002282;10/06/2026;FAC-2026-002282;CLI0043;VEN04;SUC04;Marketplace;Tarjeta Crédito;Completada
VTA002283;16/07/2026;FAC-2026-002283;CLI0294;VEN17;SUC05;Venta Telefónica;Efectivo;Completada
VTA002284;13/07/2026;FAC-2026-002284;CLI0344;VEN09;SUC03;Marketplace;Tarjeta Débito;Completada
VTA002285;11/05/2026;FAC-2026-002285;CLI0583;VEN11;SUC05;Marketplace;Tarjeta Crédito;Completada
VTA002286;12/05/2026;FAC-2026-002286;CLI0573;VEN09;SUC03;Local;Financiación Propia;Completada
VTA002287;19/04/2026;FAC-2026-002287;CLI0413;VEN05;SUC05;Marketplace;Financiación Propia;Completada
VTA002288;02/06/2025;FAC-2025-002288;CLI0145;VEN08;SUC02;Web;Tarjeta Débito;Completada
VTA002289;25/04/2025;FAC-2025-002289;CLI0541;VEN13;SUC01;WhatsApp;Transferencia;Completada
VTA002290;23/05/2026;FAC-2026-002290;CLI0017;VEN08;SUC02;Venta Telefónica;Financiación Propia;Completada
VTA002291;24/02/2026;FAC-2026-002291;CLI0077;VEN17;SUC05;Venta Telefónica;Financiación Propia;Completada
VTA002292;24/06/2026;FAC-2026-002292;CLI0223;VEN09;SUC03;Marketplace;Tarjeta Crédito;Completada
VTA002293;21/09/2025;FAC-2025-002293;CLI0555;VEN03;SUC03;Marketplace;Tarjeta Crédito;Completada
VTA002294;16/05/2025;FAC-2025-002294;CLI0192;VEN03;SUC03;Venta Telefónica;Efectivo;Completada
VTA002295;22/10/2025;FAC-2025-002295;CLI0301;VEN17;SUC05;Venta Telefónica;Tarjeta Débito;Completada
VTA002296;24/06/2025;FAC-2025-002296;CLI0341;VEN14;SUC02;Local;Financiación Propia;Completada
VTA002297;19/07/2026;FAC-2026-002297;CLI0264;VEN05;SUC05;Marketplace;Efectivo;Completada
VTA002298;06/06/2026;FAC-2026-002298;CLI0275;VEN04;SUC04;Web;Tarjeta Débito;Completada
VTA002299;12/11/2025;FAC-2025-002299;CLI0417;VEN01;SUC01;Marketplace;Financiación Propia;Completada
VTA002300;14/02/2026;FAC-2026-002300;CLI0180;VEN17;SUC05;Marketplace;Financiación Propia;Completada
VTA002301;20/02/2026;FAC-2026-002301;CLI0525;VEN18;SUC06;Venta Telefónica;Financiación Propia;Completada
VTA002302;05/05/2026;FAC-2026-002302;CLI0232;VEN09;SUC03;Marketplace;Tarjeta Crédito;Completada
VTA002303;12/07/2026;FAC-2026-002303;CLI0090;VEN15;SUC03;WhatsApp;Financiación Propia;Completada
VTA002304;13/12/2025;FAC-2025-002304;CLI0025;VEN06;SUC06;Venta Telefónica;Efectivo;Pendiente
VTA002305;23/02/2025;FAC-2025-002305;CLI0596;VEN03;SUC03;Web;Tarjeta Débito;Completada
VTA002306;20/10/2025;FAC-2025-002306;CLI0354;VEN15;SUC03;Local;Financiación Propia;Completada
VTA002307;28/02/2026;FAC-2026-002307;CLI0254;VEN02;SUC02;Venta Telefónica;Financiación Propia;Completada
VTA002308;13/01/2025;FAC-2025-002308;CLI0018;VEN14;SUC02;Web;Tarjeta Débito;Completada
VTA002309;01/07/2026;FAC-2026-002309;CLI0170;VEN13;SUC01;Venta Telefónica;Efectivo;Completada
VTA002310;03/07/2026;FAC-2026-002310;CLI0527;VEN06;SUC06;Local;Tarjeta Crédito;Completada
VTA002311;10/11/2025;FAC-2025-002311;CLI0433;VEN04;SUC04;WhatsApp;Transferencia;Completada
VTA002312;08/06/2025;FAC-2025-002312;CLI0478;VEN07;SUC01;Venta Telefónica;Efectivo;Completada
VTA002313;20/10/2025;FAC-2025-002313;CLI0290;VEN03;SUC03;Marketplace;Financiación Propia;Completada
VTA002314;02/05/2025;FAC-2025-002314;CLI0202;VEN05;SUC05;Local;Efectivo;Completada
VTA002315;13/10/2025;FAC-2025-002315;CLI0434;VEN17;SUC05;Local;Transferencia;Completada
VTA002316;19/11/2025;FAC-2025-002316;CLI0432;VEN12;SUC06;Marketplace;Tarjeta Crédito;Completada
VTA002317;08/02/2026;FAC-2026-002317;CLI0123;VEN10;SUC04;Web;Transferencia;Completada
VTA002318;05/06/2025;FAC-2025-002318;CLI0061;VEN01;SUC01;Web;Tarjeta Débito;Completada
VTA002319;06/03/2026;FAC-2026-002319;CLI0445;VEN12;SUC06;Venta Telefónica;Efectivo;Completada
VTA002320;02/11/2025;FAC-2025-002320;CLI0352;VEN16;SUC04;Web;Tarjeta Débito;Completada
VTA002321;10/04/2025;FAC-2025-002321;CLI0213;VEN11;SUC05;Venta Telefónica;Efectivo;Completada
VTA002322;02/09/2025;FAC-2025-002322;CLI0531;VEN06;SUC06;Venta Telefónica;Efectivo;Completada
VTA002323;24/04/2025;FAC-2025-002323;CLI0368;VEN14;SUC02;Web;Efectivo;Cancelada
VTA002324;03/04/2025;FAC-2025-002324;CLI0156;VEN18;SUC06;Local;Tarjeta Crédito;Completada
VTA002325;23/06/2025;FAC-2025-002325;CLI0447;VEN01;SUC01;Local;Efectivo;Completada
VTA002326;03/05/2025;FAC-2025-002326;CLI0404;VEN05;SUC05;Local;Transferencia;Completada
VTA002327;28/05/2025;FAC-2025-002327;CLI0362;VEN03;SUC03;Web;Tarjeta Crédito;Completada
VTA002328;31/01/2025;FAC-2025-002328;CLI0142;VEN06;SUC06;WhatsApp;Tarjeta Débito;Completada
VTA002329;20/02/2025;FAC-2025-002329;CLI0533;VEN01;SUC01;Venta Telefónica;Efectivo;Completada
VTA002330;20/04/2025;FAC-2025-002330;CLI0467;VEN10;SUC04;Marketplace;Tarjeta Débito;Completada
VTA002331;06/06/2025;FAC-2025-002331;CLI0503;VEN10;SUC04;Web;Financiación Propia;Completada
VTA002332;24/12/2025;FAC-2025-002332;CLI0383;VEN06;SUC06;Web;Efectivo;Completada
VTA002333;06/04/2026;FAC-2026-002333;CLI0074;VEN16;SUC04;WhatsApp;Tarjeta Crédito;Completada
VTA002334;20/02/2025;FAC-2025-002334;CLI0180;VEN16;SUC04;Web;Tarjeta Débito;Cancelada
VTA002335;18/10/2025;FAC-2025-002335;CLI0526;VEN18;SUC06;Marketplace;Efectivo;Completada
VTA002336;21/03/2025;FAC-2025-002336;CLI0206;VEN06;SUC06;Web;Transferencia;Completada
VTA002337;07/04/2026;FAC-2026-002337;CLI0154;VEN10;SUC04;WhatsApp;Transferencia;Completada
VTA002338;03/12/2025;FAC-2025-002338;CLI0025;VEN03;SUC03;WhatsApp;Efectivo;Completada
VTA002339;11/04/2025;FAC-2025-002339;CLI0492;VEN16;SUC04;WhatsApp;Transferencia;Completada
VTA002340;25/08/2025;FAC-2025-002340;CLI0272;VEN14;SUC02;Venta Telefónica;Tarjeta Débito;Completada
VTA002341;22/03/2025;FAC-2025-002341;CLI0524;VEN13;SUC01;Marketplace;Tarjeta Débito;Completada
VTA002342;28/02/2026;FAC-2026-002342;CLI0234;VEN08;SUC02;Web;Tarjeta Débito;Completada
VTA002343;26/12/2025;FAC-2025-002343;CLI0323;VEN11;SUC05;Web;Tarjeta Débito;Completada
VTA002344;16/04/2026;FAC-2026-002344;CLI0170;VEN01;SUC01;Local;Efectivo;Completada
VTA002345;12/02/2025;FAC-2025-002345;CLI0510;VEN15;SUC03;Web;Tarjeta Crédito;Completada
VTA002346;05/03/2025;FAC-2025-002346;CLI0485;VEN14;SUC02;Venta Telefónica;Transferencia;Completada
VTA002347;01/01/2026;FAC-2026-002347;CLI0042;VEN02;SUC02;Venta Telefónica;Tarjeta Débito;Completada
VTA002348;11/07/2026;FAC-2026-002348;CLI0448;VEN17;SUC05;Marketplace;Tarjeta Crédito;Completada
VTA002349;22/02/2026;FAC-2026-002349;CLI0006;VEN01;SUC01;Web;Tarjeta Débito;Completada
VTA002350;06/08/2025;FAC-2025-002350;CLI0540;VEN13;SUC01;Web;Tarjeta Débito;Completada
VTA002351;07/08/2025;FAC-2025-002351;CLI0555;VEN15;SUC03;Venta Telefónica;Tarjeta Crédito;Cancelada
VTA002352;06/07/2026;FAC-2026-002352;CLI0349;VEN15;SUC03;Local;Transferencia;Completada
VTA002353;30/08/2025;FAC-2025-002353;CLI0155;VEN15;SUC03;Venta Telefónica;Transferencia;Completada
VTA002354;24/03/2026;FAC-2026-002354;CLI0451;VEN09;SUC03;Web;Tarjeta Débito;Completada
VTA002355;07/11/2025;FAC-2025-002355;CLI0447;VEN17;SUC05;Local;Transferencia;Completada
VTA002356;26/01/2026;FAC-2026-002356;CLI0399;VEN10;SUC04;Local;Tarjeta Débito;Completada
VTA002357;03/04/2026;FAC-2026-002357;CLI0185;VEN09;SUC03;Venta Telefónica;Tarjeta Crédito;Completada
VTA002358;28/02/2026;FAC-2026-002358;CLI0421;VEN15;SUC03;Marketplace;Transferencia;Completada
VTA002359;13/12/2025;FAC-2025-002359;CLI0422;VEN11;SUC05;WhatsApp;Transferencia;Completada
VTA002360;02/01/2026;FAC-2026-002360;CLI0510;VEN10;SUC04;Local;Transferencia;Completada
VTA002361;15/01/2026;FAC-2026-002361;CLI0112;VEN17;SUC05;WhatsApp;Tarjeta Débito;Completada
VTA002362;19/06/2026;FAC-2026-002362;CLI0181;VEN13;SUC01;Local;Transferencia;Completada
VTA002363;26/04/2026;FAC-2026-002363;CLI0522;VEN15;SUC03;Venta Telefónica;Tarjeta Crédito;Completada
VTA002364;16/01/2026;FAC-2026-002364;CLI0258;VEN13;SUC01;Venta Telefónica;Transferencia;Completada
VTA002365;29/06/2026;FAC-2026-002365;CLI0195;VEN12;SUC06;Venta Telefónica;Tarjeta Débito;Completada
VTA002366;28/04/2025;FAC-2025-002366;CLI0019;VEN01;SUC01;Marketplace;Tarjeta Crédito;Completada
VTA002367;21/05/2026;FAC-2026-002367;CLI0136;VEN10;SUC04;Local;Transferencia;Completada
VTA002368;11/01/2026;FAC-2026-002368;CLI0220;VEN18;SUC06;Web;Tarjeta Débito;Completada
VTA002369;08/05/2026;FAC-2026-002369;CLI0572;VEN17;SUC05;Marketplace;Transferencia;Completada
VTA002370;28/02/2026;FAC-2026-002370;CLI0584;VEN17;SUC05;Venta Telefónica;Tarjeta Crédito;Completada
VTA002371;13/02/2025;FAC-2025-002371;CLI0244;VEN01;SUC01;Web;Tarjeta Débito;Completada
VTA002372;04/04/2026;FAC-2026-002372;CLI0007;VEN10;SUC04;Local;Efectivo;Pendiente
VTA002373;15/01/2025;FAC-2025-002373;CLI0052;VEN18;SUC06;Marketplace;Efectivo;Completada
VTA002374;26/01/2025;FAC-2025-002374;CLI0572;VEN10;SUC04;Web;Tarjeta Débito;Completada
VTA002375;09/09/2025;FAC-2025-002375;CLI0568;VEN05;SUC05;Marketplace;Tarjeta Crédito;Completada
VTA002376;31/03/2025;FAC-2025-002376;CLI0339;VEN08;SUC02;Local;Tarjeta Crédito;Completada
VTA002377;19/04/2025;FAC-2025-002377;CLI0150;VEN06;SUC06;Venta Telefónica;Transferencia;Completada
VTA002378;06/07/2025;FAC-2025-002378;CLI0347;VEN12;SUC06;Local;Transferencia;Completada
VTA002379;18/04/2026;FAC-2026-002379;CLI0199;VEN14;SUC02;Venta Telefónica;Efectivo;Completada
VTA002380;03/10/2025;FAC-2025-002380;CLI0400;VEN07;SUC01;Web;Tarjeta Débito;Completada
VTA002381;29/07/2025;FAC-2025-002381;CLI0480;VEN05;SUC05;Marketplace;Transferencia;Completada
VTA002382;02/12/2025;FAC-2025-002382;CLI0091;VEN10;SUC04;Web;Efectivo;Completada
VTA002383;15/09/2025;FAC-2025-002383;CLI0196;VEN10;SUC04;Local;Transferencia;Completada
VTA002384;26/02/2025;FAC-2025-002384;CLI0195;VEN14;SUC02;Web;Tarjeta Débito;Completada
VTA002385;08/06/2026;FAC-2026-002385;CLI0085;VEN16;SUC04;Web;Tarjeta Crédito;Completada
VTA002386;26/04/2025;FAC-2025-002386;CLI0105;VEN04;SUC04;Web;Efectivo;Completada
VTA002387;04/10/2025;FAC-2025-002387;CLI0537;VEN18;SUC06;Local;Tarjeta Débito;Completada
VTA002388;12/05/2026;FAC-2026-002388;CLI0303;VEN16;SUC04;WhatsApp;Efectivo;Cancelada
VTA002389;28/02/2025;FAC-2025-002389;CLI0476;VEN05;SUC05;Marketplace;Tarjeta Crédito;Completada
VTA002390;12/12/2025;FAC-2025-002390;CLI0072;VEN16;SUC04;Local;Transferencia;Completada
VTA002391;20/04/2026;FAC-2026-002391;CLI0375;VEN02;SUC02;Venta Telefónica;Tarjeta Crédito;Completada
VTA002392;14/01/2026;FAC-2026-002392;CLI0006;VEN13;SUC01;WhatsApp;Efectivo;Completada
VTA002393;30/10/2025;FAC-2025-002393;CLI0485;VEN10;SUC04;Web;Tarjeta Débito;Completada
VTA002394;28/02/2026;FAC-2026-002394;CLI0282;VEN18;SUC06;Marketplace;Tarjeta Débito;Completada
VTA002395;22/03/2025;FAC-2025-002395;CLI0021;VEN16;SUC04;Marketplace;Transferencia;Completada
VTA002396;13/04/2026;FAC-2026-002396;CLI0482;VEN10;SUC04;Marketplace;Financiación Propia;Completada
VTA002397;14/03/2026;FAC-2026-002397;CLI0401;VEN18;SUC06;Web;Efectivo;Completada
VTA002398;07/10/2025;FAC-2025-002398;CLI0302;VEN04;SUC04;Venta Telefónica;Efectivo;Completada
VTA002399;25/06/2025;FAC-2025-002399;CLI0120;VEN06;SUC06;Local;Tarjeta Crédito;Completada
VTA002400;24/01/2026;FAC-2026-002400;CLI0308;VEN03;SUC03;Web;Transferencia;Completada
VTA002401;29/06/2026;FAC-2026-002401;CLI0012;VEN10;SUC04;Marketplace;Financiación Propia;Completada
VTA002402;06/07/2025;FAC-2025-002402;CLI0042;VEN14;SUC02;Venta Telefónica;Efectivo;Completada
VTA002403;19/04/2025;FAC-2025-002403;CLI0067;VEN09;SUC03;Web;Financiación Propia;Completada
VTA002404;17/09/2025;FAC-2025-002404;CLI0044;VEN05;SUC05;WhatsApp;Efectivo;Completada
VTA002405;20/05/2026;FAC-2026-002405;CLI0547;VEN06;SUC06;Marketplace;Tarjeta Débito;Completada
VTA002406;27/06/2026;FAC-2026-002406;CLI0238;VEN06;SUC06;Web;Tarjeta Débito;Completada
VTA002407;25/01/2026;FAC-2026-002407;CLI0331;VEN01;SUC01;Web;Tarjeta Débito;Completada
VTA002408;20/07/2025;FAC-2025-002408;CLI0123;VEN14;SUC02;Marketplace;Financiación Propia;Completada
VTA002409;27/06/2025;FAC-2025-002409;CLI0123;VEN05;SUC05;Venta Telefónica;Financiación Propia;Completada
VTA002410;25/06/2025;FAC-2025-002410;CLI0394;VEN12;SUC06;Local;Tarjeta Débito;Cancelada
VTA002411;09/05/2026;FAC-2026-002411;CLI0538;VEN14;SUC02;Venta Telefónica;Transferencia;Completada
VTA002412;02/07/2025;FAC-2025-002412;CLI0417;VEN05;SUC05;Local;Efectivo;Completada
VTA002413;13/05/2026;FAC-2026-002413;CLI0438;VEN03;SUC03;Local;Efectivo;Completada
VTA002414;14/04/2026;FAC-2026-002414;CLI0191;VEN02;SUC02;Local;Financiación Propia;Completada
VTA002415;05/04/2025;FAC-2025-002415;CLI0108;VEN14;SUC02;WhatsApp;Tarjeta Crédito;Completada
VTA002416;03/12/2025;FAC-2025-002416;CLI0215;VEN11;SUC05;Venta Telefónica;Tarjeta Crédito;Completada
VTA002417;22/07/2025;FAC-2025-002417;CLI0115;VEN15;SUC03;Web;Tarjeta Crédito;Completada
VTA002418;13/02/2025;FAC-2025-002418;CLI0287;VEN02;SUC02;WhatsApp;Tarjeta Débito;Completada
VTA002419;20/06/2025;FAC-2025-002419;CLI0120;VEN17;SUC05;Marketplace;Tarjeta Crédito;Completada
VTA002420;01/04/2026;FAC-2026-002420;CLI0013;VEN06;SUC06;Venta Telefónica;Tarjeta Crédito;Completada
VTA002421;23/01/2025;FAC-2025-002421;CLI0225;VEN09;SUC03;Web;Financiación Propia;Pendiente
VTA002422;12/05/2025;FAC-2025-002422;CLI0517;VEN04;SUC04;Marketplace;Tarjeta Crédito;Completada
VTA002423;25/10/2025;FAC-2025-002423;CLI0432;VEN13;SUC01;Marketplace;Financiación Propia;Completada
VTA002424;15/04/2025;FAC-2025-002424;CLI0508;VEN11;SUC05;Marketplace;Financiación Propia;Completada
VTA002425;16/03/2025;FAC-2025-002425;CLI0365;VEN02;SUC02;Marketplace;Financiación Propia;Completada
VTA002426;01/04/2025;FAC-2025-002426;CLI0465;VEN14;SUC02;Venta Telefónica;Tarjeta Crédito;Completada
VTA002427;14/02/2025;FAC-2025-002427;CLI0171;VEN03;SUC03;Local;Efectivo;Completada
VTA002428;10/05/2025;FAC-2025-002428;CLI0228;VEN18;SUC06;Web;Tarjeta Débito;Completada
VTA002429;17/05/2026;FAC-2026-002429;CLI0579;VEN14;SUC02;Local;Transferencia;Completada
VTA002430;20/04/2026;FAC-2026-002430;CLI0116;VEN09;SUC03;Venta Telefónica;Efectivo;Completada
VTA002431;28/02/2025;FAC-2025-002431;CLI0208;VEN06;SUC06;WhatsApp;Efectivo;Completada
VTA002432;20/06/2025;FAC-2025-002432;CLI0229;VEN09;SUC03;Web;Efectivo;Completada
VTA002433;22/05/2025;FAC-2025-002433;CLI0426;VEN07;SUC01;Web;Efectivo;Completada
VTA002434;23/04/2025;FAC-2025-002434;CLI0164;VEN02;SUC02;Local;Financiación Propia;Pendiente
VTA002435;13/03/2026;FAC-2026-002435;CLI0566;VEN12;SUC06;Local;Tarjeta Crédito;Completada
VTA002436;26/02/2025;FAC-2025-002436;CLI0397;VEN11;SUC05;Web;Tarjeta Crédito;Completada
VTA002437;20/05/2025;FAC-2025-002437;CLI0582;VEN10;SUC04;Web;Transferencia;Completada
VTA002438;18/12/2025;FAC-2025-002438;CLI0329;VEN18;SUC06;Venta Telefónica;Tarjeta Crédito;Completada
VTA002439;03/06/2026;FAC-2026-002439;CLI0585;VEN05;SUC05;Marketplace;Tarjeta Crédito;Completada
VTA002440;13/09/2025;FAC-2025-002440;CLI0495;VEN01;SUC01;Web;Transferencia;Completada
VTA002441;17/05/2025;FAC-2025-002441;CLI0358;VEN10;SUC04;Web;Efectivo;Completada
VTA002442;31/03/2025;FAC-2025-002442;CLI0587;VEN18;SUC06;Local;Efectivo;Completada
VTA002443;08/09/2025;FAC-2025-002443;CLI0370;VEN16;SUC04;Web;Tarjeta Crédito;Completada
VTA002444;22/07/2025;FAC-2025-002444;CLI0284;VEN17;SUC05;Marketplace;Tarjeta Crédito;Completada
VTA002445;11/04/2025;FAC-2025-002445;CLI0342;VEN12;SUC06;WhatsApp;Financiación Propia;Completada
VTA002446;05/05/2025;FAC-2025-002446;CLI0267;VEN10;SUC04;Marketplace;Efectivo;Completada
VTA002447;11/07/2026;FAC-2026-002447;CLI0437;VEN17;SUC05;WhatsApp;Tarjeta Débito;Completada
VTA002448;04/07/2025;FAC-2025-002448;CLI0330;VEN07;SUC01;Local;Transferencia;Completada
VTA002449;06/01/2025;FAC-2025-002449;CLI0129;VEN03;SUC03;WhatsApp;Transferencia;Completada
VTA002450;10/04/2025;FAC-2025-002450;CLI0300;VEN04;SUC04;Local;Transferencia;Completada
VTA002451;07/03/2025;FAC-2025-002451;CLI0478;VEN01;SUC01;WhatsApp;Tarjeta Débito;Completada
VTA002452;08/01/2026;FAC-2026-002452;CLI0079;VEN06;SUC06;Local;Efectivo;Completada
VTA002453;15/02/2026;FAC-2026-002453;CLI0584;VEN07;SUC01;Web;Tarjeta Débito;Completada
VTA002454;07/02/2025;FAC-2025-002454;CLI0347;VEN05;SUC05;Venta Telefónica;Financiación Propia;Completada
VTA002455;03/11/2025;FAC-2025-002455;CLI0398;VEN06;SUC06;Marketplace;Transferencia;Completada
VTA002456;01/03/2025;FAC-2025-002456;CLI0585;VEN10;SUC04;WhatsApp;Tarjeta Débito;Completada
VTA002457;19/04/2026;FAC-2026-002457;CLI0501;VEN17;SUC05;Web;Tarjeta Débito;Completada
VTA002458;19/06/2025;FAC-2025-002458;CLI0190;VEN08;SUC02;Marketplace;Tarjeta Crédito;Completada
VTA002459;15/03/2025;FAC-2025-002459;CLI0135;VEN14;SUC02;Web;Financiación Propia;Completada
VTA002460;23/05/2025;FAC-2025-002460;CLI0378;VEN10;SUC04;Web;Tarjeta Débito;Completada
VTA002461;27/02/2026;FAC-2026-002461;CLI0130;VEN01;SUC01;Marketplace;Transferencia;Completada
VTA002462;03/07/2025;FAC-2025-002462;CLI0330;VEN15;SUC03;Venta Telefónica;Tarjeta Crédito;Completada
VTA002463;22/02/2025;FAC-2025-002463;CLI0563;VEN10;SUC04;Web;Transferencia;Cancelada
VTA002464;31/03/2026;FAC-2026-002464;CLI0150;VEN07;SUC01;WhatsApp;Tarjeta Crédito;Completada
VTA002465;26/04/2026;FAC-2026-002465;CLI0543;VEN11;SUC05;Venta Telefónica;Financiación Propia;Completada
VTA002466;18/04/2025;FAC-2025-002466;CLI0326;VEN03;SUC03;Venta Telefónica;Financiación Propia;Completada
VTA002467;12/03/2025;FAC-2025-002467;CLI0010;VEN09;SUC03;Web;Tarjeta Crédito;Completada
VTA002468;09/03/2026;FAC-2026-002468;CLI0252;VEN04;SUC04;Marketplace;Efectivo;Completada
VTA002469;21/10/2025;FAC-2025-002469;CLI0004;VEN09;SUC03;WhatsApp;Transferencia;Completada
VTA002470;08/03/2026;FAC-2026-002470;CLI0467;VEN01;SUC01;Web;Tarjeta Crédito;Completada
VTA002471;15/06/2026;FAC-2026-002471;CLI0001;VEN12;SUC06;Venta Telefónica;Financiación Propia;Completada
VTA002472;21/05/2025;FAC-2025-002472;CLI0379;VEN16;SUC04;Marketplace;Financiación Propia;Completada
VTA002473;26/05/2026;FAC-2026-002473;CLI0373;VEN07;SUC01;Local;Transferencia;Completada
VTA002474;26/02/2025;FAC-2025-002474;CLI0384;VEN15;SUC03;Venta Telefónica;Tarjeta Crédito;Completada
VTA002475;04/05/2026;FAC-2026-002475;CLI0424;VEN03;SUC03;Venta Telefónica;Tarjeta Débito;Completada
VTA002476;30/12/2025;FAC-2025-002476;CLI0471;VEN10;SUC04;WhatsApp;Tarjeta Débito;Completada
VTA002477;26/12/2025;FAC-2025-002477;CLI0495;VEN18;SUC06;Marketplace;Tarjeta Débito;Completada
VTA002478;05/01/2026;FAC-2026-002478;CLI0518;VEN10;SUC04;Web;Efectivo;Completada
VTA002479;14/05/2026;FAC-2026-002479;CLI0595;VEN04;SUC04;Local;Tarjeta Crédito;Completada
VTA002480;13/02/2026;FAC-2026-002480;CLI0593;VEN10;SUC04;Venta Telefónica;Tarjeta Crédito;Completada
VTA002481;08/04/2025;FAC-2025-002481;CLI0563;VEN16;SUC04;WhatsApp;Financiación Propia;Completada
VTA002482;31/05/2026;FAC-2026-002482;CLI0418;VEN10;SUC04;Venta Telefónica;Tarjeta Débito;Completada
VTA002483;05/07/2025;FAC-2025-002483;CLI0280;VEN15;SUC03;Marketplace;Tarjeta Débito;Completada
VTA002484;22/06/2026;FAC-2026-002484;CLI0587;VEN14;SUC02;Local;Efectivo;Completada
VTA002485;03/05/2026;FAC-2026-002485;CLI0553;VEN15;SUC03;Web;Efectivo;Completada
VTA002486;14/01/2026;FAC-2026-002486;CLI0393;VEN04;SUC04;Marketplace;Financiación Propia;Completada
VTA002487;23/01/2025;FAC-2025-002487;CLI0034;VEN02;SUC02;WhatsApp;Tarjeta Débito;Completada
VTA002488;28/01/2025;FAC-2025-002488;CLI0549;VEN11;SUC05;Marketplace;Transferencia;Completada
VTA002489;12/03/2026;FAC-2026-002489;CLI0358;VEN14;SUC02;Local;Tarjeta Débito;Completada
VTA002490;13/05/2025;FAC-2025-002490;CLI0290;VEN17;SUC05;WhatsApp;Transferencia;Completada
VTA002491;19/03/2025;FAC-2025-002491;CLI0333;VEN11;SUC05;Marketplace;Tarjeta Débito;Completada
VTA002492;07/02/2025;FAC-2025-002492;CLI0494;VEN17;SUC05;Local;Financiación Propia;Completada
VTA002493;11/11/2025;FAC-2025-002493;CLI0481;VEN12;SUC06;Local;Efectivo;Completada
VTA002494;26/09/2025;FAC-2025-002494;CLI0211;VEN16;SUC04;Local;Financiación Propia;Completada
VTA002495;06/04/2025;FAC-2025-002495;CLI0069;VEN07;SUC01;Local;Tarjeta Débito;Completada
VTA002496;07/06/2026;FAC-2026-002496;CLI0120;VEN09;SUC03;Venta Telefónica;Tarjeta Crédito;Completada
VTA002497;03/09/2025;FAC-2025-002497;CLI0537;VEN04;SUC04;Marketplace;Tarjeta Crédito;Completada
VTA002498;23/08/2025;FAC-2025-002498;CLI0467;VEN09;SUC03;Web;Tarjeta Crédito;Completada
VTA002499;28/02/2026;FAC-2026-002499;CLI0148;VEN03;SUC03;WhatsApp;Tarjeta Crédito;Completada
VTA002500;16/03/2025;FAC-2025-002500;CLI0303;VEN15;SUC03;WhatsApp;Transferencia;Completada
VTA002501;11/10/2025;FAC-2025-002501;CLI0404;VEN04;SUC04;Marketplace;Efectivo;Pendiente
VTA002502;09/02/2025;FAC-2025-002502;CLI0309;VEN10;SUC04;WhatsApp;Tarjeta Crédito;Completada
VTA002503;27/12/2025;FAC-2025-002503;CLI0313;VEN14;SUC02;Venta Telefónica;Transferencia;Completada
VTA002504;17/04/2025;FAC-2025-002504;CLI0289;VEN02;SUC02;Web;Efectivo;Completada
VTA002505;30/08/2025;FAC-2025-002505;CLI0498;VEN18;SUC06;Venta Telefónica;Tarjeta Débito;Completada
VTA002506;12/03/2025;FAC-2025-002506;CLI0556;VEN06;SUC06;Venta Telefónica;Efectivo;Completada
VTA002507;22/02/2025;FAC-2025-002507;CLI0284;VEN03;SUC03;Web;Efectivo;Completada
VTA002508;19/10/2025;FAC-2025-002508;CLI0486;VEN10;SUC04;Venta Telefónica;Financiación Propia;Completada
VTA002509;13/04/2025;FAC-2025-002509;CLI0598;VEN05;SUC05;Local;Efectivo;Completada
VTA002510;07/07/2026;FAC-2026-002510;CLI0233;VEN03;SUC03;Marketplace;Efectivo;Completada
VTA002511;17/01/2025;FAC-2025-002511;CLI0026;VEN04;SUC04;WhatsApp;Tarjeta Crédito;Completada
VTA002512;16/08/2025;FAC-2025-002512;CLI0057;VEN11;SUC05;Venta Telefónica;Efectivo;Completada
VTA002513;22/09/2025;FAC-2025-002513;CLI0467;VEN09;SUC03;WhatsApp;Efectivo;Completada
VTA002514;15/11/2025;FAC-2025-002514;CLI0302;VEN16;SUC04;Local;Efectivo;Completada
VTA002515;21/04/2025;FAC-2025-002515;CLI0385;VEN15;SUC03;Web;Efectivo;Completada
VTA002516;28/09/2025;FAC-2025-002516;CLI0461;VEN15;SUC03;WhatsApp;Efectivo;Completada
VTA002517;12/02/2026;FAC-2026-002517;CLI0003;VEN18;SUC06;WhatsApp;Efectivo;Completada
VTA002518;03/05/2025;FAC-2025-002518;CLI0573;VEN01;SUC01;Web;Tarjeta Crédito;Completada
VTA002519;02/03/2026;FAC-2026-002519;CLI0374;VEN05;SUC05;WhatsApp;Tarjeta Débito;Completada
VTA002520;22/04/2025;FAC-2025-002520;CLI0432;VEN18;SUC06;Local;Financiación Propia;Completada
VTA002521;03/06/2025;FAC-2025-002521;CLI0298;VEN01;SUC01;WhatsApp;Tarjeta Débito;Completada
VTA002522;08/07/2026;FAC-2026-002522;CLI0338;VEN12;SUC06;Local;Tarjeta Débito;Completada
VTA002523;12/01/2025;FAC-2025-002523;CLI0548;VEN10;SUC04;Venta Telefónica;Financiación Propia;Completada
VTA002524;23/03/2026;FAC-2026-002524;CLI0179;VEN15;SUC03;Venta Telefónica;Financiación Propia;Completada
VTA002525;16/08/2025;FAC-2025-002525;CLI0132;VEN04;SUC04;Local;Financiación Propia;Completada
VTA002526;18/08/2025;FAC-2025-002526;CLI0417;VEN16;SUC04;WhatsApp;Transferencia;Completada
VTA002527;16/02/2025;FAC-2025-002527;CLI0153;VEN15;SUC03;Local;Efectivo;Completada
VTA002528;27/07/2026;FAC-2026-002528;CLI0076;VEN05;SUC05;WhatsApp;Tarjeta Débito;Completada
VTA002529;28/05/2025;FAC-2025-002529;CLI0454;VEN09;SUC03;Local;Tarjeta Débito;Completada
VTA002530;19/02/2026;FAC-2026-002530;CLI0080;VEN11;SUC05;WhatsApp;Transferencia;Completada
VTA002531;03/10/2025;FAC-2025-002531;CLI0570;VEN11;SUC05;Web;Efectivo;Completada
VTA002532;29/01/2025;FAC-2025-002532;CLI0478;VEN06;SUC06;Local;Transferencia;Completada
VTA002533;06/09/2025;FAC-2025-002533;CLI0464;VEN15;SUC03;Marketplace;Efectivo;Completada
VTA002534;03/12/2025;FAC-2025-002534;CLI0479;VEN09;SUC03;WhatsApp;Transferencia;Completada
VTA002535;28/01/2025;FAC-2025-002535;CLI0243;VEN15;SUC03;Local;Transferencia;Completada
VTA002536;19/07/2026;FAC-2026-002536;CLI0588;VEN07;SUC01;WhatsApp;Efectivo;Completada
VTA002537;02/10/2025;FAC-2025-002537;CLI0280;VEN03;SUC03;Marketplace;Transferencia;Completada
VTA002538;05/05/2026;FAC-2026-002538;CLI0476;VEN06;SUC06;Venta Telefónica;Efectivo;Completada
VTA002539;28/09/2025;FAC-2025-002539;CLI0509;VEN12;SUC06;Local;Tarjeta Crédito;Completada
VTA002540;23/12/2025;FAC-2025-002540;CLI0537;VEN08;SUC02;Marketplace;Transferencia;Completada
VTA002541;03/03/2025;FAC-2025-002541;CLI0409;VEN16;SUC04;WhatsApp;Tarjeta Débito;Completada
VTA002542;02/06/2026;FAC-2026-002542;CLI0490;VEN04;SUC04;Web;Transferencia;Completada
VTA002543;03/08/2025;FAC-2025-002543;CLI0134;VEN06;SUC06;Local;Tarjeta Crédito;Completada
VTA002544;26/07/2025;FAC-2025-002544;CLI0560;VEN13;SUC01;WhatsApp;Tarjeta Débito;Completada
VTA002545;28/04/2025;FAC-2025-002545;CLI0313;VEN04;SUC04;Venta Telefónica;Financiación Propia;Completada
VTA002546;10/02/2026;FAC-2026-002546;CLI0236;VEN01;SUC01;Venta Telefónica;Financiación Propia;Completada
VTA002547;22/03/2026;FAC-2026-002547;CLI0572;VEN16;SUC04;Venta Telefónica;Financiación Propia;Completada
VTA002548;14/07/2026;FAC-2026-002548;CLI0079;VEN01;SUC01;Web;Transferencia;Completada
VTA002549;20/03/2025;FAC-2025-002549;CLI0360;VEN12;SUC06;Venta Telefónica;Efectivo;Completada
VTA002550;11/03/2025;FAC-2025-002550;CLI0456;VEN17;SUC05;Web;Tarjeta Crédito;Completada
VTA002551;15/07/2025;FAC-2025-002551;CLI0301;VEN06;SUC06;Local;Transferencia;Completada
VTA002552;01/04/2026;FAC-2026-002552;CLI0316;VEN04;SUC04;Marketplace;Financiación Propia;Completada
VTA002553;30/05/2025;FAC-2025-002553;CLI0496;VEN04;SUC04;WhatsApp;Financiación Propia;Completada
VTA002554;30/03/2026;FAC-2026-002554;CLI0374;VEN03;SUC03;WhatsApp;Tarjeta Débito;Completada
VTA002555;14/10/2025;FAC-2025-002555;CLI0467;VEN13;SUC01;Local;Financiación Propia;Completada
VTA002556;24/01/2025;FAC-2025-002556;CLI0547;VEN08;SUC02;WhatsApp;Transferencia;Completada
VTA002557;12/09/2025;FAC-2025-002557;CLI0090;VEN16;SUC04;Web;Efectivo;Completada
VTA002558;09/03/2026;FAC-2026-002558;CLI0190;VEN06;SUC06;Web;Tarjeta Débito;Pendiente
VTA002559;31/03/2025;FAC-2025-002559;CLI0172;VEN12;SUC06;Web;Transferencia;Completada
VTA002560;07/11/2025;FAC-2025-002560;CLI0128;VEN01;SUC01;Web;Tarjeta Débito;Completada
VTA002561;16/11/2025;FAC-2025-002561;CLI0356;VEN08;SUC02;WhatsApp;Tarjeta Crédito;Completada
VTA002562;26/08/2025;FAC-2025-002562;CLI0094;VEN06;SUC06;Web;Transferencia;Completada
VTA002563;10/05/2026;FAC-2026-002563;CLI0294;VEN01;SUC01;Web;Efectivo;Completada
VTA002564;08/11/2025;FAC-2025-002564;CLI0095;VEN01;SUC01;WhatsApp;Tarjeta Crédito;Completada
VTA002565;10/05/2025;FAC-2025-002565;CLI0546;VEN17;SUC05;WhatsApp;Tarjeta Débito;Completada
VTA002566;23/03/2025;FAC-2025-002566;CLI0301;VEN01;SUC01;Web;Tarjeta Crédito;Completada
VTA002567;22/11/2025;FAC-2025-002567;CLI0501;VEN16;SUC04;Venta Telefónica;Tarjeta Crédito;Completada
VTA002568;28/02/2025;FAC-2025-002568;CLI0175;VEN17;SUC05;Local;Transferencia;Completada
VTA002569;01/09/2025;FAC-2025-002569;CLI0141;VEN05;SUC05;Web;Efectivo;Completada
VTA002570;24/04/2025;FAC-2025-002570;CLI0222;VEN05;SUC05;Local;Financiación Propia;Completada
VTA002571;17/04/2025;FAC-2025-002571;CLI0227;VEN04;SUC04;WhatsApp;Efectivo;Completada
VTA002572;23/03/2026;FAC-2026-002572;CLI0566;VEN16;SUC04;WhatsApp;Efectivo;Completada
VTA002573;26/05/2026;FAC-2026-002573;CLI0378;VEN14;SUC02;WhatsApp;Tarjeta Débito;Completada
VTA002574;17/01/2026;FAC-2026-002574;CLI0289;VEN09;SUC03;Local;Tarjeta Débito;Completada
VTA002575;13/07/2026;FAC-2026-002575;CLI0461;VEN02;SUC02;WhatsApp;Tarjeta Crédito;Completada
VTA002576;07/06/2025;FAC-2025-002576;CLI0455;VEN04;SUC04;Web;Tarjeta Crédito;Completada
VTA002577;09/10/2025;FAC-2025-002577;CLI0313;VEN05;SUC05;WhatsApp;Efectivo;Completada
VTA002578;21/06/2025;FAC-2025-002578;CLI0294;VEN14;SUC02;Venta Telefónica;Efectivo;Completada
VTA002579;17/07/2025;FAC-2025-002579;CLI0128;VEN10;SUC04;Local;Financiación Propia;Completada
VTA002580;10/02/2026;FAC-2026-002580;CLI0196;VEN18;SUC06;Venta Telefónica;Efectivo;Completada
VTA002581;28/06/2026;FAC-2026-002581;CLI0052;VEN04;SUC04;Local;Tarjeta Débito;Pendiente
VTA002582;08/12/2025;FAC-2025-002582;CLI0301;VEN15;SUC03;Local;Financiación Propia;Completada
VTA002583;20/02/2026;FAC-2026-002583;CLI0491;VEN13;SUC01;Venta Telefónica;Efectivo;Completada
VTA002584;11/05/2026;FAC-2026-002584;CLI0401;VEN16;SUC04;WhatsApp;Tarjeta Débito;Completada
VTA002585;27/05/2025;FAC-2025-002585;CLI0560;VEN06;SUC06;Venta Telefónica;Financiación Propia;Completada
VTA002586;04/06/2025;FAC-2025-002586;CLI0423;VEN08;SUC02;Web;Transferencia;Completada
VTA002587;23/05/2025;FAC-2025-002587;CLI0165;VEN09;SUC03;Local;Tarjeta Crédito;Completada
VTA002588;29/07/2025;FAC-2025-002588;CLI0532;VEN07;SUC01;Venta Telefónica;Efectivo;Completada
VTA002589;03/12/2025;FAC-2025-002589;CLI0348;VEN16;SUC04;Venta Telefónica;Efectivo;Completada
VTA002590;28/09/2025;FAC-2025-002590;CLI0304;VEN17;SUC05;Venta Telefónica;Efectivo;Completada
VTA002591;09/04/2025;FAC-2025-002591;CLI0414;VEN02;SUC02;Marketplace;Transferencia;Completada
VTA002592;20/02/2025;FAC-2025-002592;CLI0506;VEN10;SUC04;Marketplace;Financiación Propia;Pendiente
VTA002593;05/03/2025;FAC-2025-002593;CLI0429;VEN13;SUC01;Marketplace;Tarjeta Débito;Completada
VTA002594;19/01/2026;FAC-2026-002594;CLI0298;VEN15;SUC03;Local;Transferencia;Completada
VTA002595;02/02/2025;FAC-2025-002595;CLI0049;VEN13;SUC01;Local;Transferencia;Completada
VTA002596;29/06/2026;FAC-2026-002596;CLI0273;VEN11;SUC05;Local;Tarjeta Débito;Completada
VTA002597;17/09/2025;FAC-2025-002597;CLI0261;VEN04;SUC04;WhatsApp;Tarjeta Crédito;Completada
VTA002598;22/05/2026;FAC-2026-002598;CLI0076;VEN01;SUC01;Venta Telefónica;Efectivo;Completada
VTA002599;05/01/2025;FAC-2025-002599;CLI0536;VEN02;SUC02;Marketplace;Tarjeta Débito;Completada
VTA002600;18/02/2026;FAC-2026-002600;CLI0131;VEN04;SUC04;Venta Telefónica;Efectivo;Completada
VTA002601;23/08/2025;FAC-2025-002601;CLI0035;VEN16;SUC04;Web;Tarjeta Crédito;Completada
VTA002602;22/08/2025;FAC-2025-002602;CLI0593;VEN17;SUC05;Venta Telefónica;Tarjeta Débito;Completada
VTA002603;20/03/2026;FAC-2026-002603;CLI0360;VEN12;SUC06;WhatsApp;Tarjeta Débito;Completada
VTA002604;24/06/2026;FAC-2026-002604;CLI0018;VEN02;SUC02;Web;Transferencia;Completada
VTA002605;02/02/2025;FAC-2025-002605;CLI0331;VEN15;SUC03;WhatsApp;Tarjeta Débito;Pendiente
VTA002606;20/09/2025;FAC-2025-002606;CLI0241;VEN03;SUC03;WhatsApp;Tarjeta Débito;Completada
VTA002607;08/01/2025;FAC-2025-002607;CLI0121;VEN08;SUC02;Web;Efectivo;Cancelada
VTA002608;08/02/2026;FAC-2026-002608;CLI0339;VEN15;SUC03;Web;Transferencia;Completada
VTA002609;22/04/2025;FAC-2025-002609;CLI0400;VEN01;SUC01;Local;Efectivo;Completada
VTA002610;20/06/2025;FAC-2025-002610;CLI0545;VEN05;SUC05;Venta Telefónica;Tarjeta Crédito;Completada
VTA002611;26/07/2025;FAC-2025-002611;CLI0427;VEN13;SUC01;Local;Financiación Propia;Completada
VTA002612;06/04/2025;FAC-2025-002612;CLI0303;VEN18;SUC06;Marketplace;Financiación Propia;Completada
VTA002613;06/04/2026;FAC-2026-002613;CLI0059;VEN10;SUC04;Marketplace;Tarjeta Crédito;Completada
VTA002614;26/06/2025;FAC-2025-002614;CLI0572;VEN07;SUC01;Venta Telefónica;Tarjeta Débito;Pendiente
VTA002615;28/09/2025;FAC-2025-002615;CLI0384;VEN03;SUC03;Web;Tarjeta Crédito;Completada
VTA002616;14/06/2025;FAC-2025-002616;CLI0401;VEN13;SUC01;Local;Tarjeta Crédito;Completada
VTA002617;27/08/2025;FAC-2025-002617;CLI0007;VEN07;SUC01;Web;Tarjeta Crédito;Completada
VTA002618;09/12/2025;FAC-2025-002618;CLI0517;VEN01;SUC01;WhatsApp;Transferencia;Completada
VTA002619;18/07/2026;FAC-2026-002619;CLI0202;VEN15;SUC03;Marketplace;Transferencia;Completada
VTA002620;08/01/2025;FAC-2025-002620;CLI0531;VEN01;SUC01;Web;Financiación Propia;Completada
VTA002621;09/11/2025;FAC-2025-002621;CLI0039;VEN05;SUC05;Web;Efectivo;Completada
VTA002622;12/03/2025;FAC-2025-002622;CLI0207;VEN07;SUC01;Local;Financiación Propia;Completada
VTA002623;16/05/2025;FAC-2025-002623;CLI0462;VEN14;SUC02;WhatsApp;Tarjeta Débito;Completada
VTA002624;27/09/2025;FAC-2025-002624;CLI0260;VEN02;SUC02;Web;Tarjeta Débito;Completada
VTA002625;07/11/2025;FAC-2025-002625;CLI0275;VEN02;SUC02;Marketplace;Efectivo;Cancelada
VTA002626;17/09/2025;FAC-2025-002626;CLI0180;VEN18;SUC06;WhatsApp;Transferencia;Completada
VTA002627;20/05/2026;FAC-2026-002627;CLI0107;VEN14;SUC02;WhatsApp;Tarjeta Crédito;Completada
VTA002628;28/11/2025;FAC-2025-002628;CLI0089;VEN14;SUC02;WhatsApp;Financiación Propia;Completada
VTA002629;23/04/2026;FAC-2026-002629;CLI0169;VEN06;SUC06;Venta Telefónica;Tarjeta Débito;Completada
VTA002630;27/04/2025;FAC-2025-002630;CLI0484;VEN02;SUC02;Marketplace;Tarjeta Débito;Completada
VTA002631;14/01/2026;FAC-2026-002631;CLI0321;VEN14;SUC02;Local;Tarjeta Crédito;Completada
VTA002632;27/05/2026;FAC-2026-002632;CLI0292;VEN17;SUC05;Venta Telefónica;Tarjeta Débito;Completada
VTA002633;27/01/2026;FAC-2026-002633;CLI0527;VEN01;SUC01;Web;Tarjeta Débito;Pendiente
VTA002634;02/07/2026;FAC-2026-002634;CLI0276;VEN17;SUC05;Venta Telefónica;Efectivo;Completada
VTA002635;31/07/2026;FAC-2026-002635;CLI0248;VEN07;SUC01;Marketplace;Financiación Propia;Completada
VTA002636;27/04/2026;FAC-2026-002636;CLI0581;VEN07;SUC01;Venta Telefónica;Transferencia;Completada
VTA002637;07/10/2025;FAC-2025-002637;CLI0189;VEN09;SUC03;Web;Tarjeta Débito;Completada
VTA002638;15/01/2026;FAC-2026-002638;CLI0181;VEN11;SUC05;Local;Tarjeta Débito;Completada
VTA002639;04/02/2025;FAC-2025-002639;CLI0073;VEN17;SUC05;WhatsApp;Financiación Propia;Completada
VTA002640;22/04/2026;FAC-2026-002640;CLI0225;VEN06;SUC06;Web;Transferencia;Completada
VTA002641;13/07/2025;FAC-2025-002641;CLI0046;VEN18;SUC06;Web;Tarjeta Crédito;Completada
VTA002642;21/05/2026;FAC-2026-002642;CLI0307;VEN11;SUC05;Venta Telefónica;Efectivo;Completada
VTA002643;02/08/2025;FAC-2025-002643;CLI0116;VEN09;SUC03;Venta Telefónica;Efectivo;Completada
VTA002644;16/05/2026;FAC-2026-002644;CLI0083;VEN04;SUC04;Venta Telefónica;Tarjeta Débito;Completada
VTA002645;13/04/2025;FAC-2025-002645;CLI0389;VEN11;SUC05;Local;Transferencia;Completada
VTA002646;01/05/2026;FAC-2026-002646;CLI0096;VEN16;SUC04;Local;Transferencia;Completada
VTA002647;17/06/2026;FAC-2026-002647;CLI0119;VEN09;SUC03;Venta Telefónica;Financiación Propia;Completada
VTA002648;21/03/2025;FAC-2025-002648;CLI0600;VEN18;SUC06;Venta Telefónica;Tarjeta Crédito;Completada
VTA002649;10/06/2026;FAC-2026-002649;CLI0153;VEN06;SUC06;Venta Telefónica;Tarjeta Débito;Completada
VTA002650;26/06/2025;FAC-2025-002650;CLI0396;VEN12;SUC06;Local;Efectivo;Completada
VTA002651;09/03/2025;FAC-2025-002651;CLI0428;VEN01;SUC01;Venta Telefónica;Tarjeta Crédito;Completada
VTA002652;06/04/2026;FAC-2026-002652;CLI0460;VEN14;SUC02;Marketplace;Tarjeta Crédito;Cancelada
VTA002653;25/11/2025;FAC-2025-002653;CLI0390;VEN10;SUC04;Web;Financiación Propia;Completada
VTA002654;02/04/2025;FAC-2025-002654;CLI0552;VEN04;SUC04;Local;Tarjeta Crédito;Completada
VTA002655;07/04/2025;FAC-2025-002655;CLI0334;VEN09;SUC03;Web;Efectivo;Completada
VTA002656;08/07/2026;FAC-2026-002656;CLI0420;VEN13;SUC01;Venta Telefónica;Financiación Propia;Completada
VTA002657;08/07/2026;FAC-2026-002657;CLI0057;VEN01;SUC01;Local;Tarjeta Crédito;Completada
VTA002658;21/04/2025;FAC-2025-002658;CLI0527;VEN07;SUC01;WhatsApp;Tarjeta Crédito;Completada
VTA002659;01/11/2025;FAC-2025-002659;CLI0561;VEN10;SUC04;Venta Telefónica;Efectivo;Completada
VTA002660;19/05/2025;FAC-2025-002660;CLI0512;VEN02;SUC02;Venta Telefónica;Tarjeta Débito;Completada
VTA002661;28/07/2025;FAC-2025-002661;CLI0553;VEN18;SUC06;Web;Efectivo;Completada
VTA002662;15/06/2025;FAC-2025-002662;CLI0202;VEN04;SUC04;Web;Tarjeta Crédito;Completada
VTA002663;13/03/2026;FAC-2026-002663;CLI0300;VEN17;SUC05;WhatsApp;Financiación Propia;Completada
VTA002664;23/03/2026;FAC-2026-002664;CLI0014;VEN10;SUC04;Marketplace;Transferencia;Completada
VTA002665;19/05/2026;FAC-2026-002665;CLI0145;VEN15;SUC03;WhatsApp;Transferencia;Completada
VTA002666;05/08/2025;FAC-2025-002666;CLI0109;VEN17;SUC05;Web;Transferencia;Completada
VTA002667;14/07/2026;FAC-2026-002667;CLI0440;VEN15;SUC03;Local;Efectivo;Completada
VTA002668;13/08/2025;FAC-2025-002668;CLI0092;VEN07;SUC01;WhatsApp;Transferencia;Completada
VTA002669;07/07/2026;FAC-2026-002669;CLI0462;VEN06;SUC06;Marketplace;Tarjeta Débito;Completada
VTA002670;27/05/2026;FAC-2026-002670;CLI0122;VEN04;SUC04;WhatsApp;Financiación Propia;Completada
VTA002671;28/05/2025;FAC-2025-002671;CLI0123;VEN17;SUC05;WhatsApp;Transferencia;Completada
VTA002672;16/03/2025;FAC-2025-002672;CLI0167;VEN02;SUC02;WhatsApp;Financiación Propia;Completada
VTA002673;31/07/2026;FAC-2026-002673;CLI0086;VEN18;SUC06;Web;Financiación Propia;Completada
VTA002674;17/10/2025;FAC-2025-002674;CLI0516;VEN12;SUC06;Marketplace;Efectivo;Completada
VTA002675;17/09/2025;FAC-2025-002675;CLI0476;VEN08;SUC02;Local;Efectivo;Completada
VTA002676;07/06/2026;FAC-2026-002676;CLI0129;VEN11;SUC05;WhatsApp;Tarjeta Débito;Completada
VTA002677;10/04/2025;FAC-2025-002677;CLI0152;VEN03;SUC03;Web;Financiación Propia;Completada
VTA002678;15/10/2025;FAC-2025-002678;CLI0400;VEN11;SUC05;Marketplace;Tarjeta Crédito;Completada
VTA002679;18/04/2025;FAC-2025-002679;CLI0064;VEN07;SUC01;Web;Financiación Propia;Completada
VTA002680;18/04/2025;FAC-2025-002680;CLI0187;VEN16;SUC04;Web;Tarjeta Débito;Completada
VTA002681;13/12/2025;FAC-2025-002681;CLI0369;VEN09;SUC03;Web;Tarjeta Débito;Completada
VTA002682;06/10/2025;FAC-2025-002682;CLI0024;VEN02;SUC02;Local;Financiación Propia;Completada
VTA002683;18/12/2025;FAC-2025-002683;CLI0138;VEN03;SUC03;WhatsApp;Tarjeta Débito;Completada
VTA002684;02/03/2025;FAC-2025-002684;CLI0547;VEN16;SUC04;Local;Transferencia;Completada
VTA002685;29/08/2025;FAC-2025-002685;CLI0155;VEN11;SUC05;Local;Tarjeta Débito;Cancelada
VTA002686;25/08/2025;FAC-2025-002686;CLI0559;VEN04;SUC04;Marketplace;Financiación Propia;Completada
VTA002687;01/10/2025;FAC-2025-002687;CLI0426;VEN11;SUC05;WhatsApp;Efectivo;Completada
VTA002688;07/05/2025;FAC-2025-002688;CLI0335;VEN10;SUC04;Marketplace;Transferencia;Completada
VTA002689;05/08/2025;FAC-2025-002689;CLI0073;VEN09;SUC03;Web;Efectivo;Completada
VTA002690;14/03/2026;FAC-2026-002690;CLI0029;VEN05;SUC05;Web;Tarjeta Débito;Completada
VTA002691;03/05/2025;FAC-2025-002691;CLI0142;VEN13;SUC01;WhatsApp;Financiación Propia;Completada
VTA002692;12/12/2025;FAC-2025-002692;CLI0393;VEN06;SUC06;Marketplace;Efectivo;Completada
VTA002693;13/04/2026;FAC-2026-002693;CLI0186;VEN06;SUC06;Marketplace;Tarjeta Crédito;Completada
VTA002694;06/01/2026;FAC-2026-002694;CLI0489;VEN05;SUC05;Web;Financiación Propia;Completada
VTA002695;13/05/2026;FAC-2026-002695;CLI0227;VEN04;SUC04;Web;Tarjeta Débito;Completada
VTA002696;15/06/2025;FAC-2025-002696;CLI0189;VEN09;SUC03;Local;Tarjeta Crédito;Completada
VTA002697;25/09/2025;FAC-2025-002697;CLI0395;VEN16;SUC04;Local;Transferencia;Completada
VTA002698;13/10/2025;FAC-2025-002698;CLI0210;VEN09;SUC03;Venta Telefónica;Transferencia;Completada
VTA002699;01/03/2025;FAC-2025-002699;CLI0470;VEN18;SUC06;Venta Telefónica;Transferencia;Completada
VTA002700;30/08/2025;FAC-2025-002700;CLI0501;VEN12;SUC06;Web;Tarjeta Crédito;Completada
VTA002701;27/11/2025;FAC-2025-002701;CLI0270;VEN17;SUC05;Local;Tarjeta Crédito;Completada
VTA002702;15/01/2026;FAC-2026-002702;CLI0211;VEN09;SUC03;Web;Tarjeta Crédito;Completada
VTA002703;26/04/2025;FAC-2025-002703;CLI0490;VEN10;SUC04;Venta Telefónica;Tarjeta Crédito;Completada
VTA002704;02/04/2026;FAC-2026-002704;CLI0004;VEN03;SUC03;Marketplace;Transferencia;Completada
VTA002705;16/07/2025;FAC-2025-002705;CLI0012;VEN18;SUC06;Web;Transferencia;Completada
VTA002706;06/04/2025;FAC-2025-002706;CLI0114;VEN17;SUC05;Venta Telefónica;Transferencia;Completada
VTA002707;20/05/2025;FAC-2025-002707;CLI0134;VEN10;SUC04;Marketplace;Transferencia;Completada
VTA002708;30/08/2025;FAC-2025-002708;CLI0555;VEN16;SUC04;Local;Tarjeta Crédito;Completada
VTA002709;28/04/2026;FAC-2026-002709;CLI0001;VEN17;SUC05;Marketplace;Tarjeta Débito;Completada
VTA002710;11/04/2025;FAC-2025-002710;CLI0592;VEN05;SUC05;Marketplace;Tarjeta Débito;Completada
VTA002711;20/04/2026;FAC-2026-002711;CLI0541;VEN01;SUC01;WhatsApp;Tarjeta Débito;Completada
VTA002712;19/03/2025;FAC-2025-002712;CLI0402;VEN13;SUC01;WhatsApp;Tarjeta Débito;Completada
VTA002713;23/01/2026;FAC-2026-002713;CLI0439;VEN11;SUC05;WhatsApp;Tarjeta Crédito;Completada
VTA002714;07/05/2025;FAC-2025-002714;CLI0264;VEN14;SUC02;Web;Transferencia;Completada
VTA002715;12/08/2025;FAC-2025-002715;CLI0011;VEN08;SUC02;Web;Tarjeta Débito;Completada
VTA002716;22/04/2025;FAC-2025-002716;CLI0238;VEN03;SUC03;WhatsApp;Transferencia;Completada
VTA002717;06/02/2026;FAC-2026-002717;CLI0224;VEN06;SUC06;Web;Tarjeta Crédito;Completada
VTA002718;18/04/2025;FAC-2025-002718;CLI0560;VEN06;SUC06;Web;Tarjeta Débito;Completada
VTA002719;19/07/2026;FAC-2026-002719;CLI0064;VEN02;SUC02;WhatsApp;Financiación Propia;Completada
VTA002720;10/03/2026;FAC-2026-002720;CLI0481;VEN11;SUC05;Local;Transferencia;Completada
VTA002721;13/03/2025;FAC-2025-002721;CLI0010;VEN01;SUC01;Venta Telefónica;Efectivo;Completada
VTA002722;08/12/2025;FAC-2025-002722;CLI0268;VEN18;SUC06;Local;Tarjeta Crédito;Completada
VTA002723;25/07/2026;FAC-2026-002723;CLI0163;VEN03;SUC03;WhatsApp;Tarjeta Débito;Completada
VTA002724;30/11/2025;FAC-2025-002724;CLI0342;VEN18;SUC06;Marketplace;Efectivo;Pendiente
VTA002725;02/05/2025;FAC-2025-002725;CLI0291;VEN02;SUC02;Marketplace;Efectivo;Completada
VTA002726;19/11/2025;FAC-2025-002726;CLI0408;VEN13;SUC01;Local;Transferencia;Completada
VTA002727;02/01/2025;FAC-2025-002727;CLI0045;VEN18;SUC06;Venta Telefónica;Tarjeta Débito;Completada
VTA002728;25/05/2026;FAC-2026-002728;CLI0589;VEN11;SUC05;Marketplace;Financiación Propia;Completada
VTA002729;02/06/2026;FAC-2026-002729;CLI0063;VEN01;SUC01;WhatsApp;Transferencia;Completada
VTA002730;01/07/2025;FAC-2025-002730;CLI0148;VEN04;SUC04;Web;Efectivo;Completada
VTA002731;04/10/2025;FAC-2025-002731;CLI0433;VEN14;SUC02;Local;Financiación Propia;Completada
VTA002732;04/04/2025;FAC-2025-002732;CLI0031;VEN11;SUC05;Marketplace;Transferencia;Completada
VTA002733;13/12/2025;FAC-2025-002733;CLI0353;VEN05;SUC05;Web;Tarjeta Débito;Completada
VTA002734;24/12/2025;FAC-2025-002734;CLI0226;VEN11;SUC05;Venta Telefónica;Efectivo;Completada
VTA002735;02/05/2026;FAC-2026-002735;CLI0489;VEN06;SUC06;Web;Tarjeta Crédito;Completada
VTA002736;02/08/2025;FAC-2025-002736;CLI0188;VEN12;SUC06;WhatsApp;Tarjeta Débito;Completada
VTA002737;09/05/2025;FAC-2025-002737;CLI0371;VEN18;SUC06;Web;Tarjeta Débito;Completada
VTA002738;01/07/2025;FAC-2025-002738;CLI0138;VEN07;SUC01;Local;Tarjeta Débito;Cancelada
VTA002739;22/05/2026;FAC-2026-002739;CLI0086;VEN11;SUC05;Marketplace;Efectivo;Completada
VTA002740;05/01/2026;FAC-2026-002740;CLI0026;VEN12;SUC06;Marketplace;Financiación Propia;Completada
VTA002741;05/10/2025;FAC-2025-002741;CLI0387;VEN17;SUC05;Web;Tarjeta Crédito;Completada
VTA002742;27/06/2026;FAC-2026-002742;CLI0367;VEN13;SUC01;Local;Tarjeta Débito;Completada
VTA002743;28/04/2025;FAC-2025-002743;CLI0410;VEN11;SUC05;Local;Efectivo;Completada
VTA002744;27/06/2025;FAC-2025-002744;CLI0156;VEN08;SUC02;Venta Telefónica;Tarjeta Débito;Completada
VTA002745;05/02/2026;FAC-2026-002745;CLI0071;VEN16;SUC04;WhatsApp;Financiación Propia;Completada
VTA002746;06/07/2026;FAC-2026-002746;CLI0594;VEN18;SUC06;Web;Financiación Propia;Completada
VTA002747;20/05/2025;FAC-2025-002747;CLI0218;VEN16;SUC04;Marketplace;Tarjeta Débito;Completada
VTA002748;13/03/2026;FAC-2026-002748;CLI0278;VEN08;SUC02;Venta Telefónica;Tarjeta Débito;Completada
VTA002749;26/07/2025;FAC-2025-002749;CLI0129;VEN13;SUC01;Marketplace;Transferencia;Completada
VTA002750;23/07/2026;FAC-2026-002750;CLI0410;VEN09;SUC03;Local;Transferencia;Completada
VTA002751;21/04/2026;FAC-2026-002751;CLI0012;VEN06;SUC06;Web;Efectivo;Completada
VTA002752;02/06/2026;FAC-2026-002752;CLI0026;VEN09;SUC03;WhatsApp;Transferencia;Completada
VTA002753;22/01/2026;FAC-2026-002753;CLI0464;VEN10;SUC04;Venta Telefónica;Tarjeta Crédito;Completada
VTA002754;27/05/2026;FAC-2026-002754;CLI0368;VEN12;SUC06;Marketplace;Transferencia;Completada
VTA002755;19/05/2025;FAC-2025-002755;CLI0405;VEN09;SUC03;WhatsApp;Efectivo;Completada
VTA002756;13/07/2025;FAC-2025-002756;CLI0202;VEN15;SUC03;Venta Telefónica;Financiación Propia;Completada
VTA002757;23/01/2025;FAC-2025-002757;CLI0501;VEN15;SUC03;Web;Tarjeta Débito;Completada
VTA002758;17/05/2026;FAC-2026-002758;CLI0491;VEN04;SUC04;Venta Telefónica;Tarjeta Crédito;Completada
VTA002759;19/01/2026;FAC-2026-002759;CLI0470;VEN05;SUC05;Venta Telefónica;Efectivo;Completada
VTA002760;31/10/2025;FAC-2025-002760;CLI0233;VEN06;SUC06;WhatsApp;Financiación Propia;Completada
VTA002761;23/04/2026;FAC-2026-002761;CLI0296;VEN01;SUC01;WhatsApp;Financiación Propia;Completada
VTA002762;18/05/2026;FAC-2026-002762;CLI0232;VEN13;SUC01;WhatsApp;Efectivo;Completada
VTA002763;08/01/2026;FAC-2026-002763;CLI0538;VEN10;SUC04;Venta Telefónica;Transferencia;Completada
VTA002764;18/05/2026;FAC-2026-002764;CLI0211;VEN04;SUC04;Venta Telefónica;Financiación Propia;Completada
VTA002765;08/12/2025;FAC-2025-002765;CLI0593;VEN03;SUC03;Venta Telefónica;Transferencia;Completada
VTA002766;06/07/2026;FAC-2026-002766;CLI0487;VEN07;SUC01;Web;Tarjeta Crédito;Completada
VTA002767;30/04/2026;FAC-2026-002767;CLI0251;VEN08;SUC02;Local;Tarjeta Débito;Completada
VTA002768;03/05/2026;FAC-2026-002768;CLI0532;VEN08;SUC02;WhatsApp;Efectivo;Completada
VTA002769;10/12/2025;FAC-2025-002769;CLI0122;VEN05;SUC05;Local;Transferencia;Completada
VTA002770;24/06/2026;FAC-2026-002770;CLI0228;VEN09;SUC03;Local;Efectivo;Completada
VTA002771;09/11/2025;FAC-2025-002771;CLI0150;VEN01;SUC01;Marketplace;Financiación Propia;Completada
VTA002772;16/07/2026;FAC-2026-002772;CLI0214;VEN17;SUC05;Marketplace;Transferencia;Completada
VTA002773;22/03/2025;FAC-2025-002773;CLI0288;VEN11;SUC05;Web;Tarjeta Débito;Completada
VTA002774;03/06/2026;FAC-2026-002774;CLI0529;VEN13;SUC01;Local;Tarjeta Débito;Completada
VTA002775;31/10/2025;FAC-2025-002775;CLI0166;VEN18;SUC06;WhatsApp;Transferencia;Completada
VTA002776;22/03/2025;FAC-2025-002776;CLI0443;VEN01;SUC01;WhatsApp;Tarjeta Débito;Completada
VTA002777;08/07/2026;FAC-2026-002777;CLI0111;VEN11;SUC05;Web;Transferencia;Completada
VTA002778;08/07/2025;FAC-2025-002778;CLI0063;VEN18;SUC06;Web;Tarjeta Crédito;Completada
VTA002779;19/06/2026;FAC-2026-002779;CLI0084;VEN08;SUC02;Web;Tarjeta Débito;Completada
VTA002780;24/11/2025;FAC-2025-002780;CLI0445;VEN15;SUC03;Venta Telefónica;Financiación Propia;Completada
VTA002781;03/06/2026;FAC-2026-002781;CLI0348;VEN08;SUC02;Venta Telefónica;Tarjeta Crédito;Completada
VTA002782;29/03/2026;FAC-2026-002782;CLI0486;VEN14;SUC02;Marketplace;Financiación Propia;Completada
VTA002783;19/02/2026;FAC-2026-002783;CLI0162;VEN13;SUC01;Web;Tarjeta Débito;Completada
VTA002784;11/01/2026;FAC-2026-002784;CLI0157;VEN04;SUC04;WhatsApp;Transferencia;Completada
VTA002785;13/09/2025;FAC-2025-002785;CLI0029;VEN03;SUC03;Marketplace;Efectivo;Completada
VTA002786;27/02/2025;FAC-2025-002786;CLI0374;VEN05;SUC05;Venta Telefónica;Tarjeta Crédito;Completada
VTA002787;25/07/2025;FAC-2025-002787;CLI0101;VEN01;SUC01;Venta Telefónica;Financiación Propia;Completada
VTA002788;11/03/2026;FAC-2026-002788;CLI0534;VEN04;SUC04;Web;Financiación Propia;Completada
VTA002789;04/11/2025;FAC-2025-002789;CLI0290;VEN01;SUC01;Web;Tarjeta Débito;Completada
VTA002790;14/02/2025;FAC-2025-002790;CLI0373;VEN18;SUC06;Venta Telefónica;Transferencia;Completada
VTA002791;03/05/2025;FAC-2025-002791;CLI0393;VEN01;SUC01;Marketplace;Transferencia;Completada
VTA002792;21/02/2025;FAC-2025-002792;CLI0482;VEN01;SUC01;Web;Efectivo;Completada
VTA002793;20/08/2025;FAC-2025-002793;CLI0362;VEN12;SUC06;Web;Tarjeta Crédito;Completada
VTA002794;07/04/2026;FAC-2026-002794;CLI0428;VEN02;SUC02;Web;Tarjeta Crédito;Cancelada
VTA002795;04/01/2026;FAC-2026-002795;CLI0400;VEN07;SUC01;WhatsApp;Financiación Propia;Completada
VTA002796;20/06/2026;FAC-2026-002796;CLI0433;VEN02;SUC02;Venta Telefónica;Efectivo;Completada
VTA002797;18/04/2025;FAC-2025-002797;CLI0456;VEN11;SUC05;Venta Telefónica;Transferencia;Completada
VTA002798;17/06/2026;FAC-2026-002798;CLI0125;VEN07;SUC01;Local;Tarjeta Débito;Completada
VTA002799;19/04/2025;FAC-2025-002799;CLI0263;VEN11;SUC05;Local;Tarjeta Débito;Completada
VTA002800;01/01/2026;FAC-2026-002800;CLI0352;VEN11;SUC05;Venta Telefónica;Transferencia;Completada
VTA002801;02/10/2025;FAC-2025-002801;CLI0017;VEN06;SUC06;Marketplace;Transferencia;Completada
VTA002802;12/06/2026;FAC-2026-002802;CLI0589;VEN09;SUC03;Marketplace;Efectivo;Completada
VTA002803;02/05/2026;FAC-2026-002803;CLI0074;VEN03;SUC03;WhatsApp;Financiación Propia;Completada
VTA002804;10/11/2025;FAC-2025-002804;CLI0396;VEN12;SUC06;Local;Tarjeta Crédito;Completada
VTA002805;22/07/2026;FAC-2026-002805;CLI0015;VEN15;SUC03;WhatsApp;Transferencia;Completada
VTA002806;18/04/2026;FAC-2026-002806;CLI0078;VEN13;SUC01;WhatsApp;Financiación Propia;Completada
VTA002807;13/04/2026;FAC-2026-002807;CLI0278;VEN10;SUC04;WhatsApp;Financiación Propia;Completada
VTA002808;23/03/2025;FAC-2025-002808;CLI0044;VEN06;SUC06;Local;Tarjeta Crédito;Completada
VTA002809;31/05/2025;FAC-2025-002809;CLI0236;VEN01;SUC01;Web;Tarjeta Crédito;Completada
VTA002810;28/01/2026;FAC-2026-002810;CLI0221;VEN09;SUC03;WhatsApp;Tarjeta Débito;Completada
VTA002811;09/11/2025;FAC-2025-002811;CLI0238;VEN02;SUC02;Web;Financiación Propia;Completada
VTA002812;05/05/2026;FAC-2026-002812;CLI0379;VEN06;SUC06;Marketplace;Tarjeta Débito;Completada
VTA002813;31/01/2025;FAC-2025-002813;CLI0583;VEN16;SUC04;Web;Efectivo;Completada
VTA002814;12/05/2026;FAC-2026-002814;CLI0357;VEN04;SUC04;Local;Transferencia;Completada
VTA002815;03/05/2025;FAC-2025-002815;CLI0066;VEN03;SUC03;Local;Tarjeta Crédito;Completada
VTA002816;23/05/2026;FAC-2026-002816;CLI0103;VEN01;SUC01;Web;Efectivo;Completada
VTA002817;24/02/2025;FAC-2025-002817;CLI0518;VEN04;SUC04;Local;Transferencia;Completada
VTA002818;20/10/2025;FAC-2025-002818;CLI0526;VEN10;SUC04;Venta Telefónica;Efectivo;Completada
VTA002819;27/05/2026;FAC-2026-002819;CLI0571;VEN06;SUC06;Marketplace;Tarjeta Crédito;Completada
VTA002820;31/08/2025;FAC-2025-002820;CLI0333;VEN14;SUC02;Web;Tarjeta Débito;Completada
VTA002821;26/06/2025;FAC-2025-002821;CLI0440;VEN02;SUC02;Local;Financiación Propia;Completada
VTA002822;22/01/2026;FAC-2026-002822;CLI0307;VEN10;SUC04;Venta Telefónica;Tarjeta Crédito;Completada
VTA002823;16/06/2025;FAC-2025-002823;CLI0540;VEN03;SUC03;Marketplace;Financiación Propia;Completada
VTA002824;01/10/2025;FAC-2025-002824;CLI0544;VEN13;SUC01;Local;Tarjeta Crédito;Completada
VTA002825;22/03/2025;FAC-2025-002825;CLI0414;VEN02;SUC02;Venta Telefónica;Efectivo;Completada
VTA002826;12/04/2026;FAC-2026-002826;CLI0165;VEN09;SUC03;Local;Financiación Propia;Completada
VTA002827;26/02/2026;FAC-2026-002827;CLI0479;VEN06;SUC06;WhatsApp;Efectivo;Completada
VTA002828;06/05/2026;FAC-2026-002828;CLI0013;VEN07;SUC01;Venta Telefónica;Transferencia;Completada
VTA002829;25/04/2025;FAC-2025-002829;CLI0134;VEN16;SUC04;Marketplace;Financiación Propia;Completada
VTA002830;27/07/2026;FAC-2026-002830;CLI0256;VEN16;SUC04;Marketplace;Tarjeta Crédito;Completada
VTA002831;16/07/2025;FAC-2025-002831;CLI0129;VEN04;SUC04;Marketplace;Financiación Propia;Completada
VTA002832;29/05/2025;FAC-2025-002832;CLI0202;VEN02;SUC02;Local;Financiación Propia;Completada
VTA002833;27/09/2025;FAC-2025-002833;CLI0467;VEN09;SUC03;Marketplace;Transferencia;Completada
VTA002834;06/03/2026;FAC-2026-002834;CLI0135;VEN07;SUC01;Local;Transferencia;Completada
VTA002835;07/07/2025;FAC-2025-002835;CLI0123;VEN17;SUC05;Local;Efectivo;Completada
VTA002836;17/11/2025;FAC-2025-002836;CLI0383;VEN12;SUC06;WhatsApp;Tarjeta Débito;Completada
VTA002837;29/04/2025;FAC-2025-002837;CLI0073;VEN11;SUC05;Venta Telefónica;Transferencia;Completada
VTA002838;05/01/2025;FAC-2025-002838;CLI0529;VEN13;SUC01;Marketplace;Efectivo;Completada
VTA002839;06/05/2025;FAC-2025-002839;CLI0083;VEN13;SUC01;Venta Telefónica;Transferencia;Completada
VTA002840;26/04/2026;FAC-2026-002840;CLI0243;VEN07;SUC01;Marketplace;Efectivo;Completada
VTA002841;14/01/2025;FAC-2025-002841;CLI0331;VEN13;SUC01;Venta Telefónica;Efectivo;Completada
VTA002842;06/10/2025;FAC-2025-002842;CLI0091;VEN15;SUC03;Local;Tarjeta Débito;Completada
VTA002843;27/06/2026;FAC-2026-002843;CLI0188;VEN08;SUC02;Marketplace;Transferencia;Completada
VTA002844;04/10/2025;FAC-2025-002844;CLI0375;VEN07;SUC01;WhatsApp;Transferencia;Completada
VTA002845;10/04/2025;FAC-2025-002845;CLI0262;VEN17;SUC05;Web;Tarjeta Crédito;Completada
VTA002846;04/05/2026;FAC-2026-002846;CLI0456;VEN06;SUC06;Web;Efectivo;Completada
VTA002847;24/06/2025;FAC-2025-002847;CLI0129;VEN08;SUC02;Web;Tarjeta Crédito;Completada
VTA002848;06/02/2026;FAC-2026-002848;CLI0578;VEN16;SUC04;Venta Telefónica;Tarjeta Crédito;Completada
VTA002849;24/07/2026;FAC-2026-002849;CLI0104;VEN15;SUC03;Local;Tarjeta Débito;Completada
VTA002850;17/02/2026;FAC-2026-002850;CLI0179;VEN18;SUC06;Marketplace;Transferencia;Completada
VTA002851;17/02/2026;FAC-2026-002851;CLI0139;VEN08;SUC02;Marketplace;Tarjeta Débito;Cancelada
VTA002852;01/05/2026;FAC-2026-002852;CLI0493;VEN04;SUC04;Web;Financiación Propia;Completada
VTA002853;01/08/2025;FAC-2025-002853;CLI0221;VEN06;SUC06;Marketplace;Transferencia;Completada
VTA002854;18/07/2025;FAC-2025-002854;CLI0463;VEN03;SUC03;Venta Telefónica;Tarjeta Crédito;Completada
VTA002855;12/06/2025;FAC-2025-002855;CLI0595;VEN03;SUC03;WhatsApp;Financiación Propia;Completada
VTA002856;25/01/2025;FAC-2025-002856;CLI0345;VEN07;SUC01;Venta Telefónica;Transferencia;Completada
VTA002857;03/04/2025;FAC-2025-002857;CLI0328;VEN02;SUC02;Marketplace;Tarjeta Crédito;Completada
VTA002858;21/05/2025;FAC-2025-002858;CLI0378;VEN01;SUC01;Local;Tarjeta Débito;Completada
VTA002859;05/05/2025;FAC-2025-002859;CLI0364;VEN03;SUC03;Local;Transferencia;Completada
VTA002860;19/10/2025;FAC-2025-002860;CLI0201;VEN08;SUC02;Web;Financiación Propia;Completada
VTA002861;29/01/2026;FAC-2026-002861;CLI0040;VEN14;SUC02;Venta Telefónica;Tarjeta Débito;Completada
VTA002862;08/07/2025;FAC-2025-002862;CLI0446;VEN15;SUC03;Marketplace;Tarjeta Débito;Completada
VTA002863;24/01/2025;FAC-2025-002863;CLI0168;VEN08;SUC02;Web;Tarjeta Crédito;Completada
VTA002864;09/06/2025;FAC-2025-002864;CLI0343;VEN13;SUC01;Local;Tarjeta Débito;Completada
VTA002865;16/12/2025;FAC-2025-002865;CLI0432;VEN13;SUC01;Web;Tarjeta Débito;Completada
VTA002866;13/03/2026;FAC-2026-002866;CLI0391;VEN01;SUC01;Web;Efectivo;Completada
VTA002867;27/12/2025;FAC-2025-002867;CLI0449;VEN05;SUC05;Web;Tarjeta Crédito;Completada
VTA002868;06/05/2026;FAC-2026-002868;CLI0065;VEN08;SUC02;Web;Efectivo;Completada
VTA002869;06/02/2026;FAC-2026-002869;CLI0093;VEN09;SUC03;Marketplace;Efectivo;Completada
VTA002870;31/01/2026;FAC-2026-002870;CLI0415;VEN09;SUC03;Local;Tarjeta Débito;Completada
VTA002871;28/06/2025;FAC-2025-002871;CLI0448;VEN03;SUC03;Local;Transferencia;Completada
VTA002872;08/03/2025;FAC-2025-002872;CLI0383;VEN09;SUC03;Local;Transferencia;Completada
VTA002873;29/03/2026;FAC-2026-002873;CLI0397;VEN11;SUC05;Local;Transferencia;Completada
VTA002874;29/01/2025;FAC-2025-002874;CLI0213;VEN11;SUC05;Web;Tarjeta Crédito;Completada
VTA002875;25/06/2026;FAC-2026-002875;CLI0389;VEN06;SUC06;WhatsApp;Transferencia;Completada
VTA002876;23/12/2025;FAC-2025-002876;CLI0077;VEN16;SUC04;Local;Tarjeta Crédito;Completada
VTA002877;23/09/2025;FAC-2025-002877;CLI0220;VEN15;SUC03;Marketplace;Transferencia;Completada
VTA002878;24/01/2026;FAC-2026-002878;CLI0009;VEN15;SUC03;Marketplace;Tarjeta Débito;Completada
VTA002879;12/06/2026;FAC-2026-002879;CLI0012;VEN08;SUC02;Web;Tarjeta Débito;Completada
VTA002880;17/07/2026;FAC-2026-002880;CLI0174;VEN02;SUC02;Venta Telefónica;Tarjeta Débito;Completada
VTA002881;28/06/2025;FAC-2025-002881;CLI0345;VEN10;SUC04;WhatsApp;Financiación Propia;Completada
VTA002882;07/08/2025;FAC-2025-002882;CLI0096;VEN17;SUC05;WhatsApp;Efectivo;Completada
VTA002883;04/08/2025;FAC-2025-002883;CLI0266;VEN14;SUC02;WhatsApp;Efectivo;Completada
VTA002884;30/10/2025;FAC-2025-002884;CLI0185;VEN07;SUC01;Local;Tarjeta Débito;Completada
VTA002885;13/06/2025;FAC-2025-002885;CLI0553;VEN17;SUC05;Marketplace;Tarjeta Crédito;Completada
VTA002886;02/07/2026;FAC-2026-002886;CLI0107;VEN16;SUC04;Venta Telefónica;Transferencia;Completada
VTA002887;07/11/2025;FAC-2025-002887;CLI0213;VEN05;SUC05;Venta Telefónica;Tarjeta Débito;Completada
VTA002888;26/05/2026;FAC-2026-002888;CLI0427;VEN09;SUC03;Marketplace;Financiación Propia;Completada
VTA002889;06/10/2025;FAC-2025-002889;CLI0564;VEN12;SUC06;Local;Tarjeta Débito;Completada
VTA002890;10/01/2026;FAC-2026-002890;CLI0080;VEN04;SUC04;Web;Tarjeta Débito;Completada
VTA002891;31/08/2025;FAC-2025-002891;CLI0008;VEN15;SUC03;Venta Telefónica;Efectivo;Completada
VTA002892;12/04/2026;FAC-2026-002892;CLI0466;VEN02;SUC02;WhatsApp;Transferencia;Pendiente
VTA002893;29/01/2025;FAC-2025-002893;CLI0183;VEN01;SUC01;Venta Telefónica;Tarjeta Crédito;Completada
VTA002894;29/10/2025;FAC-2025-002894;CLI0045;VEN17;SUC05;WhatsApp;Transferencia;Completada
VTA002895;07/11/2025;FAC-2025-002895;CLI0309;VEN10;SUC04;Venta Telefónica;Tarjeta Crédito;Completada
VTA002896;17/10/2025;FAC-2025-002896;CLI0087;VEN12;SUC06;Marketplace;Efectivo;Completada
VTA002897;02/08/2025;FAC-2025-002897;CLI0540;VEN09;SUC03;Local;Financiación Propia;Cancelada
VTA002898;08/06/2025;FAC-2025-002898;CLI0419;VEN17;SUC05;Web;Tarjeta Débito;Cancelada
VTA002899;16/12/2025;FAC-2025-002899;CLI0235;VEN10;SUC04;Local;Financiación Propia;Completada
VTA002900;01/04/2025;FAC-2025-002900;CLI0419;VEN18;SUC06;Web;Tarjeta Débito;Completada
VTA002901;01/03/2026;FAC-2026-002901;CLI0172;VEN02;SUC02;WhatsApp;Transferencia;Completada
VTA002902;13/07/2025;FAC-2025-002902;CLI0190;VEN17;SUC05;WhatsApp;Tarjeta Débito;Completada
VTA002903;22/03/2025;FAC-2025-002903;CLI0570;VEN13;SUC01;WhatsApp;Transferencia;Pendiente
VTA002904;22/02/2026;FAC-2026-002904;CLI0455;VEN06;SUC06;Web;Efectivo;Completada
VTA002905;09/01/2025;FAC-2025-002905;CLI0148;VEN02;SUC02;Web;Financiación Propia;Completada
VTA002906;11/03/2026;FAC-2026-002906;CLI0248;VEN14;SUC02;WhatsApp;Efectivo;Completada
VTA002907;14/03/2026;FAC-2026-002907;CLI0413;VEN11;SUC05;Web;Transferencia;Completada
VTA002908;08/01/2025;FAC-2025-002908;CLI0494;VEN07;SUC01;Marketplace;Tarjeta Crédito;Completada
VTA002909;11/03/2026;FAC-2026-002909;CLI0230;VEN12;SUC06;WhatsApp;Financiación Propia;Completada
VTA002910;03/01/2026;FAC-2026-002910;CLI0288;VEN16;SUC04;Local;Transferencia;Completada
VTA002911;09/09/2025;FAC-2025-002911;CLI0393;VEN11;SUC05;Web;Efectivo;Completada
VTA002912;25/05/2026;FAC-2026-002912;CLI0554;VEN10;SUC04;Local;Efectivo;Completada
VTA002913;24/04/2025;FAC-2025-002913;CLI0327;VEN03;SUC03;Marketplace;Financiación Propia;Completada
VTA002914;17/12/2025;FAC-2025-002914;CLI0564;VEN09;SUC03;Web;Transferencia;Completada
VTA002915;01/04/2025;FAC-2025-002915;CLI0256;VEN17;SUC05;Venta Telefónica;Efectivo;Completada
VTA002916;24/09/2025;FAC-2025-002916;CLI0525;VEN18;SUC06;Venta Telefónica;Tarjeta Crédito;Cancelada
VTA002917;15/11/2025;FAC-2025-002917;CLI0219;VEN14;SUC02;Local;Tarjeta Débito;Completada
VTA002918;09/02/2026;FAC-2026-002918;CLI0129;VEN11;SUC05;Local;Efectivo;Completada
VTA002919;20/07/2026;FAC-2026-002919;CLI0389;VEN05;SUC05;Marketplace;Financiación Propia;Pendiente
VTA002920;01/04/2025;FAC-2025-002920;CLI0266;VEN03;SUC03;WhatsApp;Tarjeta Débito;Completada
VTA002921;08/02/2025;FAC-2025-002921;CLI0069;VEN06;SUC06;Local;Financiación Propia;Completada
VTA002922;04/10/2025;FAC-2025-002922;CLI0059;VEN04;SUC04;Local;Tarjeta Débito;Completada
VTA002923;23/04/2026;FAC-2026-002923;CLI0490;VEN02;SUC02;Local;Tarjeta Débito;Completada
VTA002924;15/05/2026;FAC-2026-002924;CLI0595;VEN17;SUC05;Venta Telefónica;Efectivo;Completada
VTA002925;13/04/2026;FAC-2026-002925;CLI0463;VEN13;SUC01;Marketplace;Efectivo;Completada
VTA002926;30/05/2025;FAC-2025-002926;CLI0297;VEN01;SUC01;Local;Transferencia;Completada
VTA002927;26/02/2025;FAC-2025-002927;CLI0510;VEN07;SUC01;Web;Tarjeta Crédito;Completada
VTA002928;19/10/2025;FAC-2025-002928;CLI0328;VEN09;SUC03;Local;Transferencia;Completada
VTA002929;22/07/2026;FAC-2026-002929;CLI0499;VEN14;SUC02;Marketplace;Financiación Propia;Completada
VTA002930;03/12/2025;FAC-2025-002930;CLI0426;VEN18;SUC06;Marketplace;Tarjeta Crédito;Completada
VTA002931;01/04/2026;FAC-2026-002931;CLI0157;VEN16;SUC04;Marketplace;Efectivo;Completada
VTA002932;18/05/2026;FAC-2026-002932;CLI0514;VEN14;SUC02;WhatsApp;Efectivo;Completada
VTA002933;03/06/2025;FAC-2025-002933;CLI0471;VEN17;SUC05;Marketplace;Efectivo;Completada
VTA002934;17/07/2026;FAC-2026-002934;CLI0131;VEN07;SUC01;Venta Telefónica;Efectivo;Completada
VTA002935;27/04/2026;FAC-2026-002935;CLI0286;VEN04;SUC04;WhatsApp;Tarjeta Débito;Completada
VTA002936;22/03/2025;FAC-2025-002936;CLI0407;VEN02;SUC02;Local;Tarjeta Débito;Completada
VTA002937;16/06/2026;FAC-2026-002937;CLI0529;VEN07;SUC01;Venta Telefónica;Transferencia;Completada
VTA002938;21/03/2025;FAC-2025-002938;CLI0233;VEN13;SUC01;Marketplace;Efectivo;Completada
VTA002939;21/07/2026;FAC-2026-002939;CLI0597;VEN15;SUC03;Web;Tarjeta Débito;Completada
VTA002940;18/06/2026;FAC-2026-002940;CLI0009;VEN13;SUC01;WhatsApp;Transferencia;Completada
VTA002941;11/08/2025;FAC-2025-002941;CLI0497;VEN18;SUC06;Web;Tarjeta Crédito;Completada
VTA002942;09/04/2026;FAC-2026-002942;CLI0118;VEN01;SUC01;Venta Telefónica;Financiación Propia;Completada
VTA002943;03/11/2025;FAC-2025-002943;CLI0209;VEN08;SUC02;Local;Financiación Propia;Completada
VTA002944;10/10/2025;FAC-2025-002944;CLI0353;VEN18;SUC06;Web;Efectivo;Completada
VTA002945;12/12/2025;FAC-2025-002945;CLI0034;VEN15;SUC03;Marketplace;Tarjeta Débito;Completada
VTA002946;18/01/2025;FAC-2025-002946;CLI0171;VEN09;SUC03;Venta Telefónica;Efectivo;Completada
VTA002947;20/10/2025;FAC-2025-002947;CLI0455;VEN07;SUC01;Web;Efectivo;Completada
VTA002948;19/02/2025;FAC-2025-002948;CLI0400;VEN15;SUC03;Venta Telefónica;Tarjeta Crédito;Completada
VTA002949;15/08/2025;FAC-2025-002949;CLI0412;VEN16;SUC04;WhatsApp;Transferencia;Completada
VTA002950;24/07/2025;FAC-2025-002950;CLI0080;VEN03;SUC03;WhatsApp;Financiación Propia;Completada
VTA002951;30/05/2026;FAC-2026-002951;CLI0493;VEN15;SUC03;WhatsApp;Tarjeta Débito;Completada
VTA002952;06/04/2025;FAC-2025-002952;CLI0022;VEN06;SUC06;Venta Telefónica;Tarjeta Crédito;Pendiente
VTA002953;08/11/2025;FAC-2025-002953;CLI0231;VEN10;SUC04;Local;Tarjeta Crédito;Completada
VTA002954;27/09/2025;FAC-2025-002954;CLI0248;VEN03;SUC03;Marketplace;Financiación Propia;Pendiente
VTA002955;02/03/2025;FAC-2025-002955;CLI0547;VEN01;SUC01;Web;Tarjeta Débito;Completada
VTA002956;27/02/2026;FAC-2026-002956;CLI0177;VEN14;SUC02;Marketplace;Financiación Propia;Completada
VTA002957;27/05/2025;FAC-2025-002957;CLI0309;VEN02;SUC02;WhatsApp;Financiación Propia;Completada
VTA002958;02/06/2026;FAC-2026-002958;CLI0179;VEN03;SUC03;Local;Financiación Propia;Completada
VTA002959;29/07/2026;FAC-2026-002959;CLI0043;VEN05;SUC05;Web;Transferencia;Completada
VTA002960;27/02/2026;FAC-2026-002960;CLI0567;VEN15;SUC03;Local;Tarjeta Crédito;Completada
VTA002961;24/01/2025;FAC-2025-002961;CLI0196;VEN13;SUC01;Web;Financiación Propia;Cancelada
VTA002962;17/03/2026;FAC-2026-002962;CLI0209;VEN04;SUC04;WhatsApp;Financiación Propia;Completada
VTA002963;19/10/2025;FAC-2025-002963;CLI0502;VEN03;SUC03;Local;Efectivo;Completada
VTA002964;13/04/2025;FAC-2025-002964;CLI0499;VEN01;SUC01;WhatsApp;Financiación Propia;Completada
VTA002965;18/02/2026;FAC-2026-002965;CLI0456;VEN05;SUC05;Web;Financiación Propia;Completada
VTA002966;10/11/2025;FAC-2025-002966;CLI0453;VEN04;SUC04;Web;Transferencia;Completada
VTA002967;14/08/2025;FAC-2025-002967;CLI0148;VEN11;SUC05;Local;Transferencia;Completada
VTA002968;07/12/2025;FAC-2025-002968;CLI0430;VEN18;SUC06;WhatsApp;Tarjeta Crédito;Completada
VTA002969;19/05/2026;FAC-2026-002969;CLI0072;VEN13;SUC01;Venta Telefónica;Tarjeta Crédito;Completada
VTA002970;05/03/2026;FAC-2026-002970;CLI0310;VEN02;SUC02;Local;Tarjeta Crédito;Completada
VTA002971;19/10/2025;FAC-2025-002971;CLI0175;VEN02;SUC02;Venta Telefónica;Tarjeta Crédito;Completada
VTA002972;07/02/2026;FAC-2026-002972;CLI0437;VEN02;SUC02;WhatsApp;Transferencia;Completada
VTA002973;29/05/2025;FAC-2025-002973;CLI0513;VEN15;SUC03;WhatsApp;Financiación Propia;Completada
VTA002974;27/04/2026;FAC-2026-002974;CLI0556;VEN07;SUC01;Venta Telefónica;Tarjeta Crédito;Completada
VTA002975;10/07/2026;FAC-2026-002975;CLI0189;VEN15;SUC03;Web;Transferencia;Completada
VTA002976;23/06/2025;FAC-2025-002976;CLI0551;VEN05;SUC05;Web;Financiación Propia;Completada
VTA002977;11/05/2026;FAC-2026-002977;CLI0460;VEN06;SUC06;Marketplace;Financiación Propia;Completada
VTA002978;24/04/2025;FAC-2025-002978;CLI0422;VEN08;SUC02;WhatsApp;Efectivo;Completada
VTA002979;09/07/2025;FAC-2025-002979;CLI0448;VEN14;SUC02;Local;Financiación Propia;Completada
VTA002980;17/03/2025;FAC-2025-002980;CLI0024;VEN09;SUC03;Local;Tarjeta Crédito;Completada
VTA002981;20/06/2026;FAC-2026-002981;CLI0377;VEN14;SUC02;Marketplace;Tarjeta Crédito;Completada
VTA002982;26/02/2026;FAC-2026-002982;CLI0230;VEN13;SUC01;WhatsApp;Efectivo;Completada
VTA002983;25/01/2025;FAC-2025-002983;CLI0010;VEN04;SUC04;Venta Telefónica;Transferencia;Completada
VTA002984;16/09/2025;FAC-2025-002984;CLI0547;VEN17;SUC05;WhatsApp;Transferencia;Completada
VTA002985;01/05/2025;FAC-2025-002985;CLI0382;VEN16;SUC04;Local;Efectivo;Completada
VTA002986;16/09/2025;FAC-2025-002986;CLI0294;VEN12;SUC06;WhatsApp;Tarjeta Débito;Completada
VTA002987;27/01/2025;FAC-2025-002987;CLI0531;VEN18;SUC06;Marketplace;Tarjeta Débito;Completada
VTA002988;22/04/2026;FAC-2026-002988;CLI0226;VEN11;SUC05;Web;Efectivo;Pendiente
VTA002989;15/05/2025;FAC-2025-002989;CLI0067;VEN04;SUC04;Web;Tarjeta Débito;Completada
VTA002990;22/09/2025;FAC-2025-002990;CLI0333;VEN10;SUC04;Venta Telefónica;Tarjeta Crédito;Completada
VTA002991;27/09/2025;FAC-2025-002991;CLI0190;VEN10;SUC04;Marketplace;Transferencia;Completada
VTA002992;09/08/2025;FAC-2025-002992;CLI0446;VEN11;SUC05;Venta Telefónica;Efectivo;Completada
VTA002993;31/01/2025;FAC-2025-002993;CLI0533;VEN18;SUC06;WhatsApp;Tarjeta Débito;Completada
VTA002994;09/10/2025;FAC-2025-002994;CLI0054;VEN10;SUC04;Web;Efectivo;Completada
VTA002995;11/07/2025;FAC-2025-002995;CLI0569;VEN05;SUC05;Marketplace;Tarjeta Crédito;Completada
VTA002996;01/03/2026;FAC-2026-002996;CLI0576;VEN02;SUC02;Marketplace;Financiación Propia;Completada
VTA002997;23/08/2025;FAC-2025-002997;CLI0166;VEN18;SUC06;Venta Telefónica;Efectivo;Completada
VTA002998;14/07/2026;FAC-2026-002998;CLI0107;VEN01;SUC01;Local;Transferencia;Completada
VTA002999;05/05/2026;FAC-2026-002999;CLI0033;VEN16;SUC04;Venta Telefónica;Efectivo;Completada
VTA003000;25/06/2025;FAC-2025-003000;CLI0222;VEN06;SUC06;Web;Efectivo;Pendiente
VTA003001;27/01/2026;FAC-2026-003001;CLI0098;VEN06;SUC06;Web;Efectivo;Completada
VTA003002;01/02/2025;FAC-2025-003002;CLI0121;VEN15;SUC03;Web;Tarjeta Débito;Completada
VTA003003;25/02/2025;FAC-2025-003003;CLI0264;VEN06;SUC06;WhatsApp;Financiación Propia;Completada
VTA003004;28/01/2026;FAC-2026-003004;CLI0373;VEN10;SUC04;Marketplace;Transferencia;Completada
VTA003005;26/07/2026;FAC-2026-003005;CLI0529;VEN11;SUC05;Marketplace;Tarjeta Crédito;Completada
VTA003006;12/04/2025;FAC-2025-003006;CLI0330;VEN05;SUC05;Venta Telefónica;Efectivo;Completada
VTA003007;21/11/2025;FAC-2025-003007;CLI0095;VEN18;SUC06;Marketplace;Tarjeta Crédito;Completada
VTA003008;21/08/2025;FAC-2025-003008;CLI0387;VEN01;SUC01;Marketplace;Tarjeta Crédito;Cancelada
VTA003009;11/06/2026;FAC-2026-003009;CLI0512;VEN18;SUC06;Web;Financiación Propia;Completada
VTA003010;18/07/2026;FAC-2026-003010;CLI0412;VEN01;SUC01;Venta Telefónica;Tarjeta Débito;Completada
VTA003011;28/06/2026;FAC-2026-003011;CLI0175;VEN10;SUC04;Marketplace;Transferencia;Completada
VTA003012;17/03/2025;FAC-2025-003012;CLI0124;VEN13;SUC01;Web;Tarjeta Débito;Completada
VTA003013;08/03/2026;FAC-2026-003013;CLI0356;VEN06;SUC06;Marketplace;Tarjeta Crédito;Completada
VTA003014;18/04/2026;FAC-2026-003014;CLI0063;VEN05;SUC05;Web;Financiación Propia;Completada
VTA003015;10/03/2026;FAC-2026-003015;CLI0532;VEN01;SUC01;Venta Telefónica;Efectivo;Completada
VTA003016;06/08/2025;FAC-2025-003016;CLI0406;VEN10;SUC04;WhatsApp;Transferencia;Completada
VTA003017;29/07/2026;FAC-2026-003017;CLI0316;VEN02;SUC02;WhatsApp;Tarjeta Débito;Completada
VTA003018;03/11/2025;FAC-2025-003018;CLI0584;VEN10;SUC04;Web;Transferencia;Completada
VTA003019;01/04/2025;FAC-2025-003019;CLI0330;VEN07;SUC01;Web;Financiación Propia;Completada
VTA003020;25/01/2026;FAC-2026-003020;CLI0432;VEN04;SUC04;WhatsApp;Financiación Propia;Completada
VTA003021;20/07/2025;FAC-2025-003021;CLI0034;VEN05;SUC05;Local;Tarjeta Crédito;Completada
VTA003022;12/10/2025;FAC-2025-003022;CLI0492;VEN10;SUC04;WhatsApp;Efectivo;Completada
VTA003023;28/12/2025;FAC-2025-003023;CLI0250;VEN11;SUC05;Web;Tarjeta Crédito;Completada
VTA003024;22/02/2025;FAC-2025-003024;CLI0441;VEN14;SUC02;Marketplace;Efectivo;Completada
VTA003025;29/03/2025;FAC-2025-003025;CLI0179;VEN04;SUC04;WhatsApp;Transferencia;Completada
VTA003026;28/09/2025;FAC-2025-003026;CLI0328;VEN13;SUC01;WhatsApp;Financiación Propia;Completada
VTA003027;13/03/2025;FAC-2025-003027;CLI0356;VEN10;SUC04;Marketplace;Efectivo;Completada
VTA003028;29/09/2025;FAC-2025-003028;CLI0076;VEN13;SUC01;Marketplace;Tarjeta Crédito;Completada
VTA003029;20/01/2025;FAC-2025-003029;CLI0188;VEN17;SUC05;Local;Financiación Propia;Completada
VTA003030;24/03/2026;FAC-2026-003030;CLI0473;VEN11;SUC05;Web;Transferencia;Completada
VTA003031;07/12/2025;FAC-2025-003031;CLI0548;VEN10;SUC04;Web;Transferencia;Completada
VTA003032;31/01/2026;FAC-2026-003032;CLI0522;VEN11;SUC05;WhatsApp;Tarjeta Crédito;Completada
VTA003033;09/01/2025;FAC-2025-003033;CLI0358;VEN18;SUC06;Local;Transferencia;Pendiente
VTA003034;23/11/2025;FAC-2025-003034;CLI0317;VEN17;SUC05;Venta Telefónica;Efectivo;Completada
VTA003035;31/05/2025;FAC-2025-003035;CLI0231;VEN17;SUC05;Web;Financiación Propia;Completada
VTA003036;25/05/2026;FAC-2026-003036;CLI0151;VEN11;SUC05;Marketplace;Tarjeta Crédito;Completada
VTA003037;13/12/2025;FAC-2025-003037;CLI0040;VEN03;SUC03;Web;Financiación Propia;Completada
VTA003038;31/08/2025;FAC-2025-003038;CLI0325;VEN08;SUC02;Venta Telefónica;Tarjeta Crédito;Completada
VTA003039;19/02/2026;FAC-2026-003039;CLI0303;VEN10;SUC04;Venta Telefónica;Efectivo;Completada
VTA003040;07/03/2025;FAC-2025-003040;CLI0156;VEN18;SUC06;Venta Telefónica;Tarjeta Débito;Completada
VTA003041;27/03/2026;FAC-2026-003041;CLI0364;VEN11;SUC05;Web;Financiación Propia;Completada
VTA003042;10/02/2026;FAC-2026-003042;CLI0179;VEN02;SUC02;Web;Tarjeta Crédito;Completada
VTA003043;24/04/2026;FAC-2026-003043;CLI0432;VEN15;SUC03;Web;Tarjeta Débito;Completada
VTA003044;21/01/2025;FAC-2025-003044;CLI0408;VEN13;SUC01;Venta Telefónica;Transferencia;Completada
VTA003045;28/02/2025;FAC-2025-003045;CLI0214;VEN01;SUC01;Venta Telefónica;Tarjeta Débito;Completada
VTA003046;30/04/2025;FAC-2025-003046;CLI0432;VEN11;SUC05;WhatsApp;Tarjeta Débito;Completada
VTA003047;14/02/2025;FAC-2025-003047;CLI0101;VEN14;SUC02;WhatsApp;Efectivo;Completada
VTA003048;14/03/2025;FAC-2025-003048;CLI0594;VEN15;SUC03;Local;Efectivo;Completada
VTA003049;07/01/2026;FAC-2026-003049;CLI0208;VEN01;SUC01;Local;Tarjeta Débito;Completada
VTA003050;01/11/2025;FAC-2025-003050;CLI0558;VEN17;SUC05;Web;Transferencia;Completada
VTA003051;13/07/2026;FAC-2026-003051;CLI0296;VEN18;SUC06;WhatsApp;Efectivo;Completada
VTA003052;11/06/2025;FAC-2025-003052;CLI0520;VEN01;SUC01;WhatsApp;Tarjeta Débito;Completada
VTA003053;18/07/2025;FAC-2025-003053;CLI0373;VEN16;SUC04;Web;Financiación Propia;Completada
VTA003054;01/01/2025;FAC-2025-003054;CLI0180;VEN18;SUC06;Web;Efectivo;Completada
VTA003055;18/03/2026;FAC-2026-003055;CLI0289;VEN03;SUC03;Marketplace;Tarjeta Débito;Completada
VTA003056;04/03/2026;FAC-2026-003056;CLI0324;VEN04;SUC04;Web;Transferencia;Completada
VTA003057;23/06/2026;FAC-2026-003057;CLI0254;VEN11;SUC05;Web;Transferencia;Completada
VTA003058;11/09/2025;FAC-2025-003058;CLI0038;VEN12;SUC06;WhatsApp;Financiación Propia;Completada
VTA003059;05/11/2025;FAC-2025-003059;CLI0261;VEN18;SUC06;Venta Telefónica;Tarjeta Crédito;Completada
VTA003060;31/10/2025;FAC-2025-003060;CLI0546;VEN12;SUC06;Marketplace;Financiación Propia;Completada
VTA003061;10/10/2025;FAC-2025-003061;CLI0558;VEN02;SUC02;Local;Transferencia;Completada
VTA003062;25/07/2026;FAC-2026-003062;CLI0521;VEN09;SUC03;Local;Tarjeta Débito;Completada
VTA003063;24/08/2025;FAC-2025-003063;CLI0058;VEN07;SUC01;Marketplace;Transferencia;Completada
VTA003064;26/05/2025;FAC-2025-003064;CLI0323;VEN10;SUC04;Venta Telefónica;Financiación Propia;Completada
VTA003065;20/07/2025;FAC-2025-003065;CLI0099;VEN11;SUC05;Marketplace;Financiación Propia;Completada
VTA003066;13/10/2025;FAC-2025-003066;CLI0481;VEN02;SUC02;Venta Telefónica;Transferencia;Completada
VTA003067;28/10/2025;FAC-2025-003067;CLI0191;VEN07;SUC01;Venta Telefónica;Efectivo;Pendiente
VTA003068;09/06/2025;FAC-2025-003068;CLI0554;VEN03;SUC03;WhatsApp;Transferencia;Completada
VTA003069;27/07/2025;FAC-2025-003069;CLI0307;VEN14;SUC02;Local;Transferencia;Completada
VTA003070;12/11/2025;FAC-2025-003070;CLI0041;VEN10;SUC04;WhatsApp;Financiación Propia;Completada
VTA003071;06/12/2025;FAC-2025-003071;CLI0269;VEN09;SUC03;Marketplace;Efectivo;Completada
VTA003072;21/01/2025;FAC-2025-003072;CLI0191;VEN14;SUC02;Marketplace;Transferencia;Completada
VTA003073;11/08/2025;FAC-2025-003073;CLI0029;VEN14;SUC02;Marketplace;Financiación Propia;Completada
VTA003074;26/01/2025;FAC-2025-003074;CLI0595;VEN02;SUC02;Venta Telefónica;Tarjeta Crédito;Completada
VTA003075;30/10/2025;FAC-2025-003075;CLI0206;VEN05;SUC05;WhatsApp;Tarjeta Crédito;Completada
VTA003076;24/01/2026;FAC-2026-003076;CLI0362;VEN12;SUC06;Marketplace;Tarjeta Crédito;Completada
VTA003077;14/05/2026;FAC-2026-003077;CLI0020;VEN09;SUC03;Venta Telefónica;Efectivo;Completada
VTA003078;21/03/2026;FAC-2026-003078;CLI0450;VEN12;SUC06;Local;Financiación Propia;Completada
VTA003079;06/05/2026;FAC-2026-003079;CLI0518;VEN08;SUC02;Marketplace;Transferencia;Completada
VTA003080;09/10/2025;FAC-2025-003080;CLI0333;VEN09;SUC03;Web;Financiación Propia;Completada
VTA003081;07/02/2026;FAC-2026-003081;CLI0038;VEN12;SUC06;Venta Telefónica;Tarjeta Crédito;Completada
VTA003082;20/03/2025;FAC-2025-003082;CLI0537;VEN16;SUC04;Local;Financiación Propia;Completada
VTA003083;15/02/2025;FAC-2025-003083;CLI0473;VEN18;SUC06;Web;Transferencia;Completada
VTA003084;02/12/2025;FAC-2025-003084;CLI0228;VEN15;SUC03;Venta Telefónica;Efectivo;Completada
VTA003085;13/03/2026;FAC-2026-003085;CLI0519;VEN07;SUC01;Web;Financiación Propia;Completada
VTA003086;19/06/2025;FAC-2025-003086;CLI0486;VEN01;SUC01;Marketplace;Transferencia;Completada
VTA003087;30/06/2025;FAC-2025-003087;CLI0018;VEN11;SUC05;Web;Tarjeta Crédito;Completada
VTA003088;13/05/2025;FAC-2025-003088;CLI0467;VEN11;SUC05;WhatsApp;Tarjeta Débito;Completada
VTA003089;22/05/2026;FAC-2026-003089;CLI0340;VEN18;SUC06;WhatsApp;Tarjeta Débito;Completada
VTA003090;07/03/2026;FAC-2026-003090;CLI0117;VEN16;SUC04;Web;Transferencia;Completada
VTA003091;25/01/2026;FAC-2026-003091;CLI0120;VEN07;SUC01;Local;Transferencia;Completada
VTA003092;02/06/2025;FAC-2025-003092;CLI0516;VEN02;SUC02;Marketplace;Tarjeta Débito;Completada
VTA003093;12/06/2026;FAC-2026-003093;CLI0191;VEN15;SUC03;Local;Tarjeta Débito;Completada
VTA003094;10/06/2025;FAC-2025-003094;CLI0011;VEN08;SUC02;Local;Tarjeta Débito;Completada
VTA003095;30/01/2025;FAC-2025-003095;CLI0001;VEN15;SUC03;Web;Transferencia;Completada
VTA003096;19/04/2025;FAC-2025-003096;CLI0548;VEN11;SUC05;Venta Telefónica;Efectivo;Completada
VTA003097;06/10/2025;FAC-2025-003097;CLI0214;VEN09;SUC03;WhatsApp;Tarjeta Crédito;Completada
VTA003098;06/01/2026;FAC-2026-003098;CLI0083;VEN04;SUC04;Venta Telefónica;Efectivo;Completada
VTA003099;23/01/2026;FAC-2026-003099;CLI0521;VEN04;SUC04;Local;Transferencia;Completada
VTA003100;16/05/2026;FAC-2026-003100;CLI0092;VEN17;SUC05;Venta Telefónica;Tarjeta Crédito;Completada
VTA003101;23/09/2025;FAC-2025-003101;CLI0145;VEN13;SUC01;Marketplace;Financiación Propia;Completada
VTA003102;09/01/2025;FAC-2025-003102;CLI0557;VEN03;SUC03;Web;Tarjeta Crédito;Completada
VTA003103;11/09/2025;FAC-2025-003103;CLI0007;VEN04;SUC04;Web;Tarjeta Débito;Completada
VTA003104;07/06/2026;FAC-2026-003104;CLI0245;VEN07;SUC01;Marketplace;Tarjeta Débito;Completada
VTA003105;27/03/2026;FAC-2026-003105;CLI0043;VEN12;SUC06;WhatsApp;Transferencia;Completada
VTA003106;19/05/2025;FAC-2025-003106;CLI0126;VEN02;SUC02;Marketplace;Tarjeta Crédito;Completada
VTA003107;26/02/2026;FAC-2026-003107;CLI0024;VEN08;SUC02;Venta Telefónica;Financiación Propia;Completada
VTA003108;02/06/2025;FAC-2025-003108;CLI0216;VEN16;SUC04;Local;Financiación Propia;Completada
VTA003109;06/05/2025;FAC-2025-003109;CLI0322;VEN15;SUC03;Web;Tarjeta Débito;Completada
VTA003110;04/09/2025;FAC-2025-003110;CLI0178;VEN08;SUC02;Local;Transferencia;Completada
VTA003111;16/05/2025;FAC-2025-003111;CLI0402;VEN05;SUC05;Web;Tarjeta Crédito;Completada
VTA003112;11/08/2025;FAC-2025-003112;CLI0037;VEN14;SUC02;Venta Telefónica;Tarjeta Débito;Completada
VTA003113;27/05/2026;FAC-2026-003113;CLI0487;VEN18;SUC06;WhatsApp;Tarjeta Débito;Completada
VTA003114;12/05/2025;FAC-2025-003114;CLI0584;VEN14;SUC02;WhatsApp;Tarjeta Crédito;Completada
VTA003115;09/01/2026;FAC-2026-003115;CLI0360;VEN01;SUC01;Marketplace;Tarjeta Débito;Completada
VTA003116;05/03/2026;FAC-2026-003116;CLI0023;VEN11;SUC05;Local;Transferencia;Completada
VTA003117;12/07/2025;FAC-2025-003117;CLI0382;VEN01;SUC01;WhatsApp;Efectivo;Completada
VTA003118;26/08/2025;FAC-2025-003118;CLI0590;VEN13;SUC01;WhatsApp;Efectivo;Completada
VTA003119;02/12/2025;FAC-2025-003119;CLI0427;VEN12;SUC06;Local;Financiación Propia;Completada
VTA003120;11/06/2025;FAC-2025-003120;CLI0440;VEN15;SUC03;Web;Financiación Propia;Completada
VTA003121;06/04/2025;FAC-2025-003121;CLI0504;VEN14;SUC02;Venta Telefónica;Financiación Propia;Completada
VTA003122;28/07/2025;FAC-2025-003122;CLI0258;VEN06;SUC06;Web;Transferencia;Completada
VTA003123;18/12/2025;FAC-2025-003123;CLI0391;VEN10;SUC04;Marketplace;Efectivo;Completada
VTA003124;19/05/2026;FAC-2026-003124;CLI0206;VEN06;SUC06;Web;Efectivo;Completada
VTA003125;01/05/2025;FAC-2025-003125;CLI0578;VEN17;SUC05;Web;Tarjeta Crédito;Completada
VTA003126;14/02/2025;FAC-2025-003126;CLI0336;VEN04;SUC04;Local;Efectivo;Completada
VTA003127;13/03/2026;FAC-2026-003127;CLI0527;VEN11;SUC05;Marketplace;Transferencia;Completada
VTA003128;27/12/2025;FAC-2025-003128;CLI0324;VEN03;SUC03;WhatsApp;Financiación Propia;Completada
VTA003129;18/01/2025;FAC-2025-003129;CLI0505;VEN01;SUC01;Marketplace;Tarjeta Crédito;Completada
VTA003130;03/04/2026;FAC-2026-003130;CLI0161;VEN11;SUC05;Web;Financiación Propia;Completada
VTA003131;11/08/2025;FAC-2025-003131;CLI0130;VEN13;SUC01;Venta Telefónica;Financiación Propia;Completada
VTA003132;21/06/2025;FAC-2025-003132;CLI0118;VEN09;SUC03;WhatsApp;Efectivo;Completada
VTA003133;23/12/2025;FAC-2025-003133;CLI0437;VEN10;SUC04;Web;Tarjeta Crédito;Completada
VTA003134;24/06/2026;FAC-2026-003134;CLI0359;VEN08;SUC02;Marketplace;Transferencia;Completada
VTA003135;17/04/2026;FAC-2026-003135;CLI0196;VEN08;SUC02;Web;Efectivo;Completada
VTA003136;03/09/2025;FAC-2025-003136;CLI0570;VEN13;SUC01;Venta Telefónica;Tarjeta Crédito;Completada
VTA003137;17/04/2026;FAC-2026-003137;CLI0230;VEN17;SUC05;Web;Tarjeta Débito;Completada
VTA003138;28/05/2026;FAC-2026-003138;CLI0136;VEN16;SUC04;Web;Tarjeta Crédito;Completada
VTA003139;19/03/2025;FAC-2025-003139;CLI0360;VEN08;SUC02;Local;Tarjeta Débito;Completada
VTA003140;30/05/2025;FAC-2025-003140;CLI0234;VEN05;SUC05;Web;Financiación Propia;Completada
VTA003141;21/06/2026;FAC-2026-003141;CLI0023;VEN15;SUC03;Web;Tarjeta Crédito;Completada
VTA003142;18/04/2026;FAC-2026-003142;CLI0437;VEN10;SUC04;Marketplace;Efectivo;Completada
VTA003143;12/08/2025;FAC-2025-003143;CLI0250;VEN01;SUC01;Venta Telefónica;Tarjeta Crédito;Completada
VTA003144;07/05/2026;FAC-2026-003144;CLI0265;VEN18;SUC06;Web;Tarjeta Débito;Completada
VTA003145;11/10/2025;FAC-2025-003145;CLI0044;VEN11;SUC05;WhatsApp;Transferencia;Completada
VTA003146;31/07/2025;FAC-2025-003146;CLI0233;VEN13;SUC01;Venta Telefónica;Tarjeta Débito;Completada
VTA003147;15/04/2025;FAC-2025-003147;CLI0557;VEN10;SUC04;Local;Tarjeta Débito;Completada
VTA003148;12/01/2026;FAC-2026-003148;CLI0030;VEN12;SUC06;Web;Efectivo;Completada
VTA003149;23/07/2026;FAC-2026-003149;CLI0245;VEN06;SUC06;Local;Transferencia;Completada
VTA003150;04/05/2025;FAC-2025-003150;CLI0502;VEN12;SUC06;WhatsApp;Financiación Propia;Completada
VTA003151;21/09/2025;FAC-2025-003151;CLI0310;VEN13;SUC01;Venta Telefónica;Transferencia;Completada
VTA003152;22/06/2025;FAC-2025-003152;CLI0594;VEN18;SUC06;Local;Tarjeta Crédito;Completada
VTA003153;16/05/2026;FAC-2026-003153;CLI0491;VEN02;SUC02;Web;Tarjeta Débito;Completada
VTA003154;25/10/2025;FAC-2025-003154;CLI0302;VEN04;SUC04;Web;Efectivo;Completada
VTA003155;30/01/2025;FAC-2025-003155;CLI0562;VEN01;SUC01;WhatsApp;Financiación Propia;Pendiente
VTA003156;10/02/2026;FAC-2026-003156;CLI0409;VEN05;SUC05;WhatsApp;Tarjeta Crédito;Completada
VTA003157;29/10/2025;FAC-2025-003157;CLI0478;VEN13;SUC01;Web;Transferencia;Completada
VTA003158;15/03/2026;FAC-2026-003158;CLI0242;VEN14;SUC02;Venta Telefónica;Financiación Propia;Completada
VTA003159;22/11/2025;FAC-2025-003159;CLI0035;VEN04;SUC04;WhatsApp;Tarjeta Débito;Completada
VTA003160;29/03/2025;FAC-2025-003160;CLI0333;VEN16;SUC04;Local;Tarjeta Débito;Completada
VTA003161;08/02/2026;FAC-2026-003161;CLI0001;VEN06;SUC06;Marketplace;Efectivo;Completada
VTA003162;24/09/2025;FAC-2025-003162;CLI0518;VEN06;SUC06;Web;Tarjeta Crédito;Completada
VTA003163;12/01/2025;FAC-2025-003163;CLI0482;VEN17;SUC05;WhatsApp;Tarjeta Débito;Cancelada
VTA003164;15/02/2025;FAC-2025-003164;CLI0044;VEN07;SUC01;Local;Financiación Propia;Completada
VTA003165;24/07/2026;FAC-2026-003165;CLI0535;VEN11;SUC05;Web;Tarjeta Débito;Completada
VTA003166;14/01/2025;FAC-2025-003166;CLI0239;VEN03;SUC03;Venta Telefónica;Financiación Propia;Completada
VTA003167;26/05/2025;FAC-2025-003167;CLI0024;VEN16;SUC04;Venta Telefónica;Tarjeta Crédito;Completada
VTA003168;16/02/2025;FAC-2025-003168;CLI0270;VEN12;SUC06;Web;Tarjeta Débito;Completada
VTA003169;04/06/2026;FAC-2026-003169;CLI0031;VEN18;SUC06;Marketplace;Tarjeta Crédito;Completada
VTA003170;15/07/2026;FAC-2026-003170;CLI0227;VEN03;SUC03;Local;Tarjeta Débito;Completada
VTA003171;30/04/2026;FAC-2026-003171;CLI0228;VEN03;SUC03;Local;Tarjeta Crédito;Completada
VTA003172;05/07/2025;FAC-2025-003172;CLI0595;VEN15;SUC03;Venta Telefónica;Financiación Propia;Completada
VTA003173;17/07/2026;FAC-2026-003173;CLI0275;VEN05;SUC05;WhatsApp;Transferencia;Completada
VTA003174;29/01/2026;FAC-2026-003174;CLI0013;VEN18;SUC06;Marketplace;Efectivo;Completada
VTA003175;23/04/2026;FAC-2026-003175;CLI0485;VEN03;SUC03;Marketplace;Financiación Propia;Completada
VTA003176;23/04/2026;FAC-2026-003176;CLI0413;VEN02;SUC02;Local;Financiación Propia;Completada
VTA003177;21/01/2026;FAC-2026-003177;CLI0193;VEN01;SUC01;WhatsApp;Transferencia;Completada
VTA003178;21/01/2026;FAC-2026-003178;CLI0145;VEN08;SUC02;Marketplace;Transferencia;Completada
VTA003179;28/06/2025;FAC-2025-003179;CLI0275;VEN17;SUC05;Venta Telefónica;Financiación Propia;Completada
VTA003180;31/03/2025;FAC-2025-003180;CLI0380;VEN16;SUC04;Venta Telefónica;Transferencia;Completada
VTA003181;02/09/2025;FAC-2025-003181;CLI0055;VEN08;SUC02;Local;Efectivo;Completada
VTA003182;29/11/2025;FAC-2025-003182;CLI0440;VEN12;SUC06;WhatsApp;Tarjeta Débito;Completada
VTA003183;31/07/2025;FAC-2025-003183;CLI0047;VEN17;SUC05;Venta Telefónica;Financiación Propia;Completada
VTA003184;22/05/2026;FAC-2026-003184;CLI0472;VEN15;SUC03;Marketplace;Financiación Propia;Completada
VTA003185;23/07/2026;FAC-2026-003185;CLI0254;VEN14;SUC02;Web;Efectivo;Completada
VTA003186;10/01/2025;FAC-2025-003186;CLI0024;VEN05;SUC05;Marketplace;Tarjeta Crédito;Completada
VTA003187;24/01/2025;FAC-2025-003187;CLI0148;VEN05;SUC05;WhatsApp;Tarjeta Débito;Completada
VTA003188;15/07/2025;FAC-2025-003188;CLI0424;VEN02;SUC02;Venta Telefónica;Efectivo;Completada
VTA003189;06/03/2025;FAC-2025-003189;CLI0559;VEN14;SUC02;Local;Tarjeta Crédito;Completada
VTA003190;14/03/2026;FAC-2026-003190;CLI0199;VEN05;SUC05;Marketplace;Transferencia;Completada
VTA003191;22/11/2025;FAC-2025-003191;CLI0109;VEN07;SUC01;Marketplace;Transferencia;Completada
VTA003192;18/07/2025;FAC-2025-003192;CLI0359;VEN04;SUC04;Local;Tarjeta Débito;Completada
VTA003193;21/09/2025;FAC-2025-003193;CLI0371;VEN02;SUC02;WhatsApp;Efectivo;Completada
VTA003194;28/02/2026;FAC-2026-003194;CLI0415;VEN02;SUC02;Marketplace;Tarjeta Débito;Completada
VTA003195;08/05/2026;FAC-2026-003195;CLI0005;VEN03;SUC03;Marketplace;Efectivo;Completada
VTA003196;25/11/2025;FAC-2025-003196;CLI0142;VEN08;SUC02;Marketplace;Tarjeta Débito;Completada
VTA003197;06/12/2025;FAC-2025-003197;CLI0498;VEN17;SUC05;Local;Efectivo;Completada
VTA003198;16/04/2025;FAC-2025-003198;CLI0483;VEN06;SUC06;WhatsApp;Transferencia;Completada
VTA003199;10/04/2025;FAC-2025-003199;CLI0195;VEN05;SUC05;WhatsApp;Efectivo;Completada
VTA003200;08/02/2026;FAC-2026-003200;CLI0006;VEN06;SUC06;Local;Tarjeta Débito;Completada
VTA003201;14/08/2025;FAC-2025-003201;CLI0212;VEN17;SUC05;Marketplace;Transferencia;Completada
VTA003202;30/05/2025;FAC-2025-003202;CLI0507;VEN01;SUC01;Web;Financiación Propia;Completada
VTA003203;20/04/2025;FAC-2025-003203;CLI0239;VEN15;SUC03;Venta Telefónica;Tarjeta Crédito;Completada
VTA003204;22/12/2025;FAC-2025-003204;CLI0016;VEN05;SUC05;WhatsApp;Transferencia;Completada
VTA003205;06/07/2026;FAC-2026-003205;CLI0112;VEN11;SUC05;Local;Tarjeta Débito;Completada
VTA003206;25/02/2025;FAC-2025-003206;CLI0496;VEN16;SUC04;Venta Telefónica;Tarjeta Débito;Completada
VTA003207;30/06/2025;FAC-2025-003207;CLI0217;VEN17;SUC05;Local;Transferencia;Pendiente
VTA003208;06/07/2025;FAC-2025-003208;CLI0512;VEN09;SUC03;WhatsApp;Efectivo;Completada
VTA003209;01/07/2026;FAC-2026-003209;CLI0316;VEN08;SUC02;Local;Tarjeta Crédito;Completada
VTA003210;15/06/2026;FAC-2026-003210;CLI0345;VEN08;SUC02;Web;Tarjeta Débito;Completada
VTA003211;28/06/2025;FAC-2025-003211;CLI0588;VEN13;SUC01;Web;Efectivo;Completada
VTA003212;15/04/2025;FAC-2025-003212;CLI0307;VEN12;SUC06;Local;Transferencia;Completada
VTA003213;30/08/2025;FAC-2025-003213;CLI0395;VEN05;SUC05;Local;Transferencia;Completada
VTA003214;22/03/2025;FAC-2025-003214;CLI0238;VEN15;SUC03;Venta Telefónica;Financiación Propia;Completada
VTA003215;02/07/2025;FAC-2025-003215;CLI0171;VEN15;SUC03;Web;Tarjeta Débito;Completada
VTA003216;10/05/2026;FAC-2026-003216;CLI0295;VEN12;SUC06;WhatsApp;Tarjeta Débito;Completada
VTA003217;07/07/2026;FAC-2026-003217;CLI0152;VEN06;SUC06;Marketplace;Efectivo;Completada
VTA003218;02/03/2025;FAC-2025-003218;CLI0350;VEN17;SUC05;Venta Telefónica;Efectivo;Completada
VTA003219;24/07/2025;FAC-2025-003219;CLI0485;VEN04;SUC04;Local;Tarjeta Crédito;Completada
VTA003220;11/05/2025;FAC-2025-003220;CLI0041;VEN05;SUC05;Web;Tarjeta Crédito;Completada
VTA003221;20/02/2026;FAC-2026-003221;CLI0206;VEN16;SUC04;Local;Tarjeta Crédito;Completada
VTA003222;16/07/2026;FAC-2026-003222;CLI0422;VEN02;SUC02;Marketplace;Efectivo;Completada
VTA003223;13/05/2025;FAC-2025-003223;CLI0066;VEN14;SUC02;WhatsApp;Transferencia;Completada
VTA003224;21/01/2025;FAC-2025-003224;CLI0173;VEN14;SUC02;Venta Telefónica;Tarjeta Débito;Completada
VTA003225;05/04/2026;FAC-2026-003225;CLI0570;VEN10;SUC04;Marketplace;Financiación Propia;Completada
VTA003226;28/04/2026;FAC-2026-003226;CLI0290;VEN08;SUC02;Marketplace;Tarjeta Débito;Completada
VTA003227;19/02/2026;FAC-2026-003227;CLI0341;VEN01;SUC01;Venta Telefónica;Tarjeta Débito;Completada
VTA003228;02/04/2026;FAC-2026-003228;CLI0128;VEN13;SUC01;WhatsApp;Tarjeta Crédito;Completada
VTA003229;22/07/2026;FAC-2026-003229;CLI0270;VEN14;SUC02;WhatsApp;Tarjeta Crédito;Pendiente
VTA003230;08/03/2026;FAC-2026-003230;CLI0598;VEN05;SUC05;WhatsApp;Transferencia;Completada
VTA003231;17/05/2025;FAC-2025-003231;CLI0056;VEN05;SUC05;Marketplace;Tarjeta Crédito;Completada
VTA003232;05/06/2025;FAC-2025-003232;CLI0212;VEN09;SUC03;Marketplace;Tarjeta Crédito;Completada
VTA003233;11/01/2025;FAC-2025-003233;CLI0406;VEN06;SUC06;WhatsApp;Financiación Propia;Completada
VTA003234;07/06/2025;FAC-2025-003234;CLI0563;VEN06;SUC06;Marketplace;Tarjeta Crédito;Completada
VTA003235;25/06/2025;FAC-2025-003235;CLI0439;VEN08;SUC02;Web;Financiación Propia;Completada
VTA003236;16/04/2026;FAC-2026-003236;CLI0154;VEN12;SUC06;Local;Transferencia;Completada
VTA003237;22/03/2025;FAC-2025-003237;CLI0144;VEN18;SUC06;Venta Telefónica;Transferencia;Cancelada
VTA003238;10/02/2026;FAC-2026-003238;CLI0586;VEN07;SUC01;WhatsApp;Financiación Propia;Completada
VTA003239;23/06/2025;FAC-2025-003239;CLI0353;VEN03;SUC03;Venta Telefónica;Financiación Propia;Completada
VTA003240;23/05/2026;FAC-2026-003240;CLI0327;VEN12;SUC06;Venta Telefónica;Tarjeta Crédito;Completada
VTA003241;14/06/2025;FAC-2025-003241;CLI0553;VEN02;SUC02;Local;Transferencia;Completada
VTA003242;20/06/2026;FAC-2026-003242;CLI0361;VEN11;SUC05;Venta Telefónica;Tarjeta Débito;Completada
VTA003243;14/05/2025;FAC-2025-003243;CLI0468;VEN12;SUC06;WhatsApp;Financiación Propia;Completada
VTA003244;04/08/2025;FAC-2025-003244;CLI0131;VEN07;SUC01;Local;Transferencia;Completada
VTA003245;28/04/2026;FAC-2026-003245;CLI0417;VEN02;SUC02;Marketplace;Efectivo;Completada
VTA003246;26/06/2025;FAC-2025-003246;CLI0011;VEN18;SUC06;WhatsApp;Tarjeta Crédito;Completada
VTA003247;30/01/2025;FAC-2025-003247;CLI0338;VEN04;SUC04;Local;Financiación Propia;Completada
VTA003248;02/10/2025;FAC-2025-003248;CLI0530;VEN01;SUC01;Web;Financiación Propia;Completada
VTA003249;29/01/2026;FAC-2026-003249;CLI0033;VEN13;SUC01;Web;Tarjeta Crédito;Completada
VTA003250;26/03/2025;FAC-2025-003250;CLI0516;VEN15;SUC03;Local;Efectivo;Completada
VTA003251;01/01/2025;FAC-2025-003251;CLI0510;VEN04;SUC04;Local;Tarjeta Crédito;Completada
VTA003252;19/07/2026;FAC-2026-003252;CLI0484;VEN16;SUC04;Venta Telefónica;Tarjeta Crédito;Completada
VTA003253;13/02/2026;FAC-2026-003253;CLI0397;VEN03;SUC03;WhatsApp;Tarjeta Crédito;Completada
VTA003254;04/01/2025;FAC-2025-003254;CLI0578;VEN09;SUC03;WhatsApp;Tarjeta Débito;Completada
VTA003255;11/08/2025;FAC-2025-003255;CLI0471;VEN02;SUC02;Web;Efectivo;Completada
VTA003256;10/04/2026;FAC-2026-003256;CLI0286;VEN12;SUC06;Web;Transferencia;Completada
VTA003257;05/01/2025;FAC-2025-003257;CLI0230;VEN09;SUC03;Local;Financiación Propia;Completada
VTA003258;07/02/2025;FAC-2025-003258;CLI0424;VEN18;SUC06;Marketplace;Tarjeta Débito;Completada
VTA003259;30/08/2025;FAC-2025-003259;CLI0041;VEN10;SUC04;Marketplace;Tarjeta Débito;Completada
VTA003260;11/06/2025;FAC-2025-003260;CLI0381;VEN11;SUC05;Web;Financiación Propia;Completada
VTA003261;04/04/2026;FAC-2026-003261;CLI0190;VEN05;SUC05;Local;Financiación Propia;Completada
VTA003262;23/07/2025;FAC-2025-003262;CLI0328;VEN07;SUC01;WhatsApp;Tarjeta Débito;Completada
VTA003263;28/05/2026;FAC-2026-003263;CLI0589;VEN15;SUC03;Web;Tarjeta Débito;Completada
VTA003264;20/09/2025;FAC-2025-003264;CLI0545;VEN08;SUC02;Venta Telefónica;Tarjeta Débito;Completada
VTA003265;11/03/2025;FAC-2025-003265;CLI0178;VEN15;SUC03;Venta Telefónica;Transferencia;Completada
VTA003266;01/12/2025;FAC-2025-003266;CLI0208;VEN18;SUC06;Marketplace;Tarjeta Débito;Completada
VTA003267;22/04/2026;FAC-2026-003267;CLI0598;VEN07;SUC01;Local;Efectivo;Completada
VTA003268;20/02/2026;FAC-2026-003268;CLI0259;VEN09;SUC03;Marketplace;Tarjeta Débito;Completada
VTA003269;15/07/2025;FAC-2025-003269;CLI0140;VEN15;SUC03;Web;Tarjeta Débito;Completada
VTA003270;24/09/2025;FAC-2025-003270;CLI0186;VEN16;SUC04;Venta Telefónica;Transferencia;Completada
VTA003271;22/02/2025;FAC-2025-003271;CLI0360;VEN13;SUC01;Local;Financiación Propia;Completada
VTA003272;07/10/2025;FAC-2025-003272;CLI0564;VEN14;SUC02;WhatsApp;Tarjeta Débito;Completada
VTA003273;13/08/2025;FAC-2025-003273;CLI0223;VEN05;SUC05;Venta Telefónica;Tarjeta Crédito;Completada
VTA003274;02/09/2025;FAC-2025-003274;CLI0455;VEN18;SUC06;Local;Tarjeta Débito;Completada
VTA003275;19/03/2025;FAC-2025-003275;CLI0493;VEN14;SUC02;Local;Financiación Propia;Completada
VTA003276;24/09/2025;FAC-2025-003276;CLI0108;VEN18;SUC06;Local;Transferencia;Completada
VTA003277;03/02/2026;FAC-2026-003277;CLI0344;VEN10;SUC04;Local;Tarjeta Débito;Completada
VTA003278;02/09/2025;FAC-2025-003278;CLI0044;VEN09;SUC03;Marketplace;Transferencia;Pendiente
VTA003279;16/04/2025;FAC-2025-003279;CLI0198;VEN01;SUC01;Venta Telefónica;Financiación Propia;Completada
VTA003280;13/03/2025;FAC-2025-003280;CLI0071;VEN14;SUC02;Marketplace;Efectivo;Completada
VTA003281;04/02/2025;FAC-2025-003281;CLI0540;VEN01;SUC01;Marketplace;Financiación Propia;Completada
VTA003282;31/01/2025;FAC-2025-003282;CLI0258;VEN02;SUC02;Venta Telefónica;Financiación Propia;Completada
VTA003283;16/06/2025;FAC-2025-003283;CLI0132;VEN07;SUC01;Marketplace;Tarjeta Crédito;Completada
VTA003284;21/06/2025;FAC-2025-003284;CLI0492;VEN12;SUC06;Venta Telefónica;Tarjeta Crédito;Completada
VTA003285;22/09/2025;FAC-2025-003285;CLI0472;VEN17;SUC05;WhatsApp;Tarjeta Crédito;Completada
VTA003286;27/04/2026;FAC-2026-003286;CLI0202;VEN12;SUC06;Web;Financiación Propia;Completada
VTA003287;11/09/2025;FAC-2025-003287;CLI0323;VEN03;SUC03;Venta Telefónica;Tarjeta Crédito;Pendiente
VTA003288;12/07/2026;FAC-2026-003288;CLI0276;VEN09;SUC03;Marketplace;Efectivo;Completada
VTA003289;31/07/2025;FAC-2025-003289;CLI0140;VEN18;SUC06;Web;Efectivo;Completada
VTA003290;28/05/2026;FAC-2026-003290;CLI0111;VEN02;SUC02;WhatsApp;Transferencia;Completada
VTA003291;20/09/2025;FAC-2025-003291;CLI0208;VEN15;SUC03;WhatsApp;Tarjeta Débito;Completada
VTA003292;13/02/2026;FAC-2026-003292;CLI0175;VEN08;SUC02;Venta Telefónica;Financiación Propia;Completada
VTA003293;16/01/2025;FAC-2025-003293;CLI0152;VEN16;SUC04;Marketplace;Tarjeta Débito;Completada
VTA003294;09/05/2025;FAC-2025-003294;CLI0004;VEN18;SUC06;Marketplace;Financiación Propia;Pendiente
VTA003295;20/08/2025;FAC-2025-003295;CLI0487;VEN07;SUC01;Web;Tarjeta Crédito;Completada
VTA003296;02/11/2025;FAC-2025-003296;CLI0303;VEN11;SUC05;Marketplace;Efectivo;Completada
VTA003297;24/04/2026;FAC-2026-003297;CLI0299;VEN10;SUC04;WhatsApp;Financiación Propia;Completada
VTA003298;09/01/2026;FAC-2026-003298;CLI0473;VEN16;SUC04;Web;Efectivo;Completada
VTA003299;14/06/2026;FAC-2026-003299;CLI0583;VEN10;SUC04;Marketplace;Efectivo;Completada
VTA003300;06/11/2025;FAC-2025-003300;CLI0365;VEN16;SUC04;Marketplace;Efectivo;Completada
VTA003301;25/04/2026;FAC-2026-003301;CLI0140;VEN10;SUC04;Web;Transferencia;Completada
VTA003302;20/12/2025;FAC-2025-003302;CLI0327;VEN13;SUC01;Local;Financiación Propia;Completada
VTA003303;13/10/2025;FAC-2025-003303;CLI0391;VEN10;SUC04;Web;Efectivo;Completada
VTA003304;06/09/2025;FAC-2025-003304;CLI0307;VEN09;SUC03;Local;Financiación Propia;Completada
VTA003305;24/08/2025;FAC-2025-003305;CLI0467;VEN10;SUC04;Local;Efectivo;Completada
VTA003306;21/04/2026;FAC-2026-003306;CLI0010;VEN11;SUC05;Venta Telefónica;Financiación Propia;Completada
VTA003307;24/09/2025;FAC-2025-003307;CLI0455;VEN10;SUC04;Venta Telefónica;Tarjeta Crédito;Pendiente
VTA003308;07/01/2026;FAC-2026-003308;CLI0466;VEN18;SUC06;Web;Financiación Propia;Completada
VTA003309;23/05/2026;FAC-2026-003309;CLI0341;VEN01;SUC01;Web;Efectivo;Completada
VTA003310;06/10/2025;FAC-2025-003310;CLI0487;VEN06;SUC06;Web;Financiación Propia;Completada
VTA003311;05/03/2025;FAC-2025-003311;CLI0449;VEN15;SUC03;WhatsApp;Tarjeta Débito;Completada
VTA003312;18/08/2025;FAC-2025-003312;CLI0167;VEN02;SUC02;Marketplace;Efectivo;Completada
VTA003313;27/07/2026;FAC-2026-003313;CLI0064;VEN16;SUC04;Local;Transferencia;Completada
VTA003314;24/03/2025;FAC-2025-003314;CLI0141;VEN09;SUC03;Venta Telefónica;Financiación Propia;Completada
VTA003315;26/06/2025;FAC-2025-003315;CLI0354;VEN14;SUC02;Marketplace;Tarjeta Débito;Completada
VTA003316;21/10/2025;FAC-2025-003316;CLI0254;VEN02;SUC02;Venta Telefónica;Financiación Propia;Completada
VTA003317;04/11/2025;FAC-2025-003317;CLI0010;VEN06;SUC06;Venta Telefónica;Tarjeta Crédito;Completada
VTA003318;13/06/2026;FAC-2026-003318;CLI0168;VEN08;SUC02;WhatsApp;Transferencia;Completada
VTA003319;28/02/2026;FAC-2026-003319;CLI0198;VEN06;SUC06;Marketplace;Tarjeta Crédito;Completada
VTA003320;18/04/2026;FAC-2026-003320;CLI0263;VEN04;SUC04;Local;Financiación Propia;Completada
VTA003321;04/01/2025;FAC-2025-003321;CLI0515;VEN03;SUC03;WhatsApp;Financiación Propia;Completada
VTA003322;04/06/2026;FAC-2026-003322;CLI0108;VEN07;SUC01;Venta Telefónica;Tarjeta Débito;Completada
VTA003323;17/10/2025;FAC-2025-003323;CLI0281;VEN07;SUC01;Local;Transferencia;Completada
VTA003324;20/07/2025;FAC-2025-003324;CLI0424;VEN03;SUC03;Local;Tarjeta Débito;Pendiente
VTA003325;10/10/2025;FAC-2025-003325;CLI0170;VEN15;SUC03;Venta Telefónica;Transferencia;Completada
VTA003326;30/04/2025;FAC-2025-003326;CLI0049;VEN04;SUC04;Web;Tarjeta Crédito;Completada
VTA003327;03/02/2025;FAC-2025-003327;CLI0283;VEN10;SUC04;Marketplace;Financiación Propia;Completada
VTA003328;01/05/2026;FAC-2026-003328;CLI0352;VEN09;SUC03;Venta Telefónica;Tarjeta Débito;Completada
VTA003329;19/04/2026;FAC-2026-003329;CLI0413;VEN15;SUC03;Local;Tarjeta Débito;Completada
VTA003330;22/07/2026;FAC-2026-003330;CLI0122;VEN14;SUC02;Marketplace;Transferencia;Completada
VTA003331;18/11/2025;FAC-2025-003331;CLI0133;VEN02;SUC02;Web;Tarjeta Débito;Completada
VTA003332;08/04/2025;FAC-2025-003332;CLI0048;VEN10;SUC04;Web;Transferencia;Completada
VTA003333;18/08/2025;FAC-2025-003333;CLI0075;VEN02;SUC02;WhatsApp;Tarjeta Crédito;Completada
VTA003334;19/09/2025;FAC-2025-003334;CLI0548;VEN16;SUC04;Local;Financiación Propia;Completada
VTA003335;23/12/2025;FAC-2025-003335;CLI0254;VEN01;SUC01;WhatsApp;Financiación Propia;Completada
VTA003336;08/12/2025;FAC-2025-003336;CLI0357;VEN17;SUC05;WhatsApp;Tarjeta Débito;Completada
VTA003337;15/02/2026;FAC-2026-003337;CLI0355;VEN02;SUC02;Web;Transferencia;Completada
VTA003338;24/04/2025;FAC-2025-003338;CLI0181;VEN16;SUC04;Local;Tarjeta Crédito;Completada
VTA003339;08/04/2026;FAC-2026-003339;CLI0527;VEN15;SUC03;Web;Tarjeta Débito;Completada
VTA003340;12/02/2026;FAC-2026-003340;CLI0436;VEN15;SUC03;Web;Financiación Propia;Completada
VTA003341;25/11/2025;FAC-2025-003341;CLI0248;VEN11;SUC05;Venta Telefónica;Tarjeta Débito;Completada
VTA003342;17/10/2025;FAC-2025-003342;CLI0066;VEN12;SUC06;Web;Transferencia;Completada
VTA003343;15/04/2026;FAC-2026-003343;CLI0426;VEN15;SUC03;Marketplace;Tarjeta Crédito;Completada
VTA003344;30/03/2025;FAC-2025-003344;CLI0311;VEN02;SUC02;WhatsApp;Financiación Propia;Completada
VTA003345;12/09/2025;FAC-2025-003345;CLI0185;VEN12;SUC06;Local;Transferencia;Completada
VTA003346;02/05/2025;FAC-2025-003346;CLI0452;VEN10;SUC04;Web;Tarjeta Débito;Completada
VTA003347;10/01/2025;FAC-2025-003347;CLI0423;VEN01;SUC01;Web;Efectivo;Completada
VTA003348;07/10/2025;FAC-2025-003348;CLI0302;VEN07;SUC01;Web;Transferencia;Completada
VTA003349;07/04/2026;FAC-2026-003349;CLI0551;VEN05;SUC05;Marketplace;Tarjeta Débito;Cancelada
VTA003350;24/11/2025;FAC-2025-003350;CLI0144;VEN01;SUC01;Venta Telefónica;Transferencia;Completada
VTA003351;27/11/2025;FAC-2025-003351;CLI0179;VEN17;SUC05;Local;Tarjeta Crédito;Completada
VTA003352;19/05/2025;FAC-2025-003352;CLI0126;VEN06;SUC06;Venta Telefónica;Tarjeta Débito;Completada
VTA003353;27/12/2025;FAC-2025-003353;CLI0226;VEN11;SUC05;WhatsApp;Financiación Propia;Completada
VTA003354;24/02/2026;FAC-2026-003354;CLI0148;VEN16;SUC04;Venta Telefónica;Tarjeta Crédito;Completada
VTA003355;26/03/2025;FAC-2025-003355;CLI0292;VEN01;SUC01;Web;Tarjeta Crédito;Completada
VTA003356;24/09/2025;FAC-2025-003356;CLI0092;VEN01;SUC01;Marketplace;Financiación Propia;Pendiente
VTA003357;14/12/2025;FAC-2025-003357;CLI0066;VEN09;SUC03;Web;Transferencia;Completada
VTA003358;05/08/2025;FAC-2025-003358;CLI0557;VEN08;SUC02;Marketplace;Efectivo;Completada
VTA003359;15/04/2025;FAC-2025-003359;CLI0201;VEN13;SUC01;Web;Tarjeta Crédito;Completada
VTA003360;17/02/2026;FAC-2026-003360;CLI0439;VEN03;SUC03;Web;Transferencia;Completada
VTA003361;26/05/2025;FAC-2025-003361;CLI0248;VEN13;SUC01;Local;Efectivo;Completada
VTA003362;06/09/2025;FAC-2025-003362;CLI0238;VEN10;SUC04;Local;Financiación Propia;Completada
VTA003363;15/06/2026;FAC-2026-003363;CLI0356;VEN16;SUC04;WhatsApp;Efectivo;Completada
VTA003364;11/10/2025;FAC-2025-003364;CLI0221;VEN18;SUC06;Venta Telefónica;Transferencia;Completada
VTA003365;23/03/2026;FAC-2026-003365;CLI0075;VEN07;SUC01;Local;Efectivo;Completada
VTA003366;19/01/2026;FAC-2026-003366;CLI0503;VEN08;SUC02;Web;Tarjeta Débito;Completada
VTA003367;01/07/2025;FAC-2025-003367;CLI0341;VEN01;SUC01;Local;Transferencia;Completada
VTA003368;03/07/2026;FAC-2026-003368;CLI0552;VEN06;SUC06;Web;Tarjeta Crédito;Completada
VTA003369;23/12/2025;FAC-2025-003369;CLI0440;VEN01;SUC01;Web;Tarjeta Crédito;Completada
VTA003370;15/05/2026;FAC-2026-003370;CLI0583;VEN09;SUC03;Local;Tarjeta Crédito;Completada
VTA003371;22/07/2026;FAC-2026-003371;CLI0360;VEN07;SUC01;Local;Tarjeta Débito;Completada
VTA003372;10/04/2026;FAC-2026-003372;CLI0137;VEN16;SUC04;Web;Tarjeta Débito;Completada
VTA003373;10/03/2026;FAC-2026-003373;CLI0337;VEN13;SUC01;Local;Financiación Propia;Completada
VTA003374;03/06/2025;FAC-2025-003374;CLI0039;VEN09;SUC03;WhatsApp;Transferencia;Completada
VTA003375;30/11/2025;FAC-2025-003375;CLI0257;VEN08;SUC02;Web;Financiación Propia;Completada
VTA003376;13/10/2025;FAC-2025-003376;CLI0304;VEN06;SUC06;WhatsApp;Financiación Propia;Completada
VTA003377;22/01/2025;FAC-2025-003377;CLI0186;VEN03;SUC03;Marketplace;Transferencia;Completada
VTA003378;25/08/2025;FAC-2025-003378;CLI0137;VEN09;SUC03;WhatsApp;Tarjeta Crédito;Completada
VTA003379;13/03/2026;FAC-2026-003379;CLI0580;VEN10;SUC04;Web;Tarjeta Débito;Completada
VTA003380;06/05/2026;FAC-2026-003380;CLI0286;VEN04;SUC04;Venta Telefónica;Transferencia;Completada
VTA003381;02/01/2025;FAC-2025-003381;CLI0035;VEN04;SUC04;WhatsApp;Efectivo;Completada
VTA003382;30/01/2025;FAC-2025-003382;CLI0354;VEN14;SUC02;Marketplace;Efectivo;Completada
VTA003383;05/06/2025;FAC-2025-003383;CLI0184;VEN10;SUC04;Local;Tarjeta Débito;Completada
VTA003384;27/07/2025;FAC-2025-003384;CLI0319;VEN10;SUC04;Local;Financiación Propia;Completada
VTA003385;28/08/2025;FAC-2025-003385;CLI0385;VEN12;SUC06;Local;Tarjeta Crédito;Completada
VTA003386;25/02/2026;FAC-2026-003386;CLI0466;VEN09;SUC03;WhatsApp;Financiación Propia;Completada
VTA003387;17/06/2026;FAC-2026-003387;CLI0249;VEN02;SUC02;Web;Transferencia;Completada
VTA003388;12/09/2025;FAC-2025-003388;CLI0541;VEN05;SUC05;Venta Telefónica;Tarjeta Débito;Completada
VTA003389;06/05/2025;FAC-2025-003389;CLI0471;VEN15;SUC03;Marketplace;Tarjeta Crédito;Completada
VTA003390;25/12/2025;FAC-2025-003390;CLI0471;VEN15;SUC03;WhatsApp;Financiación Propia;Completada
VTA003391;15/03/2026;FAC-2026-003391;CLI0541;VEN05;SUC05;WhatsApp;Financiación Propia;Completada
VTA003392;01/07/2025;FAC-2025-003392;CLI0055;VEN17;SUC05;Marketplace;Tarjeta Crédito;Completada
VTA003393;10/02/2025;FAC-2025-003393;CLI0523;VEN13;SUC01;Venta Telefónica;Tarjeta Débito;Completada
VTA003394;26/01/2025;FAC-2025-003394;CLI0149;VEN12;SUC06;Marketplace;Tarjeta Débito;Completada
VTA003395;02/04/2026;FAC-2026-003395;CLI0017;VEN09;SUC03;Web;Transferencia;Completada
VTA003396;04/02/2025;FAC-2025-003396;CLI0550;VEN07;SUC01;Local;Financiación Propia;Completada
VTA003397;01/04/2025;FAC-2025-003397;CLI0025;VEN06;SUC06;Web;Financiación Propia;Completada
VTA003398;18/07/2026;FAC-2026-003398;CLI0485;VEN06;SUC06;Venta Telefónica;Tarjeta Débito;Completada
VTA003399;06/03/2025;FAC-2025-003399;CLI0177;VEN11;SUC05;Web;Transferencia;Completada
VTA003400;22/07/2025;FAC-2025-003400;CLI0032;VEN10;SUC04;WhatsApp;Tarjeta Crédito;Completada
VTA003401;19/04/2025;FAC-2025-003401;CLI0070;VEN16;SUC04;WhatsApp;Tarjeta Crédito;Completada
VTA003402;08/06/2025;FAC-2025-003402;CLI0427;VEN11;SUC05;Venta Telefónica;Tarjeta Crédito;Completada
VTA003403;28/11/2025;FAC-2025-003403;CLI0001;VEN14;SUC02;Web;Financiación Propia;Completada
VTA003404;04/04/2025;FAC-2025-003404;CLI0266;VEN06;SUC06;Marketplace;Tarjeta Crédito;Completada
VTA003405;04/01/2025;FAC-2025-003405;CLI0487;VEN12;SUC06;Venta Telefónica;Efectivo;Completada
VTA003406;22/06/2025;FAC-2025-003406;CLI0264;VEN06;SUC06;Venta Telefónica;Tarjeta Débito;Completada
VTA003407;04/12/2025;FAC-2025-003407;CLI0227;VEN05;SUC05;Venta Telefónica;Financiación Propia;Completada
VTA003408;11/03/2025;FAC-2025-003408;CLI0119;VEN07;SUC01;Venta Telefónica;Tarjeta Crédito;Completada
VTA003409;18/07/2025;FAC-2025-003409;CLI0311;VEN03;SUC03;WhatsApp;Tarjeta Débito;Completada
VTA003410;30/04/2026;FAC-2026-003410;CLI0439;VEN05;SUC05;Venta Telefónica;Tarjeta Débito;Completada
VTA003411;12/02/2026;FAC-2026-003411;CLI0335;VEN03;SUC03;Venta Telefónica;Transferencia;Completada
VTA003412;27/05/2026;FAC-2026-003412;CLI0102;VEN04;SUC04;Venta Telefónica;Financiación Propia;Completada
VTA003413;09/07/2026;FAC-2026-003413;CLI0557;VEN01;SUC01;Local;Financiación Propia;Completada
VTA003414;20/03/2026;FAC-2026-003414;CLI0037;VEN03;SUC03;Marketplace;Tarjeta Crédito;Completada
VTA003415;28/06/2026;FAC-2026-003415;CLI0147;VEN10;SUC04;Marketplace;Transferencia;Completada
VTA003416;17/11/2025;FAC-2025-003416;CLI0383;VEN11;SUC05;WhatsApp;Tarjeta Débito;Completada
VTA003417;09/12/2025;FAC-2025-003417;CLI0221;VEN02;SUC02;Local;Efectivo;Completada
VTA003418;30/09/2025;FAC-2025-003418;CLI0318;VEN04;SUC04;Local;Financiación Propia;Completada
VTA003419;19/02/2026;FAC-2026-003419;CLI0385;VEN01;SUC01;WhatsApp;Transferencia;Completada
VTA003420;04/06/2026;FAC-2026-003420;CLI0229;VEN11;SUC05;Web;Transferencia;Completada
VTA003421;25/05/2025;FAC-2025-003421;CLI0277;VEN06;SUC06;WhatsApp;Tarjeta Débito;Completada
VTA003422;11/02/2025;FAC-2025-003422;CLI0528;VEN15;SUC03;Venta Telefónica;Transferencia;Completada
VTA003423;20/12/2025;FAC-2025-003423;CLI0401;VEN05;SUC05;Marketplace;Tarjeta Crédito;Completada
VTA003424;05/10/2025;FAC-2025-003424;CLI0579;VEN14;SUC02;Marketplace;Tarjeta Débito;Completada
VTA003425;08/12/2025;FAC-2025-003425;CLI0087;VEN12;SUC06;Venta Telefónica;Tarjeta Crédito;Completada
VTA003426;06/07/2026;FAC-2026-003426;CLI0178;VEN01;SUC01;WhatsApp;Transferencia;Completada
VTA003427;03/10/2025;FAC-2025-003427;CLI0062;VEN07;SUC01;Local;Efectivo;Completada
VTA003428;15/03/2026;FAC-2026-003428;CLI0255;VEN05;SUC05;WhatsApp;Transferencia;Completada
VTA003429;23/02/2025;FAC-2025-003429;CLI0396;VEN07;SUC01;Web;Financiación Propia;Completada
VTA003430;21/05/2025;FAC-2025-003430;CLI0469;VEN11;SUC05;WhatsApp;Transferencia;Completada
VTA003431;07/12/2025;FAC-2025-003431;CLI0132;VEN13;SUC01;Local;Tarjeta Crédito;Completada
VTA003432;03/02/2026;FAC-2026-003432;CLI0376;VEN15;SUC03;Web;Efectivo;Completada
VTA003433;24/07/2025;FAC-2025-003433;CLI0208;VEN17;SUC05;Local;Tarjeta Débito;Completada
VTA003434;12/08/2025;FAC-2025-003434;CLI0311;VEN01;SUC01;Venta Telefónica;Tarjeta Débito;Completada
VTA003435;22/01/2025;FAC-2025-003435;CLI0025;VEN04;SUC04;Marketplace;Financiación Propia;Completada
VTA003436;31/07/2026;FAC-2026-003436;CLI0375;VEN12;SUC06;Marketplace;Tarjeta Débito;Completada
VTA003437;14/04/2025;FAC-2025-003437;CLI0323;VEN02;SUC02;Web;Transferencia;Completada
VTA003438;23/01/2025;FAC-2025-003438;CLI0044;VEN09;SUC03;Local;Efectivo;Pendiente
VTA003439;11/05/2025;FAC-2025-003439;CLI0308;VEN14;SUC02;Web;Transferencia;Completada
VTA003440;03/03/2025;FAC-2025-003440;CLI0564;VEN06;SUC06;WhatsApp;Transferencia;Pendiente
VTA003441;27/03/2025;FAC-2025-003441;CLI0328;VEN12;SUC06;Marketplace;Tarjeta Crédito;Completada
VTA003442;09/03/2026;FAC-2026-003442;CLI0537;VEN03;SUC03;Local;Efectivo;Completada
VTA003443;19/01/2026;FAC-2026-003443;CLI0087;VEN18;SUC06;Venta Telefónica;Financiación Propia;Completada
VTA003444;15/12/2025;FAC-2025-003444;CLI0239;VEN18;SUC06;WhatsApp;Transferencia;Completada
VTA003445;25/07/2025;FAC-2025-003445;CLI0129;VEN11;SUC05;Marketplace;Financiación Propia;Completada
VTA003446;18/11/2025;FAC-2025-003446;CLI0040;VEN01;SUC01;WhatsApp;Transferencia;Completada
VTA003447;05/07/2026;FAC-2026-003447;CLI0071;VEN04;SUC04;Marketplace;Transferencia;Pendiente
VTA003448;27/08/2025;FAC-2025-003448;CLI0423;VEN07;SUC01;Venta Telefónica;Tarjeta Débito;Completada
VTA003449;10/05/2026;FAC-2026-003449;CLI0383;VEN16;SUC04;Web;Efectivo;Completada
VTA003450;16/04/2026;FAC-2026-003450;CLI0192;VEN05;SUC05;Web;Tarjeta Crédito;Completada
VTA003451;06/12/2025;FAC-2025-003451;CLI0531;VEN10;SUC04;Venta Telefónica;Transferencia;Completada
VTA003452;03/09/2025;FAC-2025-003452;CLI0152;VEN03;SUC03;Web;Tarjeta Débito;Completada
VTA003453;08/11/2025;FAC-2025-003453;CLI0474;VEN18;SUC06;Venta Telefónica;Financiación Propia;Completada
VTA003454;16/07/2026;FAC-2026-003454;CLI0229;VEN15;SUC03;Local;Transferencia;Completada
VTA003455;15/05/2025;FAC-2025-003455;CLI0580;VEN15;SUC03;WhatsApp;Tarjeta Crédito;Completada
VTA003456;07/04/2026;FAC-2026-003456;CLI0184;VEN10;SUC04;Local;Efectivo;Completada
VTA003457;30/01/2026;FAC-2026-003457;CLI0389;VEN02;SUC02;Local;Efectivo;Completada
VTA003458;13/06/2025;FAC-2025-003458;CLI0058;VEN18;SUC06;Marketplace;Efectivo;Completada
VTA003459;30/08/2025;FAC-2025-003459;CLI0440;VEN06;SUC06;Venta Telefónica;Tarjeta Débito;Completada
VTA003460;05/10/2025;FAC-2025-003460;CLI0421;VEN02;SUC02;Web;Transferencia;Completada
VTA003461;08/10/2025;FAC-2025-003461;CLI0326;VEN07;SUC01;WhatsApp;Tarjeta Débito;Completada
VTA003462;31/03/2025;FAC-2025-003462;CLI0138;VEN11;SUC05;Local;Efectivo;Completada
VTA003463;15/11/2025;FAC-2025-003463;CLI0460;VEN15;SUC03;Web;Financiación Propia;Completada
VTA003464;22/11/2025;FAC-2025-003464;CLI0108;VEN08;SUC02;Web;Tarjeta Débito;Completada
VTA003465;13/11/2025;FAC-2025-003465;CLI0173;VEN15;SUC03;WhatsApp;Tarjeta Crédito;Completada
VTA003466;17/04/2026;FAC-2026-003466;CLI0349;VEN06;SUC06;WhatsApp;Efectivo;Completada
VTA003467;21/02/2026;FAC-2026-003467;CLI0431;VEN08;SUC02;Local;Financiación Propia;Completada
VTA003468;22/05/2025;FAC-2025-003468;CLI0285;VEN04;SUC04;WhatsApp;Financiación Propia;Completada
VTA003469;14/02/2025;FAC-2025-003469;CLI0137;VEN08;SUC02;Marketplace;Tarjeta Crédito;Completada
VTA003470;08/03/2026;FAC-2026-003470;CLI0529;VEN12;SUC06;Web;Tarjeta Crédito;Completada
VTA003471;24/02/2025;FAC-2025-003471;CLI0599;VEN04;SUC04;WhatsApp;Efectivo;Completada
VTA003472;25/05/2025;FAC-2025-003472;CLI0395;VEN10;SUC04;WhatsApp;Efectivo;Completada
VTA003473;07/07/2025;FAC-2025-003473;CLI0392;VEN10;SUC04;Local;Tarjeta Débito;Completada
VTA003474;08/06/2025;FAC-2025-003474;CLI0035;VEN05;SUC05;Venta Telefónica;Tarjeta Crédito;Completada
VTA003475;20/09/2025;FAC-2025-003475;CLI0366;VEN07;SUC01;Marketplace;Tarjeta Débito;Completada
VTA003476;11/04/2025;FAC-2025-003476;CLI0045;VEN13;SUC01;Web;Efectivo;Completada
VTA003477;19/01/2026;FAC-2026-003477;CLI0381;VEN11;SUC05;WhatsApp;Efectivo;Completada
VTA003478;27/06/2026;FAC-2026-003478;CLI0537;VEN10;SUC04;Local;Efectivo;Completada
VTA003479;22/01/2026;FAC-2026-003479;CLI0493;VEN18;SUC06;Venta Telefónica;Efectivo;Completada
VTA003480;11/07/2025;FAC-2025-003480;CLI0561;VEN10;SUC04;Marketplace;Transferencia;Completada
VTA003481;06/03/2025;FAC-2025-003481;CLI0149;VEN17;SUC05;Marketplace;Tarjeta Crédito;Completada
VTA003482;21/01/2026;FAC-2026-003482;CLI0181;VEN16;SUC04;Venta Telefónica;Tarjeta Crédito;Completada
VTA003483;17/07/2025;FAC-2025-003483;CLI0525;VEN16;SUC04;Marketplace;Tarjeta Crédito;Completada
VTA003484;24/06/2026;FAC-2026-003484;CLI0593;VEN07;SUC01;Venta Telefónica;Tarjeta Débito;Completada
VTA003485;07/06/2026;FAC-2026-003485;CLI0533;VEN03;SUC03;Web;Financiación Propia;Completada
VTA003486;23/03/2026;FAC-2026-003486;CLI0127;VEN04;SUC04;Venta Telefónica;Transferencia;Completada
VTA003487;06/05/2025;FAC-2025-003487;CLI0551;VEN03;SUC03;Venta Telefónica;Financiación Propia;Completada
VTA003488;11/05/2026;FAC-2026-003488;CLI0021;VEN14;SUC02;Web;Financiación Propia;Completada
VTA003489;19/06/2025;FAC-2025-003489;CLI0436;VEN05;SUC05;Venta Telefónica;Tarjeta Crédito;Completada
VTA003490;05/06/2025;FAC-2025-003490;CLI0541;VEN05;SUC05;Local;Financiación Propia;Completada
VTA003491;13/04/2025;FAC-2025-003491;CLI0225;VEN08;SUC02;WhatsApp;Transferencia;Completada
VTA003492;28/10/2025;FAC-2025-003492;CLI0136;VEN02;SUC02;Local;Financiación Propia;Completada
VTA003493;07/04/2025;FAC-2025-003493;CLI0057;VEN08;SUC02;Web;Tarjeta Crédito;Completada
VTA003494;22/04/2025;FAC-2025-003494;CLI0274;VEN14;SUC02;WhatsApp;Tarjeta Crédito;Completada
VTA003495;02/06/2025;FAC-2025-003495;CLI0180;VEN17;SUC05;Web;Tarjeta Débito;Completada
VTA003496;31/03/2025;FAC-2025-003496;CLI0556;VEN16;SUC04;Venta Telefónica;Transferencia;Completada
VTA003497;27/02/2025;FAC-2025-003497;CLI0321;VEN01;SUC01;Local;Financiación Propia;Completada
VTA003498;28/05/2025;FAC-2025-003498;CLI0364;VEN04;SUC04;Web;Efectivo;Completada
VTA003499;23/10/2025;FAC-2025-003499;CLI0094;VEN04;SUC04;Web;Tarjeta Débito;Cancelada
VTA003500;19/01/2026;FAC-2026-003500;CLI0357;VEN04;SUC04;Web;Tarjeta Crédito;Completada
VTA003501;02/09/2025;FAC-2025-003501;CLI0350;VEN16;SUC04;Web;Financiación Propia;Completada
VTA003502;20/08/2025;FAC-2025-003502;CLI0393;VEN14;SUC02;Venta Telefónica;Tarjeta Crédito;Completada
VTA003503;29/05/2026;FAC-2026-003503;CLI0043;VEN11;SUC05;Marketplace;Tarjeta Crédito;Completada
VTA003504;22/06/2026;FAC-2026-003504;CLI0529;VEN16;SUC04;Marketplace;Tarjeta Débito;Completada
VTA003505;20/12/2025;FAC-2025-003505;CLI0226;VEN04;SUC04;Web;Tarjeta Crédito;Completada
VTA003506;28/04/2025;FAC-2025-003506;CLI0207;VEN02;SUC02;Local;Efectivo;Completada
VTA003507;21/03/2026;FAC-2026-003507;CLI0177;VEN12;SUC06;Venta Telefónica;Financiación Propia;Completada
VTA003508;15/04/2025;FAC-2025-003508;CLI0222;VEN11;SUC05;Marketplace;Financiación Propia;Completada
VTA003509;26/06/2025;FAC-2025-003509;CLI0584;VEN15;SUC03;WhatsApp;Efectivo;Completada
VTA003510;16/04/2025;FAC-2025-003510;CLI0228;VEN07;SUC01;Local;Financiación Propia;Completada
VTA003511;20/11/2025;FAC-2025-003511;CLI0044;VEN07;SUC01;Local;Transferencia;Completada
VTA003512;19/02/2026;FAC-2026-003512;CLI0154;VEN06;SUC06;Venta Telefónica;Transferencia;Completada
VTA003513;30/05/2025;FAC-2025-003513;CLI0375;VEN04;SUC04;Web;Financiación Propia;Completada
VTA003514;12/10/2025;FAC-2025-003514;CLI0036;VEN01;SUC01;Venta Telefónica;Financiación Propia;Completada
VTA003515;18/04/2025;FAC-2025-003515;CLI0288;VEN12;SUC06;Web;Transferencia;Completada
VTA003516;15/10/2025;FAC-2025-003516;CLI0592;VEN04;SUC04;WhatsApp;Efectivo;Completada
VTA003517;27/10/2025;FAC-2025-003517;CLI0322;VEN12;SUC06;Marketplace;Tarjeta Crédito;Completada
VTA003518;20/08/2025;FAC-2025-003518;CLI0284;VEN06;SUC06;Web;Efectivo;Pendiente
VTA003519;01/04/2026;FAC-2026-003519;CLI0332;VEN11;SUC05;WhatsApp;Transferencia;Completada
VTA003520;16/03/2026;FAC-2026-003520;CLI0580;VEN15;SUC03;Venta Telefónica;Tarjeta Débito;Completada
VTA003521;03/03/2025;FAC-2025-003521;CLI0168;VEN08;SUC02;Venta Telefónica;Efectivo;Completada
VTA003522;05/02/2025;FAC-2025-003522;CLI0379;VEN10;SUC04;Venta Telefónica;Transferencia;Completada
VTA003523;12/07/2026;FAC-2026-003523;CLI0269;VEN10;SUC04;Venta Telefónica;Efectivo;Completada
VTA003524;05/07/2025;FAC-2025-003524;CLI0246;VEN04;SUC04;Marketplace;Transferencia;Pendiente
VTA003525;24/05/2025;FAC-2025-003525;CLI0037;VEN02;SUC02;WhatsApp;Tarjeta Crédito;Completada
VTA003526;05/06/2025;FAC-2025-003526;CLI0056;VEN02;SUC02;Marketplace;Tarjeta Débito;Completada
VTA003527;09/11/2025;FAC-2025-003527;CLI0334;VEN05;SUC05;Local;Efectivo;Completada
VTA003528;24/06/2026;FAC-2026-003528;CLI0183;VEN01;SUC01;Local;Tarjeta Débito;Completada
VTA003529;14/01/2026;FAC-2026-003529;CLI0245;VEN09;SUC03;WhatsApp;Transferencia;Completada
VTA003530;30/04/2026;FAC-2026-003530;CLI0314;VEN11;SUC05;Marketplace;Tarjeta Débito;Completada
VTA003531;09/02/2025;FAC-2025-003531;CLI0525;VEN10;SUC04;WhatsApp;Efectivo;Completada
VTA003532;29/09/2025;FAC-2025-003532;CLI0529;VEN10;SUC04;Web;Tarjeta Débito;Completada
VTA003533;19/06/2025;FAC-2025-003533;CLI0250;VEN03;SUC03;Web;Transferencia;Completada
VTA003534;11/07/2025;FAC-2025-003534;CLI0596;VEN18;SUC06;Web;Transferencia;Completada
VTA003535;07/08/2025;FAC-2025-003535;CLI0512;VEN05;SUC05;Marketplace;Efectivo;Completada
VTA003536;06/04/2026;FAC-2026-003536;CLI0096;VEN01;SUC01;WhatsApp;Efectivo;Completada
VTA003537;13/10/2025;FAC-2025-003537;CLI0404;VEN01;SUC01;Venta Telefónica;Tarjeta Crédito;Completada
VTA003538;06/11/2025;FAC-2025-003538;CLI0420;VEN11;SUC05;WhatsApp;Financiación Propia;Completada
VTA003539;06/07/2026;FAC-2026-003539;CLI0416;VEN14;SUC02;Web;Financiación Propia;Pendiente
VTA003540;12/01/2025;FAC-2025-003540;CLI0478;VEN02;SUC02;WhatsApp;Tarjeta Crédito;Completada
VTA003541;16/04/2026;FAC-2026-003541;CLI0207;VEN03;SUC03;WhatsApp;Financiación Propia;Completada
VTA003542;20/04/2026;FAC-2026-003542;CLI0259;VEN10;SUC04;Local;Tarjeta Crédito;Completada
VTA003543;07/06/2026;FAC-2026-003543;CLI0248;VEN17;SUC05;WhatsApp;Tarjeta Débito;Completada
VTA003544;18/01/2026;FAC-2026-003544;CLI0591;VEN01;SUC01;Web;Efectivo;Completada
VTA003545;07/08/2025;FAC-2025-003545;CLI0016;VEN10;SUC04;WhatsApp;Efectivo;Completada
VTA003546;01/07/2025;FAC-2025-003546;CLI0479;VEN16;SUC04;Web;Tarjeta Débito;Completada
VTA003547;31/03/2026;FAC-2026-003547;CLI0368;VEN09;SUC03;WhatsApp;Efectivo;Completada
VTA003548;06/03/2025;FAC-2025-003548;CLI0124;VEN08;SUC02;Web;Transferencia;Completada
VTA003549;17/06/2026;FAC-2026-003549;CLI0080;VEN13;SUC01;Web;Tarjeta Débito;Completada
VTA003550;18/01/2025;FAC-2025-003550;CLI0367;VEN03;SUC03;WhatsApp;Transferencia;Completada
VTA003551;22/05/2026;FAC-2026-003551;CLI0258;VEN09;SUC03;Venta Telefónica;Tarjeta Crédito;Completada
VTA003552;20/01/2026;FAC-2026-003552;CLI0048;VEN06;SUC06;Local;Tarjeta Débito;Completada
VTA003553;10/11/2025;FAC-2025-003553;CLI0118;VEN09;SUC03;Venta Telefónica;Financiación Propia;Completada
VTA003554;11/02/2025;FAC-2025-003554;CLI0403;VEN05;SUC05;Web;Efectivo;Completada
VTA003555;01/02/2026;FAC-2026-003555;CLI0556;VEN10;SUC04;Web;Transferencia;Completada
VTA003556;08/10/2025;FAC-2025-003556;CLI0318;VEN01;SUC01;WhatsApp;Tarjeta Débito;Completada
VTA003557;30/04/2026;FAC-2026-003557;CLI0064;VEN06;SUC06;Venta Telefónica;Financiación Propia;Completada
VTA003558;11/03/2025;FAC-2025-003558;CLI0215;VEN05;SUC05;Venta Telefónica;Tarjeta Débito;Completada
VTA003559;16/09/2025;FAC-2025-003559;CLI0236;VEN01;SUC01;WhatsApp;Tarjeta Crédito;Completada
VTA003560;12/04/2025;FAC-2025-003560;CLI0219;VEN08;SUC02;Marketplace;Efectivo;Completada
VTA003561;08/11/2025;FAC-2025-003561;CLI0052;VEN14;SUC02;Venta Telefónica;Tarjeta Débito;Completada
VTA003562;05/03/2025;FAC-2025-003562;CLI0530;VEN04;SUC04;WhatsApp;Efectivo;Pendiente
VTA003563;23/07/2026;FAC-2026-003563;CLI0400;VEN17;SUC05;Local;Tarjeta Crédito;Completada
VTA003564;13/04/2026;FAC-2026-003564;CLI0159;VEN14;SUC02;Web;Tarjeta Crédito;Completada
VTA003565;07/01/2026;FAC-2026-003565;CLI0507;VEN11;SUC05;WhatsApp;Tarjeta Débito;Completada
VTA003566;17/03/2025;FAC-2025-003566;CLI0372;VEN04;SUC04;Local;Tarjeta Crédito;Completada
VTA003567;07/06/2026;FAC-2026-003567;CLI0505;VEN01;SUC01;Web;Tarjeta Débito;Completada
VTA003568;17/03/2025;FAC-2025-003568;CLI0298;VEN05;SUC05;Local;Tarjeta Débito;Completada
VTA003569;20/04/2025;FAC-2025-003569;CLI0059;VEN17;SUC05;Web;Efectivo;Completada
VTA003570;18/07/2025;FAC-2025-003570;CLI0368;VEN16;SUC04;Local;Transferencia;Completada
VTA003571;31/03/2025;FAC-2025-003571;CLI0267;VEN17;SUC05;WhatsApp;Tarjeta Crédito;Completada
VTA003572;26/07/2025;FAC-2025-003572;CLI0445;VEN09;SUC03;Venta Telefónica;Efectivo;Completada
VTA003573;01/06/2026;FAC-2026-003573;CLI0335;VEN05;SUC05;Local;Tarjeta Débito;Completada
VTA003574;26/08/2025;FAC-2025-003574;CLI0190;VEN12;SUC06;Web;Tarjeta Débito;Completada
VTA003575;08/07/2026;FAC-2026-003575;CLI0133;VEN01;SUC01;Marketplace;Financiación Propia;Completada
VTA003576;15/03/2026;FAC-2026-003576;CLI0374;VEN04;SUC04;Web;Tarjeta Débito;Completada
VTA003577;11/11/2025;FAC-2025-003577;CLI0483;VEN12;SUC06;Web;Tarjeta Débito;Completada
VTA003578;29/11/2025;FAC-2025-003578;CLI0023;VEN04;SUC04;Venta Telefónica;Tarjeta Débito;Pendiente
VTA003579;23/02/2026;FAC-2026-003579;CLI0053;VEN04;SUC04;Local;Transferencia;Completada
VTA003580;30/06/2025;FAC-2025-003580;CLI0416;VEN14;SUC02;WhatsApp;Tarjeta Crédito;Completada
VTA003581;13/06/2025;FAC-2025-003581;CLI0585;VEN04;SUC04;Marketplace;Tarjeta Crédito;Completada
VTA003582;21/11/2025;FAC-2025-003582;CLI0184;VEN09;SUC03;Venta Telefónica;Tarjeta Crédito;Completada
VTA003583;16/03/2025;FAC-2025-003583;CLI0588;VEN07;SUC01;WhatsApp;Financiación Propia;Completada
VTA003584;15/02/2025;FAC-2025-003584;CLI0442;VEN06;SUC06;WhatsApp;Efectivo;Completada
VTA003585;12/04/2025;FAC-2025-003585;CLI0312;VEN06;SUC06;WhatsApp;Efectivo;Completada
VTA003586;20/05/2025;FAC-2025-003586;CLI0113;VEN15;SUC03;WhatsApp;Transferencia;Completada
VTA003587;30/03/2025;FAC-2025-003587;CLI0307;VEN09;SUC03;Web;Financiación Propia;Completada
VTA003588;21/07/2026;FAC-2026-003588;CLI0573;VEN11;SUC05;WhatsApp;Financiación Propia;Completada
VTA003589;02/04/2025;FAC-2025-003589;CLI0450;VEN11;SUC05;Local;Transferencia;Completada
VTA003590;20/04/2025;FAC-2025-003590;CLI0374;VEN11;SUC05;WhatsApp;Tarjeta Crédito;Completada
VTA003591;14/12/2025;FAC-2025-003591;CLI0324;VEN01;SUC01;WhatsApp;Tarjeta Débito;Completada
VTA003592;28/02/2026;FAC-2026-003592;CLI0549;VEN11;SUC05;Web;Tarjeta Crédito;Completada
VTA003593;12/12/2025;FAC-2025-003593;CLI0260;VEN06;SUC06;Marketplace;Tarjeta Crédito;Completada
VTA003594;09/02/2026;FAC-2026-003594;CLI0184;VEN06;SUC06;WhatsApp;Transferencia;Completada
VTA003595;09/08/2025;FAC-2025-003595;CLI0030;VEN06;SUC06;Web;Tarjeta Débito;Completada
VTA003596;17/02/2026;FAC-2026-003596;CLI0364;VEN18;SUC06;Marketplace;Transferencia;Completada
VTA003597;30/09/2025;FAC-2025-003597;CLI0214;VEN08;SUC02;Marketplace;Financiación Propia;Completada
VTA003598;27/02/2025;FAC-2025-003598;CLI0550;VEN15;SUC03;Marketplace;Efectivo;Completada
VTA003599;11/10/2025;FAC-2025-003599;CLI0054;VEN15;SUC03;WhatsApp;Tarjeta Débito;Completada
VTA003600;22/02/2026;FAC-2026-003600;CLI0548;VEN02;SUC02;Marketplace;Tarjeta Débito;Cancelada
VTA003601;28/08/2025;FAC-2025-003601;CLI0342;VEN09;SUC03;Venta Telefónica;Tarjeta Débito;Completada
VTA003602;02/04/2025;FAC-2025-003602;CLI0438;VEN05;SUC05;Venta Telefónica;Tarjeta Crédito;Completada
VTA003603;02/04/2025;FAC-2025-003603;CLI0219;VEN16;SUC04;WhatsApp;Tarjeta Crédito;Completada
VTA003604;14/09/2025;FAC-2025-003604;CLI0452;VEN08;SUC02;Web;Tarjeta Débito;Completada
VTA003605;04/02/2025;FAC-2025-003605;CLI0437;VEN08;SUC02;Web;Financiación Propia;Completada
VTA003606;04/11/2025;FAC-2025-003606;CLI0372;VEN15;SUC03;Marketplace;Tarjeta Débito;Completada
VTA003607;11/07/2026;FAC-2026-003607;CLI0159;VEN05;SUC05;Web;Tarjeta Crédito;Completada
VTA003608;19/07/2026;FAC-2026-003608;CLI0068;VEN18;SUC06;Marketplace;Tarjeta Crédito;Completada
VTA003609;24/05/2025;FAC-2025-003609;CLI0370;VEN13;SUC01;Local;Efectivo;Completada
VTA003610;10/12/2025;FAC-2025-003610;CLI0470;VEN18;SUC06;Venta Telefónica;Tarjeta Débito;Completada
VTA003611;02/01/2025;FAC-2025-003611;CLI0139;VEN15;SUC03;Venta Telefónica;Tarjeta Débito;Completada
VTA003612;15/07/2026;FAC-2026-003612;CLI0573;VEN05;SUC05;WhatsApp;Tarjeta Débito;Completada
VTA003613;15/08/2025;FAC-2025-003613;CLI0390;VEN12;SUC06;Web;Efectivo;Completada
VTA003614;07/04/2025;FAC-2025-003614;CLI0176;VEN17;SUC05;WhatsApp;Financiación Propia;Completada
VTA003615;07/01/2026;FAC-2026-003615;CLI0117;VEN06;SUC06;Web;Tarjeta Crédito;Completada
VTA003616;22/02/2025;FAC-2025-003616;CLI0236;VEN11;SUC05;Web;Tarjeta Crédito;Completada
VTA003617;19/01/2026;FAC-2026-003617;CLI0380;VEN16;SUC04;WhatsApp;Tarjeta Débito;Completada
VTA003618;01/09/2025;FAC-2025-003618;CLI0450;VEN03;SUC03;WhatsApp;Transferencia;Completada
VTA003619;08/12/2025;FAC-2025-003619;CLI0489;VEN01;SUC01;Marketplace;Tarjeta Débito;Cancelada
VTA003620;21/04/2026;FAC-2026-003620;CLI0130;VEN07;SUC01;Local;Efectivo;Completada
VTA003621;04/09/2025;FAC-2025-003621;CLI0049;VEN03;SUC03;WhatsApp;Tarjeta Débito;Completada
VTA003622;20/02/2026;FAC-2026-003622;CLI0335;VEN10;SUC04;Venta Telefónica;Transferencia;Completada
VTA003623;13/01/2025;FAC-2025-003623;CLI0551;VEN05;SUC05;Web;Tarjeta Crédito;Completada
VTA003624;04/02/2026;FAC-2026-003624;CLI0401;VEN10;SUC04;Marketplace;Financiación Propia;Completada
VTA003625;13/08/2025;FAC-2025-003625;CLI0479;VEN11;SUC05;Marketplace;Efectivo;Completada
VTA003626;12/07/2025;FAC-2025-003626;CLI0016;VEN02;SUC02;Local;Transferencia;Completada
VTA003627;25/05/2025;FAC-2025-003627;CLI0458;VEN03;SUC03;Local;Efectivo;Completada
VTA003628;25/02/2025;FAC-2025-003628;CLI0202;VEN05;SUC05;WhatsApp;Financiación Propia;Completada
VTA003629;31/05/2025;FAC-2025-003629;CLI0022;VEN14;SUC02;Marketplace;Efectivo;Completada
VTA003630;25/09/2025;FAC-2025-003630;CLI0260;VEN07;SUC01;Venta Telefónica;Transferencia;Completada
VTA003631;01/08/2025;FAC-2025-003631;CLI0243;VEN06;SUC06;Web;Tarjeta Crédito;Completada
VTA003632;15/11/2025;FAC-2025-003632;CLI0174;VEN18;SUC06;Marketplace;Tarjeta Débito;Completada
VTA003633;22/10/2025;FAC-2025-003633;CLI0065;VEN07;SUC01;Venta Telefónica;Transferencia;Completada
VTA003634;30/06/2026;FAC-2026-003634;CLI0368;VEN03;SUC03;Venta Telefónica;Tarjeta Crédito;Pendiente
VTA003635;30/07/2025;FAC-2025-003635;CLI0475;VEN18;SUC06;Web;Efectivo;Completada
VTA003636;23/11/2025;FAC-2025-003636;CLI0323;VEN16;SUC04;Venta Telefónica;Financiación Propia;Pendiente
VTA003637;05/07/2025;FAC-2025-003637;CLI0134;VEN10;SUC04;Venta Telefónica;Efectivo;Completada
VTA003638;01/05/2025;FAC-2025-003638;CLI0140;VEN15;SUC03;WhatsApp;Tarjeta Débito;Cancelada
VTA003639;22/07/2026;FAC-2026-003639;CLI0242;VEN07;SUC01;Venta Telefónica;Financiación Propia;Completada
VTA003640;10/08/2025;FAC-2025-003640;CLI0015;VEN13;SUC01;Web;Efectivo;Pendiente
VTA003641;05/11/2025;FAC-2025-003641;CLI0559;VEN10;SUC04;Venta Telefónica;Tarjeta Débito;Completada
VTA003642;10/07/2026;FAC-2026-003642;CLI0518;VEN09;SUC03;Web;Financiación Propia;Completada
VTA003643;18/01/2025;FAC-2025-003643;CLI0011;VEN07;SUC01;Local;Tarjeta Crédito;Completada
VTA003644;20/01/2026;FAC-2026-003644;CLI0158;VEN18;SUC06;WhatsApp;Financiación Propia;Completada
VTA003645;19/08/2025;FAC-2025-003645;CLI0174;VEN16;SUC04;WhatsApp;Tarjeta Crédito;Completada
VTA003646;24/07/2026;FAC-2026-003646;CLI0002;VEN15;SUC03;Marketplace;Tarjeta Crédito;Completada
VTA003647;07/02/2026;FAC-2026-003647;CLI0167;VEN09;SUC03;Local;Tarjeta Crédito;Completada
VTA003648;09/07/2025;FAC-2025-003648;CLI0356;VEN18;SUC06;Venta Telefónica;Efectivo;Completada
VTA003649;21/09/2025;FAC-2025-003649;CLI0167;VEN11;SUC05;WhatsApp;Efectivo;Completada
VTA003650;02/04/2025;FAC-2025-003650;CLI0259;VEN12;SUC06;WhatsApp;Tarjeta Débito;Completada
VTA003651;06/01/2025;FAC-2025-003651;CLI0386;VEN17;SUC05;Local;Transferencia;Completada
VTA003652;12/04/2026;FAC-2026-003652;CLI0146;VEN02;SUC02;Marketplace;Financiación Propia;Completada
VTA003653;22/03/2026;FAC-2026-003653;CLI0325;VEN17;SUC05;Local;Tarjeta Débito;Completada
VTA003654;05/10/2025;FAC-2025-003654;CLI0150;VEN10;SUC04;Web;Transferencia;Completada
VTA003655;20/03/2026;FAC-2026-003655;CLI0021;VEN15;SUC03;Venta Telefónica;Tarjeta Débito;Completada
VTA003656;12/03/2026;FAC-2026-003656;CLI0219;VEN10;SUC04;Marketplace;Tarjeta Crédito;Completada
VTA003657;12/03/2026;FAC-2026-003657;CLI0372;VEN18;SUC06;Local;Transferencia;Completada
VTA003658;11/07/2025;FAC-2025-003658;CLI0038;VEN14;SUC02;Marketplace;Financiación Propia;Completada
VTA003659;02/11/2025;FAC-2025-003659;CLI0566;VEN01;SUC01;Marketplace;Efectivo;Completada
VTA003660;04/04/2025;FAC-2025-003660;CLI0477;VEN08;SUC02;Web;Efectivo;Completada
VTA003661;27/12/2025;FAC-2025-003661;CLI0241;VEN06;SUC06;Local;Tarjeta Débito;Completada
VTA003662;18/06/2025;FAC-2025-003662;CLI0474;VEN13;SUC01;Web;Efectivo;Completada
VTA003663;12/07/2025;FAC-2025-003663;CLI0338;VEN11;SUC05;Venta Telefónica;Financiación Propia;Completada
VTA003664;08/03/2025;FAC-2025-003664;CLI0471;VEN10;SUC04;Marketplace;Efectivo;Completada
VTA003665;08/11/2025;FAC-2025-003665;CLI0379;VEN08;SUC02;Web;Transferencia;Completada
VTA003666;23/10/2025;FAC-2025-003666;CLI0182;VEN05;SUC05;Local;Tarjeta Débito;Completada
VTA003667;23/06/2025;FAC-2025-003667;CLI0222;VEN05;SUC05;Web;Tarjeta Crédito;Completada
VTA003668;17/02/2025;FAC-2025-003668;CLI0176;VEN03;SUC03;Web;Tarjeta Débito;Completada
VTA003669;03/05/2026;FAC-2026-003669;CLI0091;VEN11;SUC05;Local;Efectivo;Completada
VTA003670;16/07/2025;FAC-2025-003670;CLI0215;VEN01;SUC01;WhatsApp;Efectivo;Completada
VTA003671;15/01/2025;FAC-2025-003671;CLI0110;VEN14;SUC02;WhatsApp;Tarjeta Crédito;Completada
VTA003672;11/01/2026;FAC-2026-003672;CLI0191;VEN10;SUC04;Venta Telefónica;Financiación Propia;Completada
VTA003673;15/01/2025;FAC-2025-003673;CLI0176;VEN16;SUC04;Venta Telefónica;Tarjeta Crédito;Completada
VTA003674;10/05/2026;FAC-2026-003674;CLI0031;VEN05;SUC05;Marketplace;Financiación Propia;Completada
VTA003675;11/12/2025;FAC-2025-003675;CLI0013;VEN03;SUC03;Local;Financiación Propia;Completada
VTA003676;02/12/2025;FAC-2025-003676;CLI0030;VEN09;SUC03;Marketplace;Tarjeta Débito;Completada
VTA003677;05/05/2026;FAC-2026-003677;CLI0474;VEN09;SUC03;Web;Tarjeta Crédito;Completada
VTA003678;25/11/2025;FAC-2025-003678;CLI0158;VEN13;SUC01;Marketplace;Tarjeta Crédito;Completada
VTA003679;24/12/2025;FAC-2025-003679;CLI0263;VEN09;SUC03;Local;Efectivo;Cancelada
VTA003680;09/02/2026;FAC-2026-003680;CLI0468;VEN15;SUC03;Venta Telefónica;Tarjeta Crédito;Completada
VTA003681;24/08/2025;FAC-2025-003681;CLI0282;VEN07;SUC01;Venta Telefónica;Tarjeta Crédito;Completada
VTA003682;22/04/2026;FAC-2026-003682;CLI0390;VEN15;SUC03;Venta Telefónica;Financiación Propia;Completada
VTA003683;01/02/2025;FAC-2025-003683;CLI0459;VEN01;SUC01;Local;Transferencia;Completada
VTA003684;04/03/2026;FAC-2026-003684;CLI0430;VEN12;SUC06;Marketplace;Transferencia;Completada
VTA003685;06/05/2025;FAC-2025-003685;CLI0504;VEN08;SUC02;Local;Financiación Propia;Completada
VTA003686;17/02/2026;FAC-2026-003686;CLI0572;VEN01;SUC01;Web;Transferencia;Completada
VTA003687;25/09/2025;FAC-2025-003687;CLI0565;VEN05;SUC05;Marketplace;Transferencia;Completada
VTA003688;24/11/2025;FAC-2025-003688;CLI0076;VEN18;SUC06;Local;Tarjeta Crédito;Completada
VTA003689;14/01/2026;FAC-2026-003689;CLI0520;VEN01;SUC01;WhatsApp;Transferencia;Completada
VTA003690;01/07/2025;FAC-2025-003690;CLI0511;VEN07;SUC01;Web;Financiación Propia;Completada
VTA003691;22/03/2026;FAC-2026-003691;CLI0419;VEN16;SUC04;WhatsApp;Transferencia;Completada
VTA003692;30/12/2025;FAC-2025-003692;CLI0223;VEN11;SUC05;Local;Transferencia;Completada
VTA003693;24/05/2025;FAC-2025-003693;CLI0014;VEN07;SUC01;WhatsApp;Transferencia;Completada
VTA003694;18/01/2025;FAC-2025-003694;CLI0357;VEN13;SUC01;WhatsApp;Efectivo;Completada
VTA003695;28/06/2026;FAC-2026-003695;CLI0501;VEN14;SUC02;Marketplace;Transferencia;Completada
VTA003696;23/11/2025;FAC-2025-003696;CLI0224;VEN04;SUC04;Marketplace;Tarjeta Crédito;Completada
VTA003697;11/11/2025;FAC-2025-003697;CLI0464;VEN17;SUC05;Venta Telefónica;Financiación Propia;Completada
VTA003698;08/01/2026;FAC-2026-003698;CLI0449;VEN12;SUC06;WhatsApp;Financiación Propia;Completada
VTA003699;21/08/2025;FAC-2025-003699;CLI0109;VEN10;SUC04;Local;Tarjeta Débito;Completada
VTA003700;06/03/2025;FAC-2025-003700;CLI0332;VEN02;SUC02;WhatsApp;Tarjeta Débito;Completada
VTA003701;11/07/2026;FAC-2026-003701;CLI0218;VEN08;SUC02;Web;Transferencia;Completada
VTA003702;13/02/2025;FAC-2025-003702;CLI0163;VEN04;SUC04;Local;Financiación Propia;Completada
VTA003703;30/06/2026;FAC-2026-003703;CLI0518;VEN10;SUC04;Venta Telefónica;Efectivo;Completada
VTA003704;15/08/2025;FAC-2025-003704;CLI0471;VEN08;SUC02;Local;Transferencia;Completada
VTA003705;16/09/2025;FAC-2025-003705;CLI0159;VEN06;SUC06;Marketplace;Tarjeta Débito;Completada
VTA003706;16/11/2025;FAC-2025-003706;CLI0140;VEN11;SUC05;Local;Efectivo;Completada
VTA003707;01/06/2026;FAC-2026-003707;CLI0203;VEN03;SUC03;Marketplace;Efectivo;Completada
VTA003708;19/07/2026;FAC-2026-003708;CLI0212;VEN06;SUC06;Venta Telefónica;Financiación Propia;Completada
VTA003709;16/01/2026;FAC-2026-003709;CLI0077;VEN12;SUC06;Local;Efectivo;Completada
VTA003710;26/06/2025;FAC-2025-003710;CLI0275;VEN06;SUC06;WhatsApp;Financiación Propia;Completada
VTA003711;11/02/2025;FAC-2025-003711;CLI0391;VEN18;SUC06;Local;Transferencia;Completada
VTA003712;13/08/2025;FAC-2025-003712;CLI0234;VEN09;SUC03;WhatsApp;Tarjeta Crédito;Completada
VTA003713;13/02/2026;FAC-2026-003713;CLI0045;VEN09;SUC03;Venta Telefónica;Financiación Propia;Completada
VTA003714;18/07/2026;FAC-2026-003714;CLI0349;VEN05;SUC05;Venta Telefónica;Tarjeta Débito;Completada
VTA003715;25/01/2026;FAC-2026-003715;CLI0505;VEN01;SUC01;Venta Telefónica;Tarjeta Crédito;Completada
VTA003716;10/12/2025;FAC-2025-003716;CLI0465;VEN13;SUC01;Web;Efectivo;Completada
VTA003717;11/07/2026;FAC-2026-003717;CLI0560;VEN02;SUC02;Web;Tarjeta Crédito;Completada
VTA003718;30/06/2026;FAC-2026-003718;CLI0527;VEN06;SUC06;Venta Telefónica;Tarjeta Débito;Completada
VTA003719;04/04/2026;FAC-2026-003719;CLI0123;VEN18;SUC06;WhatsApp;Financiación Propia;Completada
VTA003720;04/05/2026;FAC-2026-003720;CLI0258;VEN02;SUC02;Web;Tarjeta Crédito;Completada
VTA003721;24/03/2026;FAC-2026-003721;CLI0509;VEN06;SUC06;WhatsApp;Tarjeta Crédito;Completada
VTA003722;12/04/2025;FAC-2025-003722;CLI0488;VEN11;SUC05;Web;Transferencia;Completada
VTA003723;24/02/2025;FAC-2025-003723;CLI0424;VEN04;SUC04;WhatsApp;Financiación Propia;Completada
VTA003724;23/12/2025;FAC-2025-003724;CLI0378;VEN11;SUC05;WhatsApp;Tarjeta Débito;Completada
VTA003725;28/02/2025;FAC-2025-003725;CLI0158;VEN08;SUC02;Local;Financiación Propia;Completada
VTA003726;01/05/2026;FAC-2026-003726;CLI0467;VEN17;SUC05;WhatsApp;Transferencia;Completada
VTA003727;15/12/2025;FAC-2025-003727;CLI0007;VEN14;SUC02;Venta Telefónica;Efectivo;Completada
VTA003728;30/12/2025;FAC-2025-003728;CLI0231;VEN12;SUC06;Web;Financiación Propia;Completada
VTA003729;17/04/2026;FAC-2026-003729;CLI0128;VEN17;SUC05;Venta Telefónica;Efectivo;Completada
VTA003730;02/09/2025;FAC-2025-003730;CLI0317;VEN05;SUC05;Venta Telefónica;Financiación Propia;Completada
VTA003731;29/03/2026;FAC-2026-003731;CLI0444;VEN03;SUC03;Marketplace;Financiación Propia;Completada
VTA003732;11/01/2025;FAC-2025-003732;CLI0231;VEN01;SUC01;Local;Financiación Propia;Completada
VTA003733;15/04/2025;FAC-2025-003733;CLI0511;VEN14;SUC02;Venta Telefónica;Financiación Propia;Completada
VTA003734;31/03/2025;FAC-2025-003734;CLI0081;VEN10;SUC04;Marketplace;Financiación Propia;Completada
VTA003735;06/06/2026;FAC-2026-003735;CLI0209;VEN08;SUC02;Web;Efectivo;Completada
VTA003736;01/03/2026;FAC-2026-003736;CLI0393;VEN11;SUC05;WhatsApp;Transferencia;Completada
VTA003737;05/03/2026;FAC-2026-003737;CLI0466;VEN02;SUC02;Marketplace;Transferencia;Completada
VTA003738;29/08/2025;FAC-2025-003738;CLI0421;VEN16;SUC04;Venta Telefónica;Efectivo;Completada
VTA003739;20/01/2026;FAC-2026-003739;CLI0060;VEN10;SUC04;WhatsApp;Financiación Propia;Completada
VTA003740;21/02/2025;FAC-2025-003740;CLI0133;VEN12;SUC06;Web;Financiación Propia;Completada
VTA003741;11/10/2025;FAC-2025-003741;CLI0079;VEN10;SUC04;Venta Telefónica;Transferencia;Completada
VTA003742;15/08/2025;FAC-2025-003742;CLI0590;VEN12;SUC06;Marketplace;Transferencia;Completada
VTA003743;11/01/2025;FAC-2025-003743;CLI0388;VEN12;SUC06;WhatsApp;Tarjeta Crédito;Completada
VTA003744;18/06/2026;FAC-2026-003744;CLI0353;VEN14;SUC02;Web;Efectivo;Completada
VTA003745;01/10/2025;FAC-2025-003745;CLI0420;VEN05;SUC05;Marketplace;Efectivo;Completada
VTA003746;23/06/2026;FAC-2026-003746;CLI0111;VEN02;SUC02;Web;Efectivo;Completada
VTA003747;01/10/2025;FAC-2025-003747;CLI0109;VEN17;SUC05;Local;Financiación Propia;Completada
VTA003748;05/06/2026;FAC-2026-003748;CLI0559;VEN10;SUC04;Local;Tarjeta Débito;Completada
VTA003749;13/02/2025;FAC-2025-003749;CLI0116;VEN09;SUC03;WhatsApp;Efectivo;Completada
VTA003750;11/08/2025;FAC-2025-003750;CLI0596;VEN13;SUC01;Web;Transferencia;Completada
VTA003751;08/01/2025;FAC-2025-003751;CLI0179;VEN05;SUC05;WhatsApp;Transferencia;Completada
VTA003752;13/05/2026;FAC-2026-003752;CLI0595;VEN01;SUC01;Marketplace;Tarjeta Crédito;Completada
VTA003753;06/02/2026;FAC-2026-003753;CLI0431;VEN10;SUC04;Local;Tarjeta Crédito;Completada
VTA003754;03/04/2026;FAC-2026-003754;CLI0132;VEN04;SUC04;Local;Tarjeta Crédito;Completada
VTA003755;06/03/2025;FAC-2025-003755;CLI0442;VEN17;SUC05;Marketplace;Efectivo;Completada
VTA003756;11/08/2025;FAC-2025-003756;CLI0326;VEN04;SUC04;Venta Telefónica;Tarjeta Débito;Completada
VTA003757;17/08/2025;FAC-2025-003757;CLI0346;VEN05;SUC05;Marketplace;Financiación Propia;Completada
VTA003758;16/05/2026;FAC-2026-003758;CLI0172;VEN07;SUC01;Marketplace;Transferencia;Completada
VTA003759;20/12/2025;FAC-2025-003759;CLI0179;VEN13;SUC01;Web;Transferencia;Completada
VTA003760;23/08/2025;FAC-2025-003760;CLI0455;VEN09;SUC03;Local;Tarjeta Crédito;Completada
VTA003761;12/11/2025;FAC-2025-003761;CLI0216;VEN16;SUC04;Venta Telefónica;Tarjeta Débito;Cancelada
VTA003762;01/06/2026;FAC-2026-003762;CLI0261;VEN16;SUC04;WhatsApp;Transferencia;Completada
VTA003763;05/02/2026;FAC-2026-003763;CLI0551;VEN13;SUC01;Web;Tarjeta Crédito;Completada
VTA003764;18/11/2025;FAC-2025-003764;CLI0405;VEN06;SUC06;Marketplace;Tarjeta Crédito;Completada
VTA003765;29/07/2026;FAC-2026-003765;CLI0178;VEN06;SUC06;Venta Telefónica;Efectivo;Completada
VTA003766;10/07/2026;FAC-2026-003766;CLI0454;VEN12;SUC06;Marketplace;Tarjeta Crédito;Completada
VTA003767;27/09/2025;FAC-2025-003767;CLI0063;VEN11;SUC05;Web;Tarjeta Débito;Completada
VTA003768;28/06/2026;FAC-2026-003768;CLI0453;VEN10;SUC04;Venta Telefónica;Tarjeta Débito;Completada
VTA003769;23/10/2025;FAC-2025-003769;CLI0465;VEN12;SUC06;WhatsApp;Tarjeta Crédito;Completada
VTA003770;21/06/2025;FAC-2025-003770;CLI0203;VEN14;SUC02;Local;Financiación Propia;Completada
VTA003771;18/03/2026;FAC-2026-003771;CLI0093;VEN04;SUC04;Marketplace;Tarjeta Débito;Completada
VTA003772;27/07/2026;FAC-2026-003772;CLI0106;VEN07;SUC01;Venta Telefónica;Financiación Propia;Completada
VTA003773;11/05/2026;FAC-2026-003773;CLI0598;VEN14;SUC02;WhatsApp;Efectivo;Completada
VTA003774;19/01/2025;FAC-2025-003774;CLI0426;VEN15;SUC03;Marketplace;Efectivo;Completada
VTA003775;22/04/2025;FAC-2025-003775;CLI0256;VEN04;SUC04;Venta Telefónica;Tarjeta Débito;Completada
VTA003776;20/01/2026;FAC-2026-003776;CLI0380;VEN08;SUC02;Local;Tarjeta Crédito;Completada
VTA003777;20/09/2025;FAC-2025-003777;CLI0101;VEN08;SUC02;Venta Telefónica;Tarjeta Crédito;Completada
VTA003778;25/07/2026;FAC-2026-003778;CLI0445;VEN10;SUC04;Web;Financiación Propia;Completada
VTA003779;17/02/2026;FAC-2026-003779;CLI0126;VEN11;SUC05;Marketplace;Financiación Propia;Pendiente
VTA003780;19/03/2026;FAC-2026-003780;CLI0059;VEN08;SUC02;Local;Tarjeta Débito;Completada
VTA003781;19/10/2025;FAC-2025-003781;CLI0004;VEN11;SUC05;Marketplace;Efectivo;Completada
VTA003782;07/07/2025;FAC-2025-003782;CLI0125;VEN05;SUC05;Web;Efectivo;Completada
VTA003783;23/06/2026;FAC-2026-003783;CLI0511;VEN12;SUC06;Venta Telefónica;Tarjeta Crédito;Pendiente
VTA003784;15/01/2026;FAC-2026-003784;CLI0213;VEN18;SUC06;Local;Efectivo;Completada
VTA003785;18/02/2025;FAC-2025-003785;CLI0044;VEN11;SUC05;WhatsApp;Tarjeta Crédito;Completada
VTA003786;16/09/2025;FAC-2025-003786;CLI0541;VEN14;SUC02;Venta Telefónica;Transferencia;Completada
VTA003787;30/07/2026;FAC-2026-003787;CLI0024;VEN15;SUC03;Web;Financiación Propia;Completada
VTA003788;27/07/2025;FAC-2025-003788;CLI0352;VEN18;SUC06;Venta Telefónica;Efectivo;Completada
VTA003789;30/04/2026;FAC-2026-003789;CLI0426;VEN03;SUC03;WhatsApp;Efectivo;Completada
VTA003790;12/11/2025;FAC-2025-003790;CLI0422;VEN05;SUC05;Web;Tarjeta Débito;Completada
VTA003791;29/01/2026;FAC-2026-003791;CLI0504;VEN07;SUC01;Marketplace;Tarjeta Crédito;Completada
VTA003792;25/03/2026;FAC-2026-003792;CLI0281;VEN06;SUC06;WhatsApp;Tarjeta Crédito;Completada
VTA003793;08/09/2025;FAC-2025-003793;CLI0213;VEN18;SUC06;Web;Transferencia;Completada
VTA003794;07/02/2026;FAC-2026-003794;CLI0576;VEN01;SUC01;Venta Telefónica;Financiación Propia;Completada
VTA003795;01/04/2026;FAC-2026-003795;CLI0222;VEN16;SUC04;Local;Financiación Propia;Completada
VTA003796;17/05/2025;FAC-2025-003796;CLI0223;VEN01;SUC01;WhatsApp;Tarjeta Débito;Completada
VTA003797;14/12/2025;FAC-2025-003797;CLI0078;VEN12;SUC06;Local;Tarjeta Débito;Completada
VTA003798;25/10/2025;FAC-2025-003798;CLI0135;VEN12;SUC06;Venta Telefónica;Tarjeta Crédito;Completada
VTA003799;16/03/2026;FAC-2026-003799;CLI0189;VEN08;SUC02;WhatsApp;Tarjeta Crédito;Completada
VTA003800;14/11/2025;FAC-2025-003800;CLI0383;VEN05;SUC05;Local;Tarjeta Débito;Completada
VTA003801;05/12/2025;FAC-2025-003801;CLI0407;VEN03;SUC03;WhatsApp;Tarjeta Débito;Completada
VTA003802;30/05/2026;FAC-2026-003802;CLI0292;VEN10;SUC04;Venta Telefónica;Tarjeta Débito;Completada
VTA003803;21/03/2025;FAC-2025-003803;CLI0440;VEN16;SUC04;WhatsApp;Tarjeta Crédito;Completada
VTA003804;21/07/2025;FAC-2025-003804;CLI0040;VEN14;SUC02;Venta Telefónica;Tarjeta Crédito;Completada
VTA003805;19/04/2025;FAC-2025-003805;CLI0449;VEN10;SUC04;Web;Transferencia;Completada
VTA003806;15/03/2026;FAC-2026-003806;CLI0386;VEN16;SUC04;Local;Tarjeta Débito;Completada
VTA003807;10/07/2026;FAC-2026-003807;CLI0528;VEN17;SUC05;WhatsApp;Transferencia;Completada
VTA003808;09/07/2025;FAC-2025-003808;CLI0420;VEN06;SUC06;Marketplace;Tarjeta Débito;Completada
VTA003809;30/03/2026;FAC-2026-003809;CLI0258;VEN10;SUC04;Marketplace;Tarjeta Débito;Completada
VTA003810;21/09/2025;FAC-2025-003810;CLI0192;VEN09;SUC03;Marketplace;Efectivo;Completada
VTA003811;21/11/2025;FAC-2025-003811;CLI0123;VEN01;SUC01;Web;Tarjeta Crédito;Completada
VTA003812;17/04/2026;FAC-2026-003812;CLI0042;VEN13;SUC01;Venta Telefónica;Financiación Propia;Completada
VTA003813;02/06/2025;FAC-2025-003813;CLI0057;VEN12;SUC06;Local;Financiación Propia;Pendiente
VTA003814;21/11/2025;FAC-2025-003814;CLI0162;VEN02;SUC02;Web;Transferencia;Completada
VTA003815;29/03/2026;FAC-2026-003815;CLI0152;VEN10;SUC04;Marketplace;Tarjeta Débito;Completada
VTA003816;29/04/2025;FAC-2025-003816;CLI0438;VEN15;SUC03;Local;Tarjeta Crédito;Completada
VTA003817;30/03/2025;FAC-2025-003817;CLI0030;VEN01;SUC01;Venta Telefónica;Tarjeta Débito;Completada
VTA003818;19/05/2026;FAC-2026-003818;CLI0119;VEN01;SUC01;Local;Transferencia;Completada
VTA003819;31/07/2025;FAC-2025-003819;CLI0062;VEN05;SUC05;Marketplace;Financiación Propia;Cancelada
VTA003820;28/07/2026;FAC-2026-003820;CLI0296;VEN07;SUC01;Web;Tarjeta Crédito;Completada
VTA003821;13/12/2025;FAC-2025-003821;CLI0405;VEN15;SUC03;Local;Transferencia;Completada
VTA003822;18/10/2025;FAC-2025-003822;CLI0290;VEN01;SUC01;Venta Telefónica;Tarjeta Crédito;Completada
VTA003823;09/08/2025;FAC-2025-003823;CLI0443;VEN01;SUC01;WhatsApp;Financiación Propia;Pendiente
VTA003824;01/10/2025;FAC-2025-003824;CLI0120;VEN10;SUC04;Web;Financiación Propia;Pendiente
VTA003825;08/04/2025;FAC-2025-003825;CLI0431;VEN04;SUC04;Local;Tarjeta Débito;Completada
VTA003826;16/10/2025;FAC-2025-003826;CLI0264;VEN15;SUC03;Marketplace;Tarjeta Crédito;Completada
VTA003827;18/03/2026;FAC-2026-003827;CLI0162;VEN07;SUC01;WhatsApp;Efectivo;Completada
VTA003828;27/11/2025;FAC-2025-003828;CLI0454;VEN03;SUC03;Local;Financiación Propia;Completada
VTA003829;21/01/2025;FAC-2025-003829;CLI0075;VEN17;SUC05;Venta Telefónica;Tarjeta Débito;Completada
VTA003830;31/03/2025;FAC-2025-003830;CLI0264;VEN04;SUC04;Local;Financiación Propia;Completada
VTA003831;23/06/2025;FAC-2025-003831;CLI0392;VEN13;SUC01;Venta Telefónica;Tarjeta Débito;Completada
VTA003832;25/01/2026;FAC-2026-003832;CLI0412;VEN15;SUC03;Venta Telefónica;Efectivo;Completada
VTA003833;25/04/2025;FAC-2025-003833;CLI0407;VEN09;SUC03;Local;Financiación Propia;Completada
VTA003834;23/03/2026;FAC-2026-003834;CLI0540;VEN10;SUC04;Marketplace;Efectivo;Completada
VTA003835;22/03/2025;FAC-2025-003835;CLI0565;VEN01;SUC01;Local;Efectivo;Completada
VTA003836;18/10/2025;FAC-2025-003836;CLI0433;VEN15;SUC03;Web;Tarjeta Débito;Completada
VTA003837;06/05/2026;FAC-2026-003837;CLI0132;VEN13;SUC01;Venta Telefónica;Financiación Propia;Completada
VTA003838;26/04/2025;FAC-2025-003838;CLI0314;VEN17;SUC05;WhatsApp;Financiación Propia;Completada
VTA003839;15/04/2025;FAC-2025-003839;CLI0169;VEN15;SUC03;Marketplace;Tarjeta Crédito;Completada
VTA003840;16/05/2025;FAC-2025-003840;CLI0505;VEN01;SUC01;WhatsApp;Tarjeta Débito;Completada
VTA003841;18/04/2026;FAC-2026-003841;CLI0587;VEN14;SUC02;Local;Financiación Propia;Completada
VTA003842;03/01/2026;FAC-2026-003842;CLI0099;VEN09;SUC03;Local;Efectivo;Completada
VTA003843;21/03/2026;FAC-2026-003843;CLI0320;VEN06;SUC06;Local;Efectivo;Completada
VTA003844;27/07/2025;FAC-2025-003844;CLI0570;VEN11;SUC05;Local;Financiación Propia;Completada
VTA003845;19/08/2025;FAC-2025-003845;CLI0160;VEN14;SUC02;Venta Telefónica;Transferencia;Completada
VTA003846;16/06/2026;FAC-2026-003846;CLI0150;VEN08;SUC02;Venta Telefónica;Efectivo;Completada
VTA003847;28/04/2026;FAC-2026-003847;CLI0103;VEN12;SUC06;Marketplace;Tarjeta Débito;Pendiente
VTA003848;02/07/2025;FAC-2025-003848;CLI0361;VEN11;SUC05;Venta Telefónica;Transferencia;Completada
VTA003849;02/07/2026;FAC-2026-003849;CLI0565;VEN13;SUC01;WhatsApp;Financiación Propia;Completada
VTA003850;27/01/2025;FAC-2025-003850;CLI0133;VEN15;SUC03;Local;Tarjeta Crédito;Completada
VTA003851;27/03/2026;FAC-2026-003851;CLI0551;VEN16;SUC04;WhatsApp;Tarjeta Débito;Completada
VTA003852;03/07/2026;FAC-2026-003852;CLI0113;VEN06;SUC06;Local;Efectivo;Completada
VTA003853;22/01/2026;FAC-2026-003853;CLI0356;VEN09;SUC03;Venta Telefónica;Transferencia;Completada
VTA003854;21/05/2026;FAC-2026-003854;CLI0359;VEN13;SUC01;Marketplace;Tarjeta Crédito;Completada
VTA003855;14/06/2025;FAC-2025-003855;CLI0299;VEN07;SUC01;WhatsApp;Tarjeta Crédito;Completada
VTA003856;08/06/2026;FAC-2026-003856;CLI0321;VEN14;SUC02;Marketplace;Transferencia;Completada
VTA003857;17/10/2025;FAC-2025-003857;CLI0350;VEN06;SUC06;WhatsApp;Transferencia;Completada
VTA003858;07/06/2025;FAC-2025-003858;CLI0437;VEN03;SUC03;WhatsApp;Transferencia;Completada
VTA003859;25/01/2026;FAC-2026-003859;CLI0508;VEN08;SUC02;Local;Financiación Propia;Completada
VTA003860;25/05/2025;FAC-2025-003860;CLI0583;VEN16;SUC04;Local;Efectivo;Completada
VTA003861;13/05/2025;FAC-2025-003861;CLI0001;VEN02;SUC02;Marketplace;Tarjeta Crédito;Completada
VTA003862;24/10/2025;FAC-2025-003862;CLI0165;VEN05;SUC05;Web;Tarjeta Crédito;Completada
VTA003863;27/04/2026;FAC-2026-003863;CLI0038;VEN11;SUC05;Venta Telefónica;Efectivo;Completada
VTA003864;10/01/2026;FAC-2026-003864;CLI0226;VEN12;SUC06;Marketplace;Transferencia;Completada
VTA003865;17/03/2025;FAC-2025-003865;CLI0230;VEN18;SUC06;Venta Telefónica;Tarjeta Crédito;Completada
VTA003866;08/01/2026;FAC-2026-003866;CLI0255;VEN10;SUC04;Marketplace;Efectivo;Completada
VTA003867;29/06/2025;FAC-2025-003867;CLI0277;VEN05;SUC05;Marketplace;Tarjeta Crédito;Completada
VTA003868;08/05/2025;FAC-2025-003868;CLI0278;VEN15;SUC03;Web;Efectivo;Completada
VTA003869;23/12/2025;FAC-2025-003869;CLI0335;VEN07;SUC01;Marketplace;Tarjeta Crédito;Completada
VTA003870;08/10/2025;FAC-2025-003870;CLI0222;VEN10;SUC04;Local;Transferencia;Completada
VTA003871;06/02/2025;FAC-2025-003871;CLI0101;VEN09;SUC03;Venta Telefónica;Tarjeta Crédito;Completada
VTA003872;06/02/2026;FAC-2026-003872;CLI0116;VEN14;SUC02;Local;Financiación Propia;Completada
VTA003873;02/03/2025;FAC-2025-003873;CLI0492;VEN11;SUC05;Local;Tarjeta Crédito;Completada
VTA003874;28/09/2025;FAC-2025-003874;CLI0204;VEN02;SUC02;Local;Transferencia;Completada
VTA003875;19/07/2026;FAC-2026-003875;CLI0114;VEN02;SUC02;Venta Telefónica;Tarjeta Crédito;Completada
VTA003876;27/01/2025;FAC-2025-003876;CLI0522;VEN08;SUC02;Marketplace;Tarjeta Crédito;Completada
VTA003877;21/03/2025;FAC-2025-003877;CLI0440;VEN14;SUC02;Venta Telefónica;Tarjeta Crédito;Completada
VTA003878;29/06/2025;FAC-2025-003878;CLI0123;VEN09;SUC03;Web;Financiación Propia;Completada
VTA003879;24/01/2025;FAC-2025-003879;CLI0208;VEN16;SUC04;WhatsApp;Transferencia;Completada
VTA003880;11/01/2026;FAC-2026-003880;CLI0556;VEN08;SUC02;Venta Telefónica;Efectivo;Pendiente
VTA003881;28/05/2025;FAC-2025-003881;CLI0200;VEN03;SUC03;Local;Transferencia;Completada
VTA003882;05/01/2025;FAC-2025-003882;CLI0163;VEN10;SUC04;Marketplace;Tarjeta Débito;Completada
VTA003883;04/11/2025;FAC-2025-003883;CLI0336;VEN09;SUC03;Local;Tarjeta Crédito;Completada
VTA003884;27/09/2025;FAC-2025-003884;CLI0454;VEN14;SUC02;WhatsApp;Tarjeta Débito;Completada
VTA003885;16/06/2026;FAC-2026-003885;CLI0523;VEN10;SUC04;Web;Tarjeta Débito;Completada
VTA003886;05/04/2026;FAC-2026-003886;CLI0071;VEN06;SUC06;WhatsApp;Transferencia;Completada
VTA003887;22/02/2026;FAC-2026-003887;CLI0367;VEN06;SUC06;WhatsApp;Efectivo;Completada
VTA003888;25/07/2026;FAC-2026-003888;CLI0074;VEN11;SUC05;Marketplace;Efectivo;Completada
VTA003889;22/06/2026;FAC-2026-003889;CLI0384;VEN15;SUC03;Local;Tarjeta Crédito;Completada
VTA003890;20/05/2025;FAC-2025-003890;CLI0255;VEN03;SUC03;WhatsApp;Efectivo;Completada
VTA003891;06/01/2026;FAC-2026-003891;CLI0176;VEN14;SUC02;Marketplace;Financiación Propia;Completada
VTA003892;09/02/2025;FAC-2025-003892;CLI0426;VEN16;SUC04;Local;Transferencia;Completada
VTA003893;09/03/2026;FAC-2026-003893;CLI0427;VEN06;SUC06;Marketplace;Tarjeta Crédito;Completada
VTA003894;01/08/2025;FAC-2025-003894;CLI0206;VEN16;SUC04;Local;Financiación Propia;Completada
VTA003895;03/07/2025;FAC-2025-003895;CLI0588;VEN02;SUC02;Local;Financiación Propia;Cancelada
VTA003896;10/12/2025;FAC-2025-003896;CLI0311;VEN04;SUC04;WhatsApp;Tarjeta Débito;Completada
VTA003897;18/01/2026;FAC-2026-003897;CLI0384;VEN11;SUC05;Venta Telefónica;Efectivo;Completada
VTA003898;27/07/2026;FAC-2026-003898;CLI0222;VEN10;SUC04;Marketplace;Tarjeta Débito;Completada
VTA003899;31/12/2025;FAC-2025-003899;CLI0062;VEN06;SUC06;Web;Transferencia;Completada
VTA003900;07/05/2025;FAC-2025-003900;CLI0548;VEN08;SUC02;Venta Telefónica;Tarjeta Crédito;Cancelada
VTA003901;28/01/2026;FAC-2026-003901;CLI0480;VEN07;SUC01;Venta Telefónica;Tarjeta Crédito;Completada
VTA003902;21/05/2025;FAC-2025-003902;CLI0509;VEN03;SUC03;WhatsApp;Tarjeta Crédito;Completada
VTA003903;18/01/2026;FAC-2026-003903;CLI0316;VEN08;SUC02;Venta Telefónica;Financiación Propia;Completada
VTA003904;07/07/2026;FAC-2026-003904;CLI0125;VEN10;SUC04;Venta Telefónica;Financiación Propia;Completada
VTA003905;30/03/2025;FAC-2025-003905;CLI0338;VEN11;SUC05;Marketplace;Tarjeta Crédito;Completada
VTA003906;21/03/2025;FAC-2025-003906;CLI0444;VEN02;SUC02;Marketplace;Tarjeta Crédito;Completada
VTA003907;12/01/2026;FAC-2026-003907;CLI0309;VEN08;SUC02;Marketplace;Financiación Propia;Completada
VTA003908;04/11/2025;FAC-2025-003908;CLI0087;VEN18;SUC06;WhatsApp;Efectivo;Completada
VTA003909;23/05/2025;FAC-2025-003909;CLI0009;VEN16;SUC04;Local;Financiación Propia;Completada
VTA003910;06/12/2025;FAC-2025-003910;CLI0462;VEN01;SUC01;Local;Tarjeta Crédito;Completada
VTA003911;19/01/2026;FAC-2026-003911;CLI0059;VEN03;SUC03;WhatsApp;Efectivo;Completada
VTA003912;20/02/2025;FAC-2025-003912;CLI0221;VEN13;SUC01;Local;Efectivo;Completada
VTA003913;04/02/2025;FAC-2025-003913;CLI0428;VEN17;SUC05;WhatsApp;Transferencia;Cancelada
VTA003914;22/01/2026;FAC-2026-003914;CLI0096;VEN13;SUC01;Local;Transferencia;Completada
VTA003915;01/08/2025;FAC-2025-003915;CLI0472;VEN12;SUC06;Local;Financiación Propia;Completada
VTA003916;11/02/2026;FAC-2026-003916;CLI0597;VEN01;SUC01;Venta Telefónica;Tarjeta Crédito;Completada
VTA003917;28/01/2025;FAC-2025-003917;CLI0209;VEN09;SUC03;WhatsApp;Tarjeta Crédito;Completada
VTA003918;12/03/2025;FAC-2025-003918;CLI0589;VEN10;SUC04;Venta Telefónica;Efectivo;Completada
VTA003919;12/03/2025;FAC-2025-003919;CLI0120;VEN18;SUC06;WhatsApp;Efectivo;Completada
VTA003920;02/04/2025;FAC-2025-003920;CLI0540;VEN15;SUC03;WhatsApp;Efectivo;Completada
VTA003921;24/03/2025;FAC-2025-003921;CLI0220;VEN09;SUC03;WhatsApp;Efectivo;Completada
VTA003922;19/05/2026;FAC-2026-003922;CLI0278;VEN05;SUC05;Venta Telefónica;Financiación Propia;Completada
VTA003923;03/05/2026;FAC-2026-003923;CLI0377;VEN06;SUC06;Venta Telefónica;Tarjeta Débito;Completada
VTA003924;24/07/2026;FAC-2026-003924;CLI0062;VEN03;SUC03;Web;Tarjeta Débito;Completada
VTA003925;26/04/2025;FAC-2025-003925;CLI0198;VEN06;SUC06;Marketplace;Financiación Propia;Completada
VTA003926;18/02/2026;FAC-2026-003926;CLI0450;VEN06;SUC06;Marketplace;Tarjeta Crédito;Completada
VTA003927;18/03/2025;FAC-2025-003927;CLI0586;VEN07;SUC01;Local;Transferencia;Completada
VTA003928;11/08/2025;FAC-2025-003928;CLI0381;VEN07;SUC01;Web;Tarjeta Crédito;Completada
VTA003929;19/06/2025;FAC-2025-003929;CLI0252;VEN15;SUC03;WhatsApp;Tarjeta Débito;Completada
VTA003930;06/04/2026;FAC-2026-003930;CLI0078;VEN13;SUC01;WhatsApp;Tarjeta Crédito;Completada
VTA003931;14/07/2025;FAC-2025-003931;CLI0418;VEN09;SUC03;WhatsApp;Transferencia;Completada
VTA003932;05/11/2025;FAC-2025-003932;CLI0309;VEN07;SUC01;Marketplace;Efectivo;Completada
VTA003933;06/06/2025;FAC-2025-003933;CLI0525;VEN12;SUC06;Local;Tarjeta Débito;Completada
VTA003934;17/06/2026;FAC-2026-003934;CLI0469;VEN01;SUC01;Local;Efectivo;Completada
VTA003935;05/04/2025;FAC-2025-003935;CLI0433;VEN04;SUC04;Venta Telefónica;Efectivo;Completada
VTA003936;10/06/2026;FAC-2026-003936;CLI0421;VEN02;SUC02;Local;Financiación Propia;Completada
VTA003937;24/01/2026;FAC-2026-003937;CLI0131;VEN17;SUC05;WhatsApp;Transferencia;Completada
VTA003938;11/10/2025;FAC-2025-003938;CLI0219;VEN13;SUC01;Local;Tarjeta Débito;Completada
VTA003939;11/05/2025;FAC-2025-003939;CLI0242;VEN16;SUC04;Venta Telefónica;Financiación Propia;Completada
VTA003940;17/11/2025;FAC-2025-003940;CLI0564;VEN06;SUC06;Local;Financiación Propia;Completada
VTA003941;07/01/2025;FAC-2025-003941;CLI0226;VEN16;SUC04;Marketplace;Efectivo;Completada
VTA003942;28/11/2025;FAC-2025-003942;CLI0013;VEN01;SUC01;Web;Financiación Propia;Completada
VTA003943;17/05/2025;FAC-2025-003943;CLI0119;VEN11;SUC05;Venta Telefónica;Efectivo;Completada
VTA003944;06/09/2025;FAC-2025-003944;CLI0130;VEN05;SUC05;Web;Transferencia;Completada
VTA003945;08/12/2025;FAC-2025-003945;CLI0579;VEN02;SUC02;WhatsApp;Efectivo;Completada
VTA003946;07/09/2025;FAC-2025-003946;CLI0135;VEN15;SUC03;Web;Tarjeta Débito;Completada
VTA003947;13/07/2025;FAC-2025-003947;CLI0109;VEN02;SUC02;Marketplace;Tarjeta Débito;Completada
VTA003948;28/11/2025;FAC-2025-003948;CLI0124;VEN16;SUC04;Web;Transferencia;Completada
VTA003949;07/07/2025;FAC-2025-003949;CLI0303;VEN14;SUC02;WhatsApp;Financiación Propia;Completada
VTA003950;07/04/2026;FAC-2026-003950;CLI0086;VEN14;SUC02;Marketplace;Transferencia;Completada
VTA003951;22/07/2025;FAC-2025-003951;CLI0506;VEN14;SUC02;Local;Tarjeta Crédito;Completada
VTA003952;07/07/2025;FAC-2025-003952;CLI0117;VEN18;SUC06;Marketplace;Transferencia;Completada
VTA003953;03/10/2025;FAC-2025-003953;CLI0385;VEN18;SUC06;Venta Telefónica;Financiación Propia;Completada
VTA003954;16/08/2025;FAC-2025-003954;CLI0021;VEN17;SUC05;WhatsApp;Tarjeta Débito;Completada
VTA003955;11/09/2025;FAC-2025-003955;CLI0097;VEN02;SUC02;Web;Tarjeta Débito;Completada
VTA003956;01/02/2025;FAC-2025-003956;CLI0553;VEN11;SUC05;Local;Tarjeta Crédito;Cancelada
VTA003957;04/09/2025;FAC-2025-003957;CLI0507;VEN11;SUC05;Marketplace;Tarjeta Débito;Completada
VTA003958;29/11/2025;FAC-2025-003958;CLI0458;VEN17;SUC05;Marketplace;Tarjeta Crédito;Completada
VTA003959;02/05/2026;FAC-2026-003959;CLI0300;VEN09;SUC03;Local;Efectivo;Completada
VTA003960;07/01/2025;FAC-2025-003960;CLI0569;VEN15;SUC03;Local;Tarjeta Crédito;Completada
VTA003961;31/03/2025;FAC-2025-003961;CLI0429;VEN03;SUC03;Web;Efectivo;Completada
VTA003962;23/05/2025;FAC-2025-003962;CLI0207;VEN15;SUC03;Venta Telefónica;Tarjeta Crédito;Completada
VTA003963;23/12/2025;FAC-2025-003963;CLI0291;VEN17;SUC05;Marketplace;Tarjeta Débito;Completada
VTA003964;26/07/2025;FAC-2025-003964;CLI0505;VEN02;SUC02;WhatsApp;Financiación Propia;Completada
VTA003965;01/09/2025;FAC-2025-003965;CLI0426;VEN01;SUC01;Marketplace;Tarjeta Débito;Completada
VTA003966;24/04/2026;FAC-2026-003966;CLI0463;VEN05;SUC05;WhatsApp;Financiación Propia;Completada
VTA003967;26/05/2025;FAC-2025-003967;CLI0198;VEN12;SUC06;Venta Telefónica;Financiación Propia;Completada
VTA003968;18/08/2025;FAC-2025-003968;CLI0341;VEN18;SUC06;Web;Efectivo;Completada
VTA003969;27/01/2025;FAC-2025-003969;CLI0278;VEN08;SUC02;Marketplace;Tarjeta Crédito;Completada
VTA003970;16/05/2026;FAC-2026-003970;CLI0493;VEN15;SUC03;Marketplace;Transferencia;Completada
VTA003971;18/06/2025;FAC-2025-003971;CLI0497;VEN14;SUC02;Venta Telefónica;Transferencia;Completada
VTA003972;15/03/2025;FAC-2025-003972;CLI0472;VEN13;SUC01;Marketplace;Efectivo;Completada
VTA003973;14/06/2026;FAC-2026-003973;CLI0227;VEN09;SUC03;Venta Telefónica;Transferencia;Completada
VTA003974;22/04/2025;FAC-2025-003974;CLI0403;VEN09;SUC03;Web;Tarjeta Débito;Completada
VTA003975;24/02/2025;FAC-2025-003975;CLI0501;VEN04;SUC04;Web;Tarjeta Débito;Completada
VTA003976;17/05/2026;FAC-2026-003976;CLI0101;VEN17;SUC05;Venta Telefónica;Financiación Propia;Completada
VTA003977;15/02/2026;FAC-2026-003977;CLI0339;VEN05;SUC05;Local;Efectivo;Completada
VTA003978;26/06/2025;FAC-2025-003978;CLI0281;VEN17;SUC05;Local;Financiación Propia;Completada
VTA003979;24/01/2026;FAC-2026-003979;CLI0533;VEN15;SUC03;Marketplace;Financiación Propia;Completada
VTA003980;31/01/2026;FAC-2026-003980;CLI0367;VEN03;SUC03;WhatsApp;Tarjeta Débito;Pendiente
VTA003981;28/02/2026;FAC-2026-003981;CLI0039;VEN03;SUC03;Venta Telefónica;Tarjeta Crédito;Completada
VTA003982;21/07/2025;FAC-2025-003982;CLI0172;VEN09;SUC03;Marketplace;Financiación Propia;Completada
VTA003983;18/02/2025;FAC-2025-003983;CLI0271;VEN02;SUC02;WhatsApp;Financiación Propia;Completada
VTA003984;27/04/2026;FAC-2026-003984;CLI0511;VEN05;SUC05;WhatsApp;Tarjeta Crédito;Completada
VTA003985;08/04/2026;FAC-2026-003985;CLI0283;VEN07;SUC01;WhatsApp;Financiación Propia;Completada
VTA003986;09/10/2025;FAC-2025-003986;CLI0436;VEN07;SUC01;WhatsApp;Tarjeta Débito;Completada
VTA003987;04/05/2025;FAC-2025-003987;CLI0377;VEN18;SUC06;Web;Transferencia;Completada
VTA003988;17/12/2025;FAC-2025-003988;CLI0169;VEN15;SUC03;Venta Telefónica;Tarjeta Débito;Completada
VTA003989;23/01/2026;FAC-2026-003989;CLI0275;VEN16;SUC04;Local;Efectivo;Completada
VTA003990;12/07/2025;FAC-2025-003990;CLI0550;VEN11;SUC05;Marketplace;Transferencia;Completada
VTA003991;27/05/2026;FAC-2026-003991;CLI0101;VEN18;SUC06;Venta Telefónica;Efectivo;Completada
VTA003992;21/01/2026;FAC-2026-003992;CLI0093;VEN05;SUC05;WhatsApp;Tarjeta Débito;Completada
VTA003993;01/11/2025;FAC-2025-003993;CLI0090;VEN01;SUC01;Local;Tarjeta Débito;Completada
VTA003994;08/01/2026;FAC-2026-003994;CLI0190;VEN18;SUC06;Marketplace;Transferencia;Completada
VTA003995;16/07/2026;FAC-2026-003995;CLI0046;VEN01;SUC01;Local;Efectivo;Completada
VTA003996;02/07/2025;FAC-2025-003996;CLI0163;VEN17;SUC05;Web;Financiación Propia;Completada
VTA003997;08/12/2025;FAC-2025-003997;CLI0118;VEN05;SUC05;Web;Tarjeta Crédito;Completada
VTA003998;10/12/2025;FAC-2025-003998;CLI0097;VEN05;SUC05;Local;Efectivo;Completada
VTA003999;28/03/2026;FAC-2026-003999;CLI0494;VEN05;SUC05;Local;Transferencia;Completada
VTA004000;07/06/2026;FAC-2026-004000;CLI0510;VEN11;SUC05;WhatsApp;Tarjeta Débito;Completada
VTA004001;14/07/2025;FAC-2025-004001;CLI0224;VEN16;SUC04;Venta Telefónica;Tarjeta Débito;Completada
VTA004002;17/07/2025;FAC-2025-004002;CLI0143;VEN03;SUC03;Local;Efectivo;Completada
VTA004003;11/05/2025;FAC-2025-004003;CLI0243;VEN03;SUC03;Marketplace;Transferencia;Completada
VTA004004;27/06/2025;FAC-2025-004004;CLI0262;VEN01;SUC01;Venta Telefónica;Tarjeta Crédito;Completada
VTA004005;18/06/2025;FAC-2025-004005;CLI0561;VEN01;SUC01;Venta Telefónica;Efectivo;Completada
VTA004006;08/07/2025;FAC-2025-004006;CLI0576;VEN13;SUC01;Local;Efectivo;Pendiente
VTA004007;22/07/2026;FAC-2026-004007;CLI0066;VEN12;SUC06;Marketplace;Efectivo;Completada
VTA004008;29/10/2025;FAC-2025-004008;CLI0337;VEN03;SUC03;Venta Telefónica;Tarjeta Crédito;Completada
VTA004009;14/05/2026;FAC-2026-004009;CLI0371;VEN09;SUC03;Web;Transferencia;Completada
VTA004010;04/07/2025;FAC-2025-004010;CLI0486;VEN02;SUC02;WhatsApp;Financiación Propia;Completada
VTA004011;15/05/2025;FAC-2025-004011;CLI0108;VEN03;SUC03;Marketplace;Efectivo;Completada
VTA004012;02/11/2025;FAC-2025-004012;CLI0246;VEN11;SUC05;Marketplace;Financiación Propia;Completada
VTA004013;09/11/2025;FAC-2025-004013;CLI0470;VEN12;SUC06;WhatsApp;Transferencia;Completada
VTA004014;27/02/2025;FAC-2025-004014;CLI0084;VEN10;SUC04;WhatsApp;Tarjeta Débito;Completada
VTA004015;18/10/2025;FAC-2025-004015;CLI0393;VEN11;SUC05;WhatsApp;Financiación Propia;Cancelada
VTA004016;10/05/2025;FAC-2025-004016;CLI0579;VEN14;SUC02;Local;Efectivo;Completada
VTA004017;04/03/2026;FAC-2026-004017;CLI0532;VEN08;SUC02;Web;Financiación Propia;Completada
VTA004018;14/02/2026;FAC-2026-004018;CLI0398;VEN16;SUC04;Marketplace;Financiación Propia;Completada
VTA004019;07/05/2026;FAC-2026-004019;CLI0278;VEN06;SUC06;Venta Telefónica;Tarjeta Débito;Completada
VTA004020;10/02/2026;FAC-2026-004020;CLI0526;VEN10;SUC04;Marketplace;Efectivo;Completada
VTA004021;13/04/2026;FAC-2026-004021;CLI0023;VEN06;SUC06;Local;Financiación Propia;Completada
VTA004022;15/05/2025;FAC-2025-004022;CLI0154;VEN16;SUC04;WhatsApp;Tarjeta Crédito;Completada
VTA004023;14/04/2025;FAC-2025-004023;CLI0144;VEN17;SUC05;WhatsApp;Transferencia;Cancelada
VTA004024;05/05/2025;FAC-2025-004024;CLI0070;VEN03;SUC03;WhatsApp;Transferencia;Pendiente
VTA004025;08/05/2025;FAC-2025-004025;CLI0077;VEN13;SUC01;Venta Telefónica;Financiación Propia;Completada
VTA004026;15/06/2026;FAC-2026-004026;CLI0599;VEN12;SUC06;Marketplace;Tarjeta Débito;Completada
VTA004027;04/12/2025;FAC-2025-004027;CLI0384;VEN01;SUC01;Marketplace;Efectivo;Pendiente
VTA004028;19/01/2026;FAC-2026-004028;CLI0145;VEN14;SUC02;Local;Transferencia;Completada
VTA004029;21/06/2026;FAC-2026-004029;CLI0215;VEN13;SUC01;Web;Tarjeta Crédito;Completada
VTA004030;02/04/2026;FAC-2026-004030;CLI0465;VEN08;SUC02;WhatsApp;Efectivo;Completada
VTA004031;26/02/2025;FAC-2025-004031;CLI0290;VEN16;SUC04;Venta Telefónica;Tarjeta Débito;Completada
VTA004032;23/11/2025;FAC-2025-004032;CLI0272;VEN08;SUC02;WhatsApp;Tarjeta Crédito;Completada
VTA004033;31/01/2026;FAC-2026-004033;CLI0322;VEN01;SUC01;WhatsApp;Tarjeta Crédito;Completada
VTA004034;28/11/2025;FAC-2025-004034;CLI0042;VEN10;SUC04;WhatsApp;Financiación Propia;Completada
VTA004035;05/05/2025;FAC-2025-004035;CLI0134;VEN03;SUC03;Web;Tarjeta Débito;Completada
VTA004036;10/02/2025;FAC-2025-004036;CLI0522;VEN03;SUC03;Marketplace;Tarjeta Crédito;Completada
VTA004037;24/01/2025;FAC-2025-004037;CLI0432;VEN01;SUC01;Venta Telefónica;Transferencia;Completada
VTA004038;28/12/2025;FAC-2025-004038;CLI0478;VEN11;SUC05;Marketplace;Transferencia;Completada
VTA004039;04/02/2025;FAC-2025-004039;CLI0012;VEN15;SUC03;Marketplace;Efectivo;Completada
VTA004040;29/03/2025;FAC-2025-004040;CLI0007;VEN03;SUC03;Marketplace;Transferencia;Completada
VTA004041;21/01/2026;FAC-2026-004041;CLI0501;VEN06;SUC06;Marketplace;Financiación Propia;Completada
VTA004042;25/05/2025;FAC-2025-004042;CLI0189;VEN11;SUC05;WhatsApp;Efectivo;Completada
VTA004043;10/05/2026;FAC-2026-004043;CLI0232;VEN02;SUC02;WhatsApp;Transferencia;Cancelada
VTA004044;22/08/2025;FAC-2025-004044;CLI0536;VEN12;SUC06;Web;Efectivo;Completada
VTA004045;28/07/2025;FAC-2025-004045;CLI0309;VEN10;SUC04;Local;Tarjeta Crédito;Completada
VTA004046;05/01/2025;FAC-2025-004046;CLI0572;VEN17;SUC05;Venta Telefónica;Financiación Propia;Completada
VTA004047;12/07/2025;FAC-2025-004047;CLI0570;VEN17;SUC05;Marketplace;Tarjeta Crédito;Completada
VTA004048;03/04/2026;FAC-2026-004048;CLI0045;VEN10;SUC04;Marketplace;Transferencia;Completada
VTA004049;11/08/2025;FAC-2025-004049;CLI0058;VEN05;SUC05;Local;Transferencia;Completada
VTA004050;13/08/2025;FAC-2025-004050;CLI0491;VEN13;SUC01;Web;Efectivo;Completada
VTA004051;09/05/2025;FAC-2025-004051;CLI0415;VEN13;SUC01;WhatsApp;Financiación Propia;Completada
VTA004052;20/03/2025;FAC-2025-004052;CLI0049;VEN04;SUC04;Marketplace;Transferencia;Completada
VTA004053;13/03/2025;FAC-2025-004053;CLI0380;VEN10;SUC04;Local;Transferencia;Completada
VTA004054;12/08/2025;FAC-2025-004054;CLI0436;VEN18;SUC06;Venta Telefónica;Tarjeta Débito;Completada
VTA004055;22/04/2026;FAC-2026-004055;CLI0226;VEN01;SUC01;Marketplace;Tarjeta Crédito;Completada
VTA004056;12/09/2025;FAC-2025-004056;CLI0512;VEN06;SUC06;WhatsApp;Tarjeta Crédito;Completada
VTA004057;30/12/2025;FAC-2025-004057;CLI0512;VEN08;SUC02;Marketplace;Tarjeta Débito;Completada
VTA004058;23/07/2025;FAC-2025-004058;CLI0075;VEN05;SUC05;Local;Tarjeta Débito;Completada
VTA004059;15/03/2026;FAC-2026-004059;CLI0076;VEN14;SUC02;WhatsApp;Efectivo;Completada
VTA004060;01/06/2025;FAC-2025-004060;CLI0504;VEN08;SUC02;Local;Tarjeta Débito;Completada
VTA004061;22/08/2025;FAC-2025-004061;CLI0592;VEN13;SUC01;Web;Tarjeta Débito;Completada
VTA004062;25/10/2025;FAC-2025-004062;CLI0087;VEN06;SUC06;Venta Telefónica;Tarjeta Crédito;Completada
VTA004063;09/03/2026;FAC-2026-004063;CLI0076;VEN04;SUC04;Venta Telefónica;Tarjeta Débito;Completada
VTA004064;26/05/2025;FAC-2025-004064;CLI0344;VEN11;SUC05;WhatsApp;Financiación Propia;Completada
VTA004065;19/09/2025;FAC-2025-004065;CLI0100;VEN10;SUC04;Marketplace;Efectivo;Completada
VTA004066;05/02/2025;FAC-2025-004066;CLI0545;VEN07;SUC01;Web;Tarjeta Débito;Completada
VTA004067;06/03/2026;FAC-2026-004067;CLI0426;VEN14;SUC02;Web;Tarjeta Débito;Completada
VTA004068;28/10/2025;FAC-2025-004068;CLI0205;VEN11;SUC05;Marketplace;Tarjeta Débito;Completada
VTA004069;15/09/2025;FAC-2025-004069;CLI0542;VEN12;SUC06;Venta Telefónica;Tarjeta Débito;Completada
VTA004070;03/05/2026;FAC-2026-004070;CLI0347;VEN18;SUC06;Venta Telefónica;Transferencia;Completada
VTA004071;15/04/2025;FAC-2025-004071;CLI0024;VEN17;SUC05;Web;Financiación Propia;Completada
VTA004072;19/03/2025;FAC-2025-004072;CLI0533;VEN18;SUC06;Marketplace;Financiación Propia;Completada
VTA004073;07/01/2025;FAC-2025-004073;CLI0296;VEN09;SUC03;WhatsApp;Transferencia;Completada
VTA004074;10/07/2025;FAC-2025-004074;CLI0074;VEN02;SUC02;Local;Tarjeta Crédito;Completada
VTA004075;07/06/2025;FAC-2025-004075;CLI0425;VEN05;SUC05;Local;Tarjeta Débito;Completada
VTA004076;19/03/2026;FAC-2026-004076;CLI0163;VEN02;SUC02;Web;Tarjeta Crédito;Completada
VTA004077;30/03/2025;FAC-2025-004077;CLI0374;VEN14;SUC02;Local;Efectivo;Completada
VTA004078;16/04/2026;FAC-2026-004078;CLI0080;VEN07;SUC01;Marketplace;Efectivo;Completada
VTA004079;18/07/2025;FAC-2025-004079;CLI0156;VEN17;SUC05;Marketplace;Financiación Propia;Completada
VTA004080;04/08/2025;FAC-2025-004080;CLI0107;VEN10;SUC04;Marketplace;Transferencia;Completada
VTA004081;15/10/2025;FAC-2025-004081;CLI0108;VEN13;SUC01;Marketplace;Transferencia;Completada
VTA004082;06/07/2026;FAC-2026-004082;CLI0298;VEN12;SUC06;Local;Financiación Propia;Completada
VTA004083;13/12/2025;FAC-2025-004083;CLI0044;VEN03;SUC03;Marketplace;Tarjeta Débito;Completada
VTA004084;08/04/2025;FAC-2025-004084;CLI0218;VEN01;SUC01;Marketplace;Efectivo;Completada
VTA004085;19/04/2026;FAC-2026-004085;CLI0576;VEN03;SUC03;WhatsApp;Tarjeta Débito;Completada
VTA004086;27/05/2026;FAC-2026-004086;CLI0087;VEN04;SUC04;Local;Tarjeta Crédito;Completada
VTA004087;26/09/2025;FAC-2025-004087;CLI0597;VEN02;SUC02;Venta Telefónica;Efectivo;Completada
VTA004088;12/04/2025;FAC-2025-004088;CLI0526;VEN05;SUC05;Local;Financiación Propia;Completada
VTA004089;02/05/2025;FAC-2025-004089;CLI0387;VEN14;SUC02;Local;Efectivo;Completada
VTA004090;03/12/2025;FAC-2025-004090;CLI0226;VEN18;SUC06;WhatsApp;Transferencia;Completada
VTA004091;08/01/2026;FAC-2026-004091;CLI0269;VEN09;SUC03;Venta Telefónica;Tarjeta Crédito;Completada
VTA004092;02/12/2025;FAC-2025-004092;CLI0021;VEN09;SUC03;WhatsApp;Tarjeta Crédito;Completada
VTA004093;23/01/2026;FAC-2026-004093;CLI0536;VEN10;SUC04;Web;Efectivo;Completada
VTA004094;16/09/2025;FAC-2025-004094;CLI0295;VEN02;SUC02;WhatsApp;Financiación Propia;Pendiente
VTA004095;22/05/2025;FAC-2025-004095;CLI0505;VEN18;SUC06;WhatsApp;Financiación Propia;Completada
VTA004096;20/04/2026;FAC-2026-004096;CLI0225;VEN05;SUC05;Local;Tarjeta Crédito;Completada
VTA004097;29/11/2025;FAC-2025-004097;CLI0242;VEN15;SUC03;WhatsApp;Financiación Propia;Completada
VTA004098;25/02/2025;FAC-2025-004098;CLI0087;VEN12;SUC06;Web;Financiación Propia;Completada
VTA004099;10/08/2025;FAC-2025-004099;CLI0146;VEN02;SUC02;Web;Transferencia;Completada
VTA004100;26/04/2026;FAC-2026-004100;CLI0099;VEN14;SUC02;Marketplace;Efectivo;Completada
VTA004101;18/05/2026;FAC-2026-004101;CLI0379;VEN09;SUC03;Marketplace;Transferencia;Completada
VTA004102;11/01/2026;FAC-2026-004102;CLI0211;VEN10;SUC04;WhatsApp;Tarjeta Débito;Completada
VTA004103;29/04/2025;FAC-2025-004103;CLI0133;VEN07;SUC01;Marketplace;Tarjeta Débito;Completada
VTA004104;22/10/2025;FAC-2025-004104;CLI0144;VEN16;SUC04;Web;Tarjeta Débito;Completada
VTA004105;26/08/2025;FAC-2025-004105;CLI0114;VEN18;SUC06;Marketplace;Tarjeta Débito;Completada
VTA004106;16/03/2026;FAC-2026-004106;CLI0181;VEN12;SUC06;WhatsApp;Tarjeta Crédito;Completada
VTA004107;24/11/2025;FAC-2025-004107;CLI0203;VEN16;SUC04;Local;Efectivo;Completada
VTA004108;08/07/2025;FAC-2025-004108;CLI0447;VEN14;SUC02;WhatsApp;Tarjeta Crédito;Completada
VTA004109;14/02/2025;FAC-2025-004109;CLI0007;VEN08;SUC02;Marketplace;Tarjeta Débito;Completada
VTA004110;13/04/2025;FAC-2025-004110;CLI0205;VEN08;SUC02;Web;Tarjeta Crédito;Completada
VTA004111;02/05/2025;FAC-2025-004111;CLI0271;VEN06;SUC06;Local;Tarjeta Débito;Completada
VTA004112;10/12/2025;FAC-2025-004112;CLI0478;VEN03;SUC03;Web;Financiación Propia;Completada
VTA004113;28/11/2025;FAC-2025-004113;CLI0078;VEN14;SUC02;Venta Telefónica;Transferencia;Completada
VTA004114;13/12/2025;FAC-2025-004114;CLI0569;VEN12;SUC06;Venta Telefónica;Efectivo;Completada
VTA004115;13/08/2025;FAC-2025-004115;CLI0212;VEN13;SUC01;Local;Transferencia;Completada
VTA004116;20/05/2026;FAC-2026-004116;CLI0299;VEN11;SUC05;WhatsApp;Tarjeta Débito;Completada
VTA004117;16/08/2025;FAC-2025-004117;CLI0265;VEN01;SUC01;Web;Tarjeta Crédito;Completada
VTA004118;04/12/2025;FAC-2025-004118;CLI0104;VEN09;SUC03;WhatsApp;Efectivo;Pendiente
VTA004119;03/09/2025;FAC-2025-004119;CLI0265;VEN12;SUC06;WhatsApp;Efectivo;Completada
VTA004120;06/06/2026;FAC-2026-004120;CLI0389;VEN01;SUC01;Local;Efectivo;Completada
VTA004121;15/04/2025;FAC-2025-004121;CLI0127;VEN16;SUC04;Local;Transferencia;Completada
VTA004122;20/09/2025;FAC-2025-004122;CLI0412;VEN09;SUC03;Venta Telefónica;Tarjeta Débito;Completada
VTA004123;31/10/2025;FAC-2025-004123;CLI0266;VEN18;SUC06;Venta Telefónica;Tarjeta Débito;Completada
VTA004124;14/01/2026;FAC-2026-004124;CLI0324;VEN01;SUC01;Venta Telefónica;Tarjeta Crédito;Completada
VTA004125;20/12/2025;FAC-2025-004125;CLI0188;VEN13;SUC01;Local;Tarjeta Débito;Completada
VTA004126;03/12/2025;FAC-2025-004126;CLI0374;VEN07;SUC01;Local;Transferencia;Completada
VTA004127;16/02/2026;FAC-2026-004127;CLI0396;VEN06;SUC06;Marketplace;Transferencia;Completada
VTA004128;21/12/2025;FAC-2025-004128;CLI0494;VEN02;SUC02;Local;Tarjeta Débito;Completada
VTA004129;23/07/2025;FAC-2025-004129;CLI0390;VEN07;SUC01;Venta Telefónica;Transferencia;Completada
VTA004130;27/06/2026;FAC-2026-004130;CLI0469;VEN11;SUC05;Venta Telefónica;Tarjeta Débito;Completada
VTA004131;25/03/2026;FAC-2026-004131;CLI0356;VEN05;SUC05;Marketplace;Tarjeta Débito;Completada
VTA004132;21/08/2025;FAC-2025-004132;CLI0452;VEN10;SUC04;Venta Telefónica;Financiación Propia;Pendiente
VTA004133;28/07/2025;FAC-2025-004133;CLI0243;VEN10;SUC04;Venta Telefónica;Tarjeta Débito;Completada
VTA004134;18/05/2025;FAC-2025-004134;CLI0356;VEN07;SUC01;WhatsApp;Tarjeta Débito;Completada
VTA004135;22/08/2025;FAC-2025-004135;CLI0143;VEN12;SUC06;Marketplace;Financiación Propia;Completada
VTA004136;23/10/2025;FAC-2025-004136;CLI0548;VEN11;SUC05;Venta Telefónica;Efectivo;Completada
VTA004137;28/04/2026;FAC-2026-004137;CLI0093;VEN18;SUC06;WhatsApp;Financiación Propia;Completada
VTA004138;11/07/2026;FAC-2026-004138;CLI0353;VEN06;SUC06;Web;Tarjeta Crédito;Completada
VTA004139;08/06/2026;FAC-2026-004139;CLI0383;VEN13;SUC01;Local;Financiación Propia;Completada
VTA004140;25/08/2025;FAC-2025-004140;CLI0588;VEN18;SUC06;Local;Efectivo;Completada
VTA004141;29/08/2025;FAC-2025-004141;CLI0311;VEN07;SUC01;Marketplace;Tarjeta Débito;Completada
VTA004142;13/10/2025;FAC-2025-004142;CLI0087;VEN04;SUC04;Marketplace;Efectivo;Completada
VTA004143;02/09/2025;FAC-2025-004143;CLI0598;VEN07;SUC01;Venta Telefónica;Efectivo;Completada
VTA004144;09/07/2025;FAC-2025-004144;CLI0595;VEN15;SUC03;WhatsApp;Tarjeta Débito;Completada
VTA004145;19/02/2026;FAC-2026-004145;CLI0090;VEN08;SUC02;Venta Telefónica;Tarjeta Débito;Completada
VTA004146;05/06/2025;FAC-2025-004146;CLI0239;VEN02;SUC02;Web;Efectivo;Completada
VTA004147;31/05/2026;FAC-2026-004147;CLI0543;VEN04;SUC04;Marketplace;Efectivo;Completada
VTA004148;22/04/2026;FAC-2026-004148;CLI0350;VEN07;SUC01;Marketplace;Tarjeta Débito;Completada
VTA004149;30/08/2025;FAC-2025-004149;CLI0190;VEN05;SUC05;Web;Efectivo;Pendiente
VTA004150;29/01/2026;FAC-2026-004150;CLI0389;VEN17;SUC05;Marketplace;Transferencia;Completada
VTA004151;22/01/2026;FAC-2026-004151;CLI0349;VEN06;SUC06;Local;Efectivo;Completada
VTA004152;04/05/2026;FAC-2026-004152;CLI0103;VEN11;SUC05;WhatsApp;Tarjeta Crédito;Completada
VTA004153;13/07/2025;FAC-2025-004153;CLI0535;VEN07;SUC01;Web;Tarjeta Débito;Completada
VTA004154;24/04/2026;FAC-2026-004154;CLI0069;VEN03;SUC03;Local;Financiación Propia;Completada
VTA004155;30/07/2026;FAC-2026-004155;CLI0475;VEN01;SUC01;Marketplace;Transferencia;Completada
VTA004156;28/12/2025;FAC-2025-004156;CLI0274;VEN13;SUC01;Local;Financiación Propia;Completada
VTA004157;07/02/2025;FAC-2025-004157;CLI0331;VEN04;SUC04;Venta Telefónica;Efectivo;Completada
VTA004158;02/05/2025;FAC-2025-004158;CLI0288;VEN11;SUC05;Venta Telefónica;Tarjeta Débito;Completada
VTA004159;03/09/2025;FAC-2025-004159;CLI0581;VEN01;SUC01;Marketplace;Tarjeta Débito;Completada
VTA004160;03/10/2025;FAC-2025-004160;CLI0452;VEN17;SUC05;Local;Efectivo;Completada
VTA004161;01/09/2025;FAC-2025-004161;CLI0221;VEN03;SUC03;Marketplace;Transferencia;Completada
VTA004162;11/04/2025;FAC-2025-004162;CLI0098;VEN16;SUC04;WhatsApp;Financiación Propia;Completada
VTA004163;04/11/2025;FAC-2025-004163;CLI0027;VEN07;SUC01;Marketplace;Financiación Propia;Completada
VTA004164;29/07/2025;FAC-2025-004164;CLI0036;VEN15;SUC03;Web;Tarjeta Crédito;Completada
VTA004165;20/01/2025;FAC-2025-004165;CLI0178;VEN08;SUC02;Local;Transferencia;Completada
VTA004166;01/04/2026;FAC-2026-004166;CLI0537;VEN01;SUC01;Local;Transferencia;Pendiente
VTA004167;22/04/2026;FAC-2026-004167;CLI0040;VEN16;SUC04;Marketplace;Financiación Propia;Completada
VTA004168;05/05/2026;FAC-2026-004168;CLI0338;VEN16;SUC04;Venta Telefónica;Financiación Propia;Completada
VTA004169;02/02/2026;FAC-2026-004169;CLI0282;VEN04;SUC04;Web;Tarjeta Crédito;Completada
VTA004170;13/10/2025;FAC-2025-004170;CLI0015;VEN07;SUC01;Venta Telefónica;Tarjeta Crédito;Completada
VTA004171;26/03/2025;FAC-2025-004171;CLI0328;VEN17;SUC05;Venta Telefónica;Efectivo;Completada
VTA004172;10/08/2025;FAC-2025-004172;CLI0155;VEN04;SUC04;Web;Tarjeta Débito;Completada
VTA004173;21/01/2026;FAC-2026-004173;CLI0579;VEN18;SUC06;Web;Efectivo;Completada
VTA004174;12/07/2025;FAC-2025-004174;CLI0363;VEN01;SUC01;Local;Financiación Propia;Completada
VTA004175;08/02/2026;FAC-2026-004175;CLI0302;VEN02;SUC02;Local;Financiación Propia;Completada
VTA004176;14/12/2025;FAC-2025-004176;CLI0176;VEN14;SUC02;Web;Tarjeta Débito;Completada
VTA004177;27/04/2026;FAC-2026-004177;CLI0147;VEN03;SUC03;Web;Transferencia;Completada
VTA004178;07/03/2025;FAC-2025-004178;CLI0534;VEN18;SUC06;Marketplace;Tarjeta Crédito;Completada
VTA004179;13/05/2026;FAC-2026-004179;CLI0491;VEN07;SUC01;Web;Transferencia;Completada
VTA004180;18/11/2025;FAC-2025-004180;CLI0505;VEN08;SUC02;WhatsApp;Efectivo;Completada
VTA004181;02/05/2026;FAC-2026-004181;CLI0439;VEN12;SUC06;Local;Transferencia;Completada
VTA004182;25/07/2025;FAC-2025-004182;CLI0116;VEN01;SUC01;Local;Efectivo;Completada
VTA004183;06/10/2025;FAC-2025-004183;CLI0438;VEN05;SUC05;Local;Transferencia;Completada
VTA004184;22/11/2025;FAC-2025-004184;CLI0075;VEN16;SUC04;Marketplace;Financiación Propia;Completada
VTA004185;25/06/2025;FAC-2025-004185;CLI0206;VEN08;SUC02;WhatsApp;Transferencia;Completada
VTA004186;18/09/2025;FAC-2025-004186;CLI0144;VEN04;SUC04;Marketplace;Transferencia;Completada
VTA004187;20/08/2025;FAC-2025-004187;CLI0488;VEN15;SUC03;Local;Efectivo;Completada
VTA004188;24/04/2025;FAC-2025-004188;CLI0430;VEN17;SUC05;Marketplace;Transferencia;Completada
VTA004189;31/01/2025;FAC-2025-004189;CLI0144;VEN13;SUC01;Venta Telefónica;Tarjeta Débito;Completada
VTA004190;30/12/2025;FAC-2025-004190;CLI0215;VEN05;SUC05;Web;Tarjeta Crédito;Completada
VTA004191;22/12/2025;FAC-2025-004191;CLI0433;VEN07;SUC01;WhatsApp;Tarjeta Débito;Pendiente
VTA004192;20/02/2025;FAC-2025-004192;CLI0455;VEN15;SUC03;Local;Tarjeta Débito;Completada
VTA004193;16/03/2026;FAC-2026-004193;CLI0340;VEN12;SUC06;Web;Efectivo;Completada
VTA004194;30/09/2025;FAC-2025-004194;CLI0534;VEN01;SUC01;WhatsApp;Tarjeta Crédito;Completada
VTA004195;18/01/2025;FAC-2025-004195;CLI0517;VEN10;SUC04;WhatsApp;Tarjeta Débito;Completada
VTA004196;20/03/2025;FAC-2025-004196;CLI0538;VEN05;SUC05;Venta Telefónica;Tarjeta Crédito;Completada
VTA004197;11/02/2025;FAC-2025-004197;CLI0260;VEN16;SUC04;Local;Financiación Propia;Completada
VTA004198;20/05/2026;FAC-2026-004198;CLI0098;VEN05;SUC05;Local;Transferencia;Completada
VTA004199;19/05/2026;FAC-2026-004199;CLI0066;VEN11;SUC05;Marketplace;Tarjeta Débito;Completada
VTA004200;10/06/2025;FAC-2025-004200;CLI0212;VEN03;SUC03;Marketplace;Tarjeta Crédito;Completada
VTA004201;06/11/2025;FAC-2025-004201;CLI0513;VEN08;SUC02;Venta Telefónica;Transferencia;Completada
VTA004202;30/08/2025;FAC-2025-004202;CLI0383;VEN07;SUC01;Local;Transferencia;Completada
VTA004203;01/06/2025;FAC-2025-004203;CLI0240;VEN01;SUC01;Web;Tarjeta Débito;Completada
VTA004204;02/04/2025;FAC-2025-004204;CLI0456;VEN14;SUC02;Web;Efectivo;Completada
VTA004205;14/09/2025;FAC-2025-004205;CLI0443;VEN12;SUC06;Marketplace;Transferencia;Completada
VTA004206;22/09/2025;FAC-2025-004206;CLI0330;VEN17;SUC05;Marketplace;Tarjeta Débito;Completada
VTA004207;13/04/2025;FAC-2025-004207;CLI0478;VEN16;SUC04;WhatsApp;Financiación Propia;Completada
VTA004208;18/04/2025;FAC-2025-004208;CLI0220;VEN09;SUC03;WhatsApp;Financiación Propia;Completada
VTA004209;06/12/2025;FAC-2025-004209;CLI0133;VEN14;SUC02;Local;Transferencia;Completada
VTA004210;14/08/2025;FAC-2025-004210;CLI0068;VEN17;SUC05;Local;Tarjeta Crédito;Completada
VTA004211;16/03/2025;FAC-2025-004211;CLI0598;VEN02;SUC02;Venta Telefónica;Tarjeta Crédito;Completada
VTA004212;21/01/2026;FAC-2026-004212;CLI0149;VEN09;SUC03;Local;Tarjeta Débito;Completada
VTA004213;19/06/2025;FAC-2025-004213;CLI0107;VEN10;SUC04;Venta Telefónica;Financiación Propia;Completada
VTA004214;01/05/2025;FAC-2025-004214;CLI0209;VEN15;SUC03;WhatsApp;Tarjeta Débito;Completada
VTA004215;15/08/2025;FAC-2025-004215;CLI0466;VEN01;SUC01;Marketplace;Transferencia;Completada
VTA004216;22/03/2026;FAC-2026-004216;CLI0232;VEN07;SUC01;Web;Tarjeta Crédito;Completada
VTA004217;19/05/2026;FAC-2026-004217;CLI0093;VEN08;SUC02;Marketplace;Tarjeta Crédito;Completada
VTA004218;13/05/2025;FAC-2025-004218;CLI0537;VEN18;SUC06;Venta Telefónica;Financiación Propia;Completada
VTA004219;28/08/2025;FAC-2025-004219;CLI0201;VEN11;SUC05;Venta Telefónica;Financiación Propia;Completada
VTA004220;14/12/2025;FAC-2025-004220;CLI0204;VEN13;SUC01;Venta Telefónica;Financiación Propia;Completada
VTA004221;14/04/2025;FAC-2025-004221;CLI0194;VEN16;SUC04;Local;Tarjeta Débito;Completada
VTA004222;25/08/2025;FAC-2025-004222;CLI0507;VEN06;SUC06;Web;Tarjeta Crédito;Completada
VTA004223;12/08/2025;FAC-2025-004223;CLI0408;VEN02;SUC02;Web;Tarjeta Crédito;Completada
VTA004224;17/09/2025;FAC-2025-004224;CLI0314;VEN06;SUC06;Marketplace;Tarjeta Crédito;Completada
VTA004225;18/02/2025;FAC-2025-004225;CLI0049;VEN07;SUC01;Local;Efectivo;Completada
VTA004226;14/02/2026;FAC-2026-004226;CLI0569;VEN02;SUC02;Marketplace;Tarjeta Débito;Completada
VTA004227;19/05/2025;FAC-2025-004227;CLI0282;VEN17;SUC05;Venta Telefónica;Tarjeta Crédito;Completada
VTA004228;05/09/2025;FAC-2025-004228;CLI0600;VEN13;SUC01;Local;Tarjeta Crédito;Completada
VTA004229;16/07/2026;FAC-2026-004229;CLI0248;VEN07;SUC01;Venta Telefónica;Tarjeta Crédito;Completada
VTA004230;26/07/2025;FAC-2025-004230;CLI0189;VEN13;SUC01;Venta Telefónica;Efectivo;Completada
VTA004231;30/05/2025;FAC-2025-004231;CLI0252;VEN04;SUC04;Local;Efectivo;Completada
VTA004232;24/11/2025;FAC-2025-004232;CLI0033;VEN16;SUC04;Web;Transferencia;Completada
VTA004233;24/08/2025;FAC-2025-004233;CLI0438;VEN07;SUC01;WhatsApp;Tarjeta Crédito;Completada
VTA004234;10/10/2025;FAC-2025-004234;CLI0022;VEN04;SUC04;Venta Telefónica;Efectivo;Completada
VTA004235;29/10/2025;FAC-2025-004235;CLI0227;VEN15;SUC03;Venta Telefónica;Financiación Propia;Completada
VTA004236;12/09/2025;FAC-2025-004236;CLI0253;VEN17;SUC05;WhatsApp;Tarjeta Débito;Completada
VTA004237;08/08/2025;FAC-2025-004237;CLI0361;VEN17;SUC05;Web;Transferencia;Completada
VTA004238;26/06/2025;FAC-2025-004238;CLI0066;VEN17;SUC05;WhatsApp;Transferencia;Completada
VTA004239;14/10/2025;FAC-2025-004239;CLI0483;VEN13;SUC01;WhatsApp;Transferencia;Completada
VTA004240;11/01/2026;FAC-2026-004240;CLI0313;VEN07;SUC01;Marketplace;Financiación Propia;Completada
VTA004241;27/06/2025;FAC-2025-004241;CLI0582;VEN14;SUC02;Local;Financiación Propia;Completada
VTA004242;19/09/2025;FAC-2025-004242;CLI0410;VEN16;SUC04;Web;Efectivo;Completada
VTA004243;12/05/2026;FAC-2026-004243;CLI0322;VEN11;SUC05;Web;Tarjeta Débito;Completada
VTA004244;06/05/2025;FAC-2025-004244;CLI0399;VEN18;SUC06;WhatsApp;Tarjeta Crédito;Completada
VTA004245;12/07/2025;FAC-2025-004245;CLI0477;VEN07;SUC01;Web;Financiación Propia;Completada
VTA004246;15/08/2025;FAC-2025-004246;CLI0166;VEN06;SUC06;Local;Financiación Propia;Completada
VTA004247;02/06/2025;FAC-2025-004247;CLI0158;VEN02;SUC02;WhatsApp;Transferencia;Completada
VTA004248;28/12/2025;FAC-2025-004248;CLI0437;VEN06;SUC06;Venta Telefónica;Efectivo;Completada
VTA004249;13/03/2025;FAC-2025-004249;CLI0240;VEN03;SUC03;Local;Transferencia;Completada
VTA004250;17/06/2026;FAC-2026-004250;CLI0503;VEN17;SUC05;Venta Telefónica;Tarjeta Débito;Completada
VTA004251;29/07/2025;FAC-2025-004251;CLI0489;VEN09;SUC03;WhatsApp;Efectivo;Completada
VTA004252;07/03/2025;FAC-2025-004252;CLI0194;VEN06;SUC06;Marketplace;Transferencia;Completada
VTA004253;28/07/2025;FAC-2025-004253;CLI0594;VEN08;SUC02;Venta Telefónica;Transferencia;Completada
VTA004254;05/03/2026;FAC-2026-004254;CLI0186;VEN09;SUC03;Marketplace;Efectivo;Completada
VTA004255;26/10/2025;FAC-2025-004255;CLI0079;VEN14;SUC02;Marketplace;Transferencia;Completada
VTA004256;24/07/2025;FAC-2025-004256;CLI0214;VEN09;SUC03;WhatsApp;Tarjeta Crédito;Completada
VTA004257;09/12/2025;FAC-2025-004257;CLI0559;VEN01;SUC01;Web;Efectivo;Completada
VTA004258;14/09/2025;FAC-2025-004258;CLI0272;VEN13;SUC01;Marketplace;Tarjeta Débito;Completada
VTA004259;08/10/2025;FAC-2025-004259;CLI0360;VEN07;SUC01;Venta Telefónica;Tarjeta Crédito;Completada
VTA004260;27/07/2025;FAC-2025-004260;CLI0392;VEN13;SUC01;Venta Telefónica;Tarjeta Crédito;Completada
VTA004261;16/06/2026;FAC-2026-004261;CLI0353;VEN04;SUC04;WhatsApp;Transferencia;Completada
VTA004262;28/04/2026;FAC-2026-004262;CLI0007;VEN06;SUC06;WhatsApp;Tarjeta Crédito;Completada
VTA004263;25/08/2025;FAC-2025-004263;CLI0317;VEN13;SUC01;WhatsApp;Efectivo;Completada
VTA004264;09/06/2026;FAC-2026-004264;CLI0005;VEN14;SUC02;Marketplace;Financiación Propia;Completada
VTA004265;28/03/2026;FAC-2026-004265;CLI0596;VEN01;SUC01;Venta Telefónica;Financiación Propia;Completada
VTA004266;26/05/2026;FAC-2026-004266;CLI0352;VEN14;SUC02;WhatsApp;Financiación Propia;Completada
VTA004267;15/08/2025;FAC-2025-004267;CLI0336;VEN13;SUC01;Venta Telefónica;Transferencia;Completada
VTA004268;01/03/2026;FAC-2026-004268;CLI0496;VEN18;SUC06;Local;Efectivo;Completada
VTA004269;21/07/2026;FAC-2026-004269;CLI0483;VEN01;SUC01;Web;Transferencia;Completada
VTA004270;21/01/2025;FAC-2025-004270;CLI0151;VEN14;SUC02;Web;Efectivo;Completada
VTA004271;21/07/2025;FAC-2025-004271;CLI0060;VEN18;SUC06;Marketplace;Efectivo;Completada
VTA004272;15/01/2025;FAC-2025-004272;CLI0328;VEN05;SUC05;Local;Tarjeta Crédito;Completada
VTA004273;28/02/2025;FAC-2025-004273;CLI0306;VEN13;SUC01;Local;Financiación Propia;Completada
VTA004274;14/12/2025;FAC-2025-004274;CLI0468;VEN03;SUC03;Local;Tarjeta Crédito;Completada
VTA004275;16/11/2025;FAC-2025-004275;CLI0524;VEN06;SUC06;Local;Tarjeta Crédito;Completada
VTA004276;04/02/2026;FAC-2026-004276;CLI0200;VEN13;SUC01;Marketplace;Financiación Propia;Completada
VTA004277;02/02/2026;FAC-2026-004277;CLI0560;VEN04;SUC04;Local;Financiación Propia;Completada
VTA004278;06/01/2025;FAC-2025-004278;CLI0135;VEN13;SUC01;Web;Tarjeta Débito;Completada
VTA004279;12/05/2026;FAC-2026-004279;CLI0441;VEN08;SUC02;Web;Tarjeta Crédito;Pendiente
VTA004280;22/07/2026;FAC-2026-004280;CLI0518;VEN11;SUC05;Marketplace;Tarjeta Débito;Completada
VTA004281;24/12/2025;FAC-2025-004281;CLI0547;VEN01;SUC01;Local;Tarjeta Débito;Completada
VTA004282;26/03/2025;FAC-2025-004282;CLI0163;VEN02;SUC02;Marketplace;Transferencia;Completada
VTA004283;02/06/2025;FAC-2025-004283;CLI0126;VEN15;SUC03;Venta Telefónica;Tarjeta Débito;Completada
VTA004284;01/06/2026;FAC-2026-004284;CLI0130;VEN12;SUC06;Web;Tarjeta Crédito;Completada
VTA004285;09/07/2025;FAC-2025-004285;CLI0158;VEN13;SUC01;Local;Financiación Propia;Completada
VTA004286;04/05/2025;FAC-2025-004286;CLI0143;VEN13;SUC01;Venta Telefónica;Transferencia;Completada
VTA004287;31/01/2026;FAC-2026-004287;CLI0070;VEN17;SUC05;Local;Transferencia;Completada
VTA004288;23/04/2025;FAC-2025-004288;CLI0230;VEN05;SUC05;Local;Tarjeta Débito;Completada
VTA004289;27/08/2025;FAC-2025-004289;CLI0070;VEN15;SUC03;Local;Transferencia;Completada
VTA004290;19/10/2025;FAC-2025-004290;CLI0369;VEN13;SUC01;Local;Tarjeta Crédito;Completada
VTA004291;16/01/2026;FAC-2026-004291;CLI0295;VEN16;SUC04;WhatsApp;Transferencia;Completada
VTA004292;19/02/2025;FAC-2025-004292;CLI0591;VEN08;SUC02;WhatsApp;Transferencia;Completada
VTA004293;07/01/2025;FAC-2025-004293;CLI0155;VEN18;SUC06;Venta Telefónica;Tarjeta Débito;Completada
VTA004294;30/05/2025;FAC-2025-004294;CLI0047;VEN17;SUC05;Local;Financiación Propia;Completada
VTA004295;14/01/2025;FAC-2025-004295;CLI0485;VEN09;SUC03;Marketplace;Tarjeta Crédito;Completada
VTA004296;19/05/2025;FAC-2025-004296;CLI0206;VEN08;SUC02;Local;Transferencia;Completada
VTA004297;06/03/2026;FAC-2026-004297;CLI0144;VEN11;SUC05;Venta Telefónica;Tarjeta Débito;Completada
VTA004298;27/01/2026;FAC-2026-004298;CLI0111;VEN11;SUC05;WhatsApp;Financiación Propia;Completada
VTA004299;13/05/2026;FAC-2026-004299;CLI0206;VEN09;SUC03;Venta Telefónica;Tarjeta Débito;Completada
VTA004300;06/03/2026;FAC-2026-004300;CLI0483;VEN14;SUC02;Local;Financiación Propia;Completada
VTA004301;13/06/2025;FAC-2025-004301;CLI0574;VEN01;SUC01;Marketplace;Financiación Propia;Completada
VTA004302;04/02/2025;FAC-2025-004302;CLI0339;VEN07;SUC01;Web;Financiación Propia;Completada
VTA004303;01/01/2026;FAC-2026-004303;CLI0009;VEN17;SUC05;Marketplace;Transferencia;Completada
VTA004304;13/08/2025;FAC-2025-004304;CLI0003;VEN15;SUC03;WhatsApp;Efectivo;Completada
VTA004305;24/01/2026;FAC-2026-004305;CLI0446;VEN02;SUC02;Marketplace;Efectivo;Completada
VTA004306;19/04/2026;FAC-2026-004306;CLI0421;VEN01;SUC01;Venta Telefónica;Financiación Propia;Cancelada
VTA004307;28/01/2025;FAC-2025-004307;CLI0426;VEN02;SUC02;Venta Telefónica;Tarjeta Débito;Completada
VTA004308;26/06/2026;FAC-2026-004308;CLI0072;VEN04;SUC04;Venta Telefónica;Tarjeta Crédito;Completada
VTA004309;27/05/2026;FAC-2026-004309;CLI0573;VEN15;SUC03;Marketplace;Efectivo;Completada
VTA004310;11/07/2025;FAC-2025-004310;CLI0120;VEN18;SUC06;Local;Efectivo;Completada
VTA004311;08/02/2026;FAC-2026-004311;CLI0118;VEN11;SUC05;Web;Efectivo;Completada
VTA004312;23/06/2025;FAC-2025-004312;CLI0143;VEN15;SUC03;Marketplace;Financiación Propia;Completada
VTA004313;10/06/2025;FAC-2025-004313;CLI0481;VEN01;SUC01;WhatsApp;Tarjeta Débito;Completada
VTA004314;18/06/2025;FAC-2025-004314;CLI0234;VEN04;SUC04;Web;Efectivo;Completada
VTA004315;21/07/2025;FAC-2025-004315;CLI0566;VEN09;SUC03;Marketplace;Tarjeta Débito;Completada
VTA004316;03/06/2026;FAC-2026-004316;CLI0356;VEN06;SUC06;Marketplace;Efectivo;Completada
VTA004317;28/07/2026;FAC-2026-004317;CLI0291;VEN18;SUC06;WhatsApp;Financiación Propia;Completada
VTA004318;01/10/2025;FAC-2025-004318;CLI0071;VEN06;SUC06;Web;Tarjeta Crédito;Completada
VTA004319;23/10/2025;FAC-2025-004319;CLI0001;VEN12;SUC06;Web;Tarjeta Débito;Completada
VTA004320;04/06/2026;FAC-2026-004320;CLI0533;VEN08;SUC02;Web;Efectivo;Completada
VTA004321;27/02/2026;FAC-2026-004321;CLI0357;VEN15;SUC03;Marketplace;Tarjeta Crédito;Completada
VTA004322;02/12/2025;FAC-2025-004322;CLI0599;VEN06;SUC06;Local;Tarjeta Débito;Completada
VTA004323;03/04/2026;FAC-2026-004323;CLI0333;VEN05;SUC05;Local;Tarjeta Débito;Completada
VTA004324;03/05/2026;FAC-2026-004324;CLI0001;VEN12;SUC06;Web;Tarjeta Débito;Completada
VTA004325;22/06/2025;FAC-2025-004325;CLI0159;VEN17;SUC05;Venta Telefónica;Efectivo;Completada
VTA004326;14/04/2026;FAC-2026-004326;CLI0031;VEN18;SUC06;Venta Telefónica;Tarjeta Débito;Completada
VTA004327;28/01/2025;FAC-2025-004327;CLI0078;VEN09;SUC03;WhatsApp;Efectivo;Completada
VTA004328;06/08/2025;FAC-2025-004328;CLI0458;VEN17;SUC05;WhatsApp;Tarjeta Crédito;Completada
VTA004329;06/05/2026;FAC-2026-004329;CLI0429;VEN09;SUC03;WhatsApp;Tarjeta Débito;Completada
VTA004330;29/04/2026;FAC-2026-004330;CLI0144;VEN10;SUC04;Venta Telefónica;Tarjeta Crédito;Completada
VTA004331;03/01/2025;FAC-2025-004331;CLI0078;VEN07;SUC01;Local;Transferencia;Completada
VTA004332;03/10/2025;FAC-2025-004332;CLI0384;VEN13;SUC01;Marketplace;Transferencia;Completada
VTA004333;05/06/2026;FAC-2026-004333;CLI0009;VEN05;SUC05;Venta Telefónica;Financiación Propia;Completada
VTA004334;23/05/2025;FAC-2025-004334;CLI0033;VEN09;SUC03;WhatsApp;Financiación Propia;Completada
VTA004335;09/03/2026;FAC-2026-004335;CLI0097;VEN02;SUC02;Local;Financiación Propia;Completada
VTA004336;12/04/2026;FAC-2026-004336;CLI0286;VEN04;SUC04;Venta Telefónica;Tarjeta Débito;Completada
VTA004337;06/04/2026;FAC-2026-004337;CLI0196;VEN07;SUC01;Local;Tarjeta Crédito;Completada
VTA004338;08/11/2025;FAC-2025-004338;CLI0365;VEN05;SUC05;Web;Tarjeta Débito;Pendiente
VTA004339;11/01/2025;FAC-2025-004339;CLI0376;VEN10;SUC04;Web;Efectivo;Completada
VTA004340;07/10/2025;FAC-2025-004340;CLI0459;VEN09;SUC03;Venta Telefónica;Transferencia;Completada
VTA004341;20/12/2025;FAC-2025-004341;CLI0167;VEN10;SUC04;Web;Transferencia;Completada
VTA004342;04/07/2026;FAC-2026-004342;CLI0248;VEN18;SUC06;Web;Efectivo;Completada
VTA004343;13/06/2026;FAC-2026-004343;CLI0523;VEN13;SUC01;Local;Transferencia;Completada
VTA004344;18/04/2026;FAC-2026-004344;CLI0239;VEN15;SUC03;WhatsApp;Financiación Propia;Pendiente
VTA004345;20/06/2025;FAC-2025-004345;CLI0225;VEN05;SUC05;Venta Telefónica;Tarjeta Crédito;Completada
VTA004346;19/04/2025;FAC-2025-004346;CLI0423;VEN06;SUC06;WhatsApp;Financiación Propia;Completada
VTA004347;18/05/2026;FAC-2026-004347;CLI0538;VEN06;SUC06;Venta Telefónica;Financiación Propia;Completada
VTA004348;02/10/2025;FAC-2025-004348;CLI0015;VEN14;SUC02;WhatsApp;Financiación Propia;Completada
VTA004349;27/12/2025;FAC-2025-004349;CLI0075;VEN08;SUC02;Web;Financiación Propia;Completada
VTA004350;02/07/2025;FAC-2025-004350;CLI0581;VEN11;SUC05;WhatsApp;Efectivo;Completada
VTA004351;12/02/2025;FAC-2025-004351;CLI0121;VEN02;SUC02;Venta Telefónica;Efectivo;Completada
VTA004352;08/03/2025;FAC-2025-004352;CLI0363;VEN18;SUC06;Venta Telefónica;Efectivo;Completada
VTA004353;12/04/2025;FAC-2025-004353;CLI0049;VEN05;SUC05;Web;Tarjeta Crédito;Completada
VTA004354;05/12/2025;FAC-2025-004354;CLI0579;VEN07;SUC01;Web;Transferencia;Completada
VTA004355;22/11/2025;FAC-2025-004355;CLI0135;VEN03;SUC03;WhatsApp;Financiación Propia;Completada
VTA004356;10/05/2026;FAC-2026-004356;CLI0473;VEN04;SUC04;WhatsApp;Transferencia;Completada
VTA004357;26/06/2026;FAC-2026-004357;CLI0233;VEN17;SUC05;Venta Telefónica;Tarjeta Crédito;Completada
VTA004358;16/07/2025;FAC-2025-004358;CLI0344;VEN08;SUC02;Web;Tarjeta Débito;Completada
VTA004359;10/11/2025;FAC-2025-004359;CLI0043;VEN04;SUC04;Marketplace;Tarjeta Crédito;Completada
VTA004360;01/07/2026;FAC-2026-004360;CLI0337;VEN14;SUC02;WhatsApp;Tarjeta Crédito;Completada
VTA004361;20/10/2025;FAC-2025-004361;CLI0399;VEN11;SUC05;Local;Transferencia;Completada
VTA004362;19/03/2025;FAC-2025-004362;CLI0439;VEN01;SUC01;Local;Tarjeta Débito;Pendiente
VTA004363;01/04/2025;FAC-2025-004363;CLI0180;VEN03;SUC03;WhatsApp;Transferencia;Completada
VTA004364;10/06/2025;FAC-2025-004364;CLI0467;VEN03;SUC03;Local;Financiación Propia;Completada
VTA004365;19/04/2026;FAC-2026-004365;CLI0465;VEN06;SUC06;WhatsApp;Efectivo;Completada
VTA004366;08/06/2025;FAC-2025-004366;CLI0201;VEN13;SUC01;Local;Tarjeta Débito;Completada
VTA004367;07/09/2025;FAC-2025-004367;CLI0258;VEN17;SUC05;Venta Telefónica;Efectivo;Completada
VTA004368;08/05/2026;FAC-2026-004368;CLI0226;VEN03;SUC03;Venta Telefónica;Efectivo;Completada
VTA004369;24/07/2025;FAC-2025-004369;CLI0510;VEN04;SUC04;Venta Telefónica;Efectivo;Completada
VTA004370;21/08/2025;FAC-2025-004370;CLI0048;VEN09;SUC03;Marketplace;Tarjeta Crédito;Completada
VTA004371;23/07/2025;FAC-2025-004371;CLI0226;VEN15;SUC03;Web;Tarjeta Débito;Completada
VTA004372;10/01/2026;FAC-2026-004372;CLI0187;VEN05;SUC05;WhatsApp;Financiación Propia;Completada
VTA004373;25/07/2025;FAC-2025-004373;CLI0486;VEN13;SUC01;Local;Efectivo;Completada
VTA004374;15/12/2025;FAC-2025-004374;CLI0363;VEN06;SUC06;WhatsApp;Tarjeta Crédito;Completada
VTA004375;11/11/2025;FAC-2025-004375;CLI0556;VEN12;SUC06;Local;Financiación Propia;Completada
VTA004376;27/10/2025;FAC-2025-004376;CLI0139;VEN09;SUC03;Marketplace;Efectivo;Completada
VTA004377;05/02/2026;FAC-2026-004377;CLI0591;VEN02;SUC02;Venta Telefónica;Tarjeta Débito;Completada
VTA004378;10/01/2026;FAC-2026-004378;CLI0295;VEN07;SUC01;Web;Tarjeta Débito;Completada
VTA004379;17/10/2025;FAC-2025-004379;CLI0040;VEN11;SUC05;Local;Transferencia;Completada
VTA004380;03/10/2025;FAC-2025-004380;CLI0265;VEN14;SUC02;WhatsApp;Tarjeta Débito;Completada
VTA004381;13/10/2025;FAC-2025-004381;CLI0573;VEN07;SUC01;Marketplace;Tarjeta Crédito;Completada
VTA004382;13/01/2026;FAC-2026-004382;CLI0326;VEN01;SUC01;Marketplace;Financiación Propia;Completada
VTA004383;06/12/2025;FAC-2025-004383;CLI0388;VEN05;SUC05;Venta Telefónica;Efectivo;Completada
VTA004384;18/04/2026;FAC-2026-004384;CLI0590;VEN05;SUC05;Local;Financiación Propia;Completada
VTA004385;10/05/2026;FAC-2026-004385;CLI0137;VEN02;SUC02;Venta Telefónica;Tarjeta Crédito;Completada
VTA004386;26/07/2026;FAC-2026-004386;CLI0202;VEN05;SUC05;Web;Efectivo;Completada
VTA004387;24/03/2025;FAC-2025-004387;CLI0526;VEN14;SUC02;WhatsApp;Efectivo;Completada
VTA004388;05/01/2026;FAC-2026-004388;CLI0440;VEN02;SUC02;WhatsApp;Tarjeta Crédito;Completada
VTA004389;19/11/2025;FAC-2025-004389;CLI0207;VEN13;SUC01;WhatsApp;Tarjeta Débito;Completada
VTA004390;10/06/2026;FAC-2026-004390;CLI0338;VEN05;SUC05;Local;Efectivo;Completada
VTA004391;20/08/2025;FAC-2025-004391;CLI0144;VEN06;SUC06;Local;Financiación Propia;Completada
VTA004392;26/11/2025;FAC-2025-004392;CLI0093;VEN04;SUC04;Local;Transferencia;Completada
VTA004393;29/03/2025;FAC-2025-004393;CLI0506;VEN12;SUC06;WhatsApp;Tarjeta Crédito;Completada
VTA004394;06/11/2025;FAC-2025-004394;CLI0264;VEN17;SUC05;Marketplace;Financiación Propia;Completada
VTA004395;09/12/2025;FAC-2025-004395;CLI0414;VEN12;SUC06;Venta Telefónica;Tarjeta Débito;Completada
VTA004396;28/09/2025;FAC-2025-004396;CLI0440;VEN08;SUC02;Web;Transferencia;Completada
VTA004397;19/09/2025;FAC-2025-004397;CLI0045;VEN17;SUC05;Web;Tarjeta Débito;Completada
VTA004398;18/02/2025;FAC-2025-004398;CLI0508;VEN07;SUC01;Venta Telefónica;Tarjeta Débito;Completada
VTA004399;06/09/2025;FAC-2025-004399;CLI0519;VEN03;SUC03;WhatsApp;Transferencia;Completada
VTA004400;28/06/2025;FAC-2025-004400;CLI0526;VEN12;SUC06;Marketplace;Efectivo;Completada
VTA004401;23/04/2026;FAC-2026-004401;CLI0342;VEN11;SUC05;Local;Financiación Propia;Completada
VTA004402;14/10/2025;FAC-2025-004402;CLI0220;VEN03;SUC03;Marketplace;Efectivo;Completada
VTA004403;08/10/2025;FAC-2025-004403;CLI0200;VEN17;SUC05;Local;Transferencia;Completada
VTA004404;15/05/2025;FAC-2025-004404;CLI0084;VEN05;SUC05;Marketplace;Financiación Propia;Completada
VTA004405;22/05/2025;FAC-2025-004405;CLI0275;VEN10;SUC04;Web;Financiación Propia;Completada
VTA004406;03/02/2025;FAC-2025-004406;CLI0023;VEN08;SUC02;Venta Telefónica;Financiación Propia;Completada
VTA004407;09/02/2026;FAC-2026-004407;CLI0522;VEN03;SUC03;WhatsApp;Transferencia;Completada
VTA004408;08/03/2026;FAC-2026-004408;CLI0322;VEN04;SUC04;Web;Financiación Propia;Completada
VTA004409;15/06/2025;FAC-2025-004409;CLI0307;VEN17;SUC05;Web;Tarjeta Crédito;Completada
VTA004410;30/09/2025;FAC-2025-004410;CLI0007;VEN09;SUC03;Web;Tarjeta Débito;Completada
VTA004411;06/05/2026;FAC-2026-004411;CLI0294;VEN11;SUC05;WhatsApp;Transferencia;Completada
VTA004412;19/03/2025;FAC-2025-004412;CLI0059;VEN06;SUC06;Venta Telefónica;Tarjeta Débito;Completada
VTA004413;13/02/2026;FAC-2026-004413;CLI0347;VEN06;SUC06;Marketplace;Efectivo;Completada
VTA004414;04/05/2025;FAC-2025-004414;CLI0549;VEN16;SUC04;Local;Transferencia;Completada
VTA004415;08/12/2025;FAC-2025-004415;CLI0331;VEN16;SUC04;Venta Telefónica;Tarjeta Crédito;Completada
VTA004416;04/07/2025;FAC-2025-004416;CLI0563;VEN16;SUC04;Venta Telefónica;Financiación Propia;Completada
VTA004417;02/09/2025;FAC-2025-004417;CLI0258;VEN06;SUC06;WhatsApp;Tarjeta Crédito;Completada
VTA004418;19/03/2025;FAC-2025-004418;CLI0334;VEN15;SUC03;WhatsApp;Transferencia;Completada
VTA004419;31/05/2025;FAC-2025-004419;CLI0418;VEN15;SUC03;Venta Telefónica;Financiación Propia;Completada
VTA004420;18/03/2025;FAC-2025-004420;CLI0455;VEN07;SUC01;WhatsApp;Tarjeta Crédito;Completada
VTA004421;25/02/2026;FAC-2026-004421;CLI0157;VEN06;SUC06;Venta Telefónica;Tarjeta Crédito;Completada
VTA004422;13/05/2026;FAC-2026-004422;CLI0251;VEN16;SUC04;WhatsApp;Transferencia;Completada
VTA004423;18/04/2025;FAC-2025-004423;CLI0431;VEN14;SUC02;Local;Tarjeta Crédito;Completada
VTA004424;30/07/2026;FAC-2026-004424;CLI0422;VEN02;SUC02;Venta Telefónica;Efectivo;Completada
VTA004425;07/12/2025;FAC-2025-004425;CLI0373;VEN14;SUC02;Local;Financiación Propia;Completada
VTA004426;24/02/2025;FAC-2025-004426;CLI0595;VEN02;SUC02;Marketplace;Transferencia;Completada
VTA004427;09/06/2026;FAC-2026-004427;CLI0245;VEN10;SUC04;WhatsApp;Tarjeta Crédito;Completada
VTA004428;18/01/2025;FAC-2025-004428;CLI0539;VEN17;SUC05;Venta Telefónica;Transferencia;Completada
VTA004429;25/03/2025;FAC-2025-004429;CLI0554;VEN06;SUC06;Local;Efectivo;Completada
VTA004430;27/01/2025;FAC-2025-004430;CLI0207;VEN06;SUC06;Venta Telefónica;Transferencia;Completada
VTA004431;09/06/2025;FAC-2025-004431;CLI0118;VEN09;SUC03;Web;Financiación Propia;Completada
VTA004432;26/04/2025;FAC-2025-004432;CLI0463;VEN01;SUC01;Web;Tarjeta Crédito;Completada
VTA004433;30/07/2025;FAC-2025-004433;CLI0441;VEN14;SUC02;Marketplace;Efectivo;Completada
VTA004434;06/01/2026;FAC-2026-004434;CLI0082;VEN06;SUC06;WhatsApp;Efectivo;Completada
VTA004435;07/08/2025;FAC-2025-004435;CLI0394;VEN07;SUC01;WhatsApp;Tarjeta Crédito;Pendiente
VTA004436;27/09/2025;FAC-2025-004436;CLI0587;VEN05;SUC05;Web;Tarjeta Débito;Completada
VTA004437;12/09/2025;FAC-2025-004437;CLI0535;VEN10;SUC04;Venta Telefónica;Transferencia;Completada
VTA004438;23/10/2025;FAC-2025-004438;CLI0005;VEN15;SUC03;Marketplace;Tarjeta Crédito;Completada
VTA004439;17/03/2026;FAC-2026-004439;CLI0560;VEN04;SUC04;Venta Telefónica;Tarjeta Crédito;Completada
VTA004440;03/06/2026;FAC-2026-004440;CLI0115;VEN17;SUC05;WhatsApp;Efectivo;Completada
VTA004441;14/02/2026;FAC-2026-004441;CLI0571;VEN02;SUC02;Marketplace;Tarjeta Débito;Completada
VTA004442;22/03/2026;FAC-2026-004442;CLI0141;VEN11;SUC05;Marketplace;Tarjeta Débito;Completada
VTA004443;12/04/2026;FAC-2026-004443;CLI0125;VEN03;SUC03;Local;Financiación Propia;Completada
VTA004444;11/04/2025;FAC-2025-004444;CLI0359;VEN11;SUC05;WhatsApp;Tarjeta Débito;Completada
VTA004445;21/11/2025;FAC-2025-004445;CLI0088;VEN13;SUC01;WhatsApp;Financiación Propia;Completada
VTA004446;09/01/2025;FAC-2025-004446;CLI0025;VEN12;SUC06;Marketplace;Transferencia;Completada
VTA004447;16/01/2026;FAC-2026-004447;CLI0181;VEN17;SUC05;Web;Tarjeta Crédito;Completada
VTA004448;09/01/2025;FAC-2025-004448;CLI0540;VEN17;SUC05;Web;Tarjeta Crédito;Completada
VTA004449;06/05/2025;FAC-2025-004449;CLI0202;VEN07;SUC01;Local;Tarjeta Crédito;Completada
VTA004450;15/02/2025;FAC-2025-004450;CLI0213;VEN07;SUC01;Local;Transferencia;Completada
VTA004451;24/07/2025;FAC-2025-004451;CLI0399;VEN06;SUC06;WhatsApp;Financiación Propia;Completada
VTA004452;17/05/2025;FAC-2025-004452;CLI0113;VEN13;SUC01;Local;Transferencia;Completada
VTA004453;18/03/2025;FAC-2025-004453;CLI0519;VEN06;SUC06;Web;Transferencia;Completada
VTA004454;28/07/2026;FAC-2026-004454;CLI0345;VEN06;SUC06;Web;Efectivo;Completada
VTA004455;09/11/2025;FAC-2025-004455;CLI0533;VEN13;SUC01;Web;Financiación Propia;Completada
VTA004456;11/12/2025;FAC-2025-004456;CLI0549;VEN06;SUC06;WhatsApp;Financiación Propia;Completada
VTA004457;16/06/2025;FAC-2025-004457;CLI0220;VEN08;SUC02;Marketplace;Efectivo;Completada
VTA004458;18/07/2025;FAC-2025-004458;CLI0224;VEN15;SUC03;Venta Telefónica;Tarjeta Crédito;Completada
VTA004459;22/12/2025;FAC-2025-004459;CLI0108;VEN11;SUC05;Local;Efectivo;Completada
VTA004460;28/02/2025;FAC-2025-004460;CLI0434;VEN18;SUC06;WhatsApp;Tarjeta Débito;Completada
VTA004461;27/08/2025;FAC-2025-004461;CLI0155;VEN01;SUC01;Venta Telefónica;Financiación Propia;Completada
VTA004462;19/11/2025;FAC-2025-004462;CLI0258;VEN07;SUC01;Local;Tarjeta Crédito;Completada
VTA004463;30/04/2026;FAC-2026-004463;CLI0047;VEN15;SUC03;Venta Telefónica;Efectivo;Completada
VTA004464;09/03/2026;FAC-2026-004464;CLI0057;VEN06;SUC06;Local;Tarjeta Débito;Completada
VTA004465;10/08/2025;FAC-2025-004465;CLI0536;VEN01;SUC01;WhatsApp;Tarjeta Crédito;Completada
VTA004466;12/02/2026;FAC-2026-004466;CLI0520;VEN18;SUC06;Marketplace;Tarjeta Débito;Completada
VTA004467;04/07/2026;FAC-2026-004467;CLI0150;VEN18;SUC06;Web;Transferencia;Completada
VTA004468;15/02/2025;FAC-2025-004468;CLI0178;VEN18;SUC06;Web;Financiación Propia;Completada
VTA004469;20/06/2026;FAC-2026-004469;CLI0258;VEN11;SUC05;Marketplace;Transferencia;Completada
VTA004470;29/07/2025;FAC-2025-004470;CLI0328;VEN11;SUC05;Marketplace;Tarjeta Crédito;Completada
VTA004471;07/10/2025;FAC-2025-004471;CLI0281;VEN03;SUC03;Web;Tarjeta Crédito;Completada
VTA004472;23/11/2025;FAC-2025-004472;CLI0388;VEN09;SUC03;Venta Telefónica;Tarjeta Crédito;Completada
VTA004473;28/06/2025;FAC-2025-004473;CLI0011;VEN02;SUC02;Venta Telefónica;Transferencia;Completada
VTA004474;27/11/2025;FAC-2025-004474;CLI0123;VEN07;SUC01;WhatsApp;Tarjeta Crédito;Completada
VTA004475;15/01/2026;FAC-2026-004475;CLI0108;VEN07;SUC01;WhatsApp;Tarjeta Débito;Completada
VTA004476;24/04/2025;FAC-2025-004476;CLI0431;VEN08;SUC02;Venta Telefónica;Financiación Propia;Completada
VTA004477;06/03/2025;FAC-2025-004477;CLI0168;VEN12;SUC06;WhatsApp;Tarjeta Débito;Completada
VTA004478;03/12/2025;FAC-2025-004478;CLI0330;VEN11;SUC05;WhatsApp;Tarjeta Crédito;Cancelada
VTA004479;07/12/2025;FAC-2025-004479;CLI0273;VEN18;SUC06;WhatsApp;Financiación Propia;Completada
VTA004480;25/07/2025;FAC-2025-004480;CLI0487;VEN08;SUC02;Local;Financiación Propia;Completada
VTA004481;05/01/2026;FAC-2026-004481;CLI0525;VEN12;SUC06;Local;Transferencia;Completada
VTA004482;03/02/2025;FAC-2025-004482;CLI0296;VEN12;SUC06;Marketplace;Transferencia;Completada
VTA004483;20/06/2026;FAC-2026-004483;CLI0026;VEN05;SUC05;Marketplace;Tarjeta Débito;Completada
VTA004484;28/09/2025;FAC-2025-004484;CLI0340;VEN07;SUC01;Local;Financiación Propia;Completada
VTA004485;08/02/2025;FAC-2025-004485;CLI0421;VEN08;SUC02;Web;Tarjeta Débito;Completada
VTA004486;06/07/2025;FAC-2025-004486;CLI0307;VEN05;SUC05;WhatsApp;Tarjeta Crédito;Completada
VTA004487;30/11/2025;FAC-2025-004487;CLI0571;VEN08;SUC02;Local;Transferencia;Completada
VTA004488;23/03/2026;FAC-2026-004488;CLI0574;VEN10;SUC04;Web;Transferencia;Completada
VTA004489;04/10/2025;FAC-2025-004489;CLI0304;VEN06;SUC06;Venta Telefónica;Transferencia;Completada
VTA004490;20/07/2026;FAC-2026-004490;CLI0453;VEN15;SUC03;Local;Financiación Propia;Completada
VTA004491;27/10/2025;FAC-2025-004491;CLI0041;VEN05;SUC05;WhatsApp;Financiación Propia;Completada
VTA004492;15/03/2025;FAC-2025-004492;CLI0285;VEN07;SUC01;Local;Tarjeta Crédito;Completada
VTA004493;24/04/2026;FAC-2026-004493;CLI0571;VEN07;SUC01;WhatsApp;Transferencia;Completada
VTA004494;17/03/2025;FAC-2025-004494;CLI0043;VEN03;SUC03;Local;Transferencia;Completada
VTA004495;28/11/2025;FAC-2025-004495;CLI0160;VEN17;SUC05;Web;Transferencia;Completada
VTA004496;12/03/2025;FAC-2025-004496;CLI0052;VEN06;SUC06;Venta Telefónica;Tarjeta Crédito;Completada
VTA004497;05/01/2026;FAC-2026-004497;CLI0302;VEN04;SUC04;WhatsApp;Transferencia;Completada
VTA004498;10/10/2025;FAC-2025-004498;CLI0104;VEN07;SUC01;Web;Tarjeta Débito;Completada
VTA004499;08/07/2026;FAC-2026-004499;CLI0062;VEN17;SUC05;Marketplace;Efectivo;Completada
VTA004500;16/02/2025;FAC-2025-004500;CLI0053;VEN13;SUC01;Venta Telefónica;Tarjeta Débito;Completada
VTA004501;24/02/2025;FAC-2025-004501;CLI0401;VEN01;SUC01;Local;Financiación Propia;Completada
VTA004502;06/06/2026;FAC-2026-004502;CLI0447;VEN01;SUC01;Local;Transferencia;Completada
VTA004503;27/03/2026;FAC-2026-004503;CLI0043;VEN09;SUC03;Venta Telefónica;Efectivo;Completada
VTA004504;13/03/2026;FAC-2026-004504;CLI0212;VEN06;SUC06;Web;Financiación Propia;Completada
VTA004505;16/03/2025;FAC-2025-004505;CLI0436;VEN05;SUC05;Venta Telefónica;Efectivo;Completada
VTA004506;12/07/2026;FAC-2026-004506;CLI0203;VEN16;SUC04;Venta Telefónica;Efectivo;Completada
VTA004507;18/09/2025;FAC-2025-004507;CLI0257;VEN13;SUC01;Venta Telefónica;Efectivo;Completada
VTA004508;12/06/2026;FAC-2026-004508;CLI0087;VEN14;SUC02;Local;Tarjeta Crédito;Completada
VTA004509;17/02/2025;FAC-2025-004509;CLI0580;VEN15;SUC03;Venta Telefónica;Transferencia;Completada
VTA004510;17/01/2026;FAC-2026-004510;CLI0348;VEN09;SUC03;Marketplace;Tarjeta Débito;Completada
VTA004511;03/11/2025;FAC-2025-004511;CLI0230;VEN18;SUC06;WhatsApp;Efectivo;Pendiente
VTA004512;05/02/2025;FAC-2025-004512;CLI0207;VEN15;SUC03;Marketplace;Financiación Propia;Completada
VTA004513;21/05/2025;FAC-2025-004513;CLI0501;VEN11;SUC05;Venta Telefónica;Tarjeta Débito;Completada
VTA004514;10/09/2025;FAC-2025-004514;CLI0424;VEN13;SUC01;Web;Tarjeta Débito;Completada
VTA004515;05/07/2026;FAC-2026-004515;CLI0326;VEN13;SUC01;WhatsApp;Efectivo;Completada
VTA004516;04/08/2025;FAC-2025-004516;CLI0392;VEN14;SUC02;Web;Tarjeta Crédito;Completada
VTA004517;06/11/2025;FAC-2025-004517;CLI0580;VEN17;SUC05;Web;Transferencia;Completada
VTA004518;01/03/2025;FAC-2025-004518;CLI0055;VEN11;SUC05;Venta Telefónica;Efectivo;Completada
VTA004519;06/01/2026;FAC-2026-004519;CLI0131;VEN13;SUC01;Local;Efectivo;Completada
VTA004520;26/02/2026;FAC-2026-004520;CLI0059;VEN08;SUC02;Web;Financiación Propia;Completada
VTA004521;22/02/2025;FAC-2025-004521;CLI0345;VEN14;SUC02;Local;Transferencia;Completada
VTA004522;29/01/2025;FAC-2025-004522;CLI0499;VEN05;SUC05;Web;Financiación Propia;Completada
VTA004523;23/09/2025;FAC-2025-004523;CLI0358;VEN07;SUC01;Web;Financiación Propia;Completada
VTA004524;18/04/2026;FAC-2026-004524;CLI0510;VEN18;SUC06;WhatsApp;Transferencia;Completada
VTA004525;27/02/2026;FAC-2026-004525;CLI0594;VEN18;SUC06;Local;Financiación Propia;Completada
VTA004526;30/07/2025;FAC-2025-004526;CLI0501;VEN03;SUC03;Venta Telefónica;Tarjeta Crédito;Completada
VTA004527;25/02/2026;FAC-2026-004527;CLI0247;VEN13;SUC01;Local;Tarjeta Crédito;Completada
VTA004528;11/09/2025;FAC-2025-004528;CLI0419;VEN02;SUC02;Marketplace;Efectivo;Completada
VTA004529;19/06/2026;FAC-2026-004529;CLI0549;VEN17;SUC05;WhatsApp;Financiación Propia;Completada
VTA004530;23/03/2025;FAC-2025-004530;CLI0151;VEN18;SUC06;Marketplace;Tarjeta Débito;Completada
VTA004531;07/06/2026;FAC-2026-004531;CLI0090;VEN03;SUC03;WhatsApp;Efectivo;Completada
VTA004532;06/01/2025;FAC-2025-004532;CLI0471;VEN13;SUC01;Venta Telefónica;Efectivo;Completada
VTA004533;11/05/2026;FAC-2026-004533;CLI0074;VEN18;SUC06;Marketplace;Financiación Propia;Completada
VTA004534;05/05/2025;FAC-2025-004534;CLI0354;VEN18;SUC06;Venta Telefónica;Tarjeta Débito;Completada
VTA004535;17/03/2026;FAC-2026-004535;CLI0039;VEN06;SUC06;Venta Telefónica;Efectivo;Completada
VTA004536;18/10/2025;FAC-2025-004536;CLI0270;VEN06;SUC06;Local;Tarjeta Crédito;Completada
VTA004537;14/03/2025;FAC-2025-004537;CLI0559;VEN02;SUC02;Web;Tarjeta Débito;Completada
VTA004538;27/05/2025;FAC-2025-004538;CLI0122;VEN18;SUC06;Web;Tarjeta Débito;Completada
VTA004539;24/04/2025;FAC-2025-004539;CLI0141;VEN15;SUC03;Venta Telefónica;Tarjeta Crédito;Completada
VTA004540;12/10/2025;FAC-2025-004540;CLI0595;VEN03;SUC03;Web;Efectivo;Completada
VTA004541;04/02/2025;FAC-2025-004541;CLI0584;VEN11;SUC05;Local;Tarjeta Crédito;Completada
VTA004542;19/12/2025;FAC-2025-004542;CLI0178;VEN17;SUC05;Marketplace;Tarjeta Débito;Completada
VTA004543;03/06/2025;FAC-2025-004543;CLI0101;VEN11;SUC05;Web;Tarjeta Débito;Completada
VTA004544;23/03/2026;FAC-2026-004544;CLI0038;VEN11;SUC05;WhatsApp;Tarjeta Crédito;Completada
VTA004545;07/01/2026;FAC-2026-004545;CLI0554;VEN05;SUC05;Marketplace;Financiación Propia;Completada
VTA004546;16/01/2025;FAC-2025-004546;CLI0571;VEN16;SUC04;Local;Financiación Propia;Completada
VTA004547;07/03/2026;FAC-2026-004547;CLI0201;VEN08;SUC02;Local;Efectivo;Completada
VTA004548;29/05/2026;FAC-2026-004548;CLI0559;VEN06;SUC06;Marketplace;Tarjeta Crédito;Completada
VTA004549;26/01/2026;FAC-2026-004549;CLI0193;VEN02;SUC02;Marketplace;Tarjeta Crédito;Completada
VTA004550;05/08/2025;FAC-2025-004550;CLI0149;VEN14;SUC02;WhatsApp;Financiación Propia;Completada
VTA004551;14/07/2025;FAC-2025-004551;CLI0272;VEN11;SUC05;WhatsApp;Transferencia;Completada
VTA004552;19/06/2025;FAC-2025-004552;CLI0315;VEN02;SUC02;WhatsApp;Financiación Propia;Completada
VTA004553;28/04/2025;FAC-2025-004553;CLI0169;VEN05;SUC05;Marketplace;Tarjeta Débito;Completada
VTA004554;30/01/2025;FAC-2025-004554;CLI0012;VEN05;SUC05;Web;Tarjeta Débito;Completada
VTA004555;13/01/2026;FAC-2026-004555;CLI0005;VEN17;SUC05;Venta Telefónica;Tarjeta Crédito;Completada
VTA004556;19/04/2026;FAC-2026-004556;CLI0324;VEN01;SUC01;Marketplace;Tarjeta Débito;Completada
VTA004557;06/12/2025;FAC-2025-004557;CLI0181;VEN17;SUC05;Venta Telefónica;Transferencia;Completada
VTA004558;11/02/2025;FAC-2025-004558;CLI0476;VEN10;SUC04;Venta Telefónica;Tarjeta Crédito;Completada
VTA004559;09/12/2025;FAC-2025-004559;CLI0070;VEN04;SUC04;WhatsApp;Efectivo;Completada
VTA004560;22/01/2026;FAC-2026-004560;CLI0028;VEN14;SUC02;Web;Financiación Propia;Completada
VTA004561;25/01/2025;FAC-2025-004561;CLI0225;VEN05;SUC05;Local;Financiación Propia;Completada
VTA004562;13/03/2025;FAC-2025-004562;CLI0099;VEN08;SUC02;WhatsApp;Transferencia;Completada
VTA004563;01/08/2025;FAC-2025-004563;CLI0272;VEN10;SUC04;Web;Efectivo;Completada
VTA004564;06/10/2025;FAC-2025-004564;CLI0451;VEN10;SUC04;Venta Telefónica;Transferencia;Completada
VTA004565;07/08/2025;FAC-2025-004565;CLI0465;VEN15;SUC03;Marketplace;Tarjeta Débito;Completada
VTA004566;04/02/2025;FAC-2025-004566;CLI0405;VEN07;SUC01;Venta Telefónica;Tarjeta Crédito;Completada
VTA004567;05/01/2026;FAC-2026-004567;CLI0088;VEN17;SUC05;Web;Tarjeta Débito;Completada
VTA004568;06/07/2026;FAC-2026-004568;CLI0598;VEN04;SUC04;WhatsApp;Tarjeta Crédito;Completada
VTA004569;25/05/2025;FAC-2025-004569;CLI0358;VEN08;SUC02;Venta Telefónica;Efectivo;Completada
VTA004570;20/07/2026;FAC-2026-004570;CLI0558;VEN01;SUC01;WhatsApp;Tarjeta Débito;Pendiente
VTA004571;01/04/2025;FAC-2025-004571;CLI0118;VEN01;SUC01;Web;Tarjeta Débito;Completada
VTA004572;31/07/2026;FAC-2026-004572;CLI0300;VEN18;SUC06;Marketplace;Transferencia;Completada
VTA004573;03/03/2025;FAC-2025-004573;CLI0266;VEN10;SUC04;Marketplace;Financiación Propia;Completada
VTA004574;19/03/2025;FAC-2025-004574;CLI0454;VEN09;SUC03;Web;Tarjeta Débito;Pendiente
VTA004575;27/11/2025;FAC-2025-004575;CLI0283;VEN01;SUC01;Web;Transferencia;Completada
VTA004576;04/04/2025;FAC-2025-004576;CLI0341;VEN14;SUC02;Local;Transferencia;Completada
VTA004577;03/04/2026;FAC-2026-004577;CLI0007;VEN05;SUC05;Local;Financiación Propia;Completada
VTA004578;13/09/2025;FAC-2025-004578;CLI0179;VEN01;SUC01;Local;Efectivo;Completada
VTA004579;05/04/2025;FAC-2025-004579;CLI0014;VEN13;SUC01;Local;Tarjeta Crédito;Completada
VTA004580;16/03/2026;FAC-2026-004580;CLI0422;VEN08;SUC02;Local;Tarjeta Crédito;Completada
VTA004581;17/04/2026;FAC-2026-004581;CLI0599;VEN10;SUC04;Venta Telefónica;Financiación Propia;Completada
VTA004582;15/03/2025;FAC-2025-004582;CLI0349;VEN12;SUC06;Web;Transferencia;Completada
VTA004583;05/07/2025;FAC-2025-004583;CLI0341;VEN14;SUC02;WhatsApp;Efectivo;Completada
VTA004584;08/06/2026;FAC-2026-004584;CLI0116;VEN14;SUC02;WhatsApp;Financiación Propia;Completada
VTA004585;20/04/2025;FAC-2025-004585;CLI0217;VEN13;SUC01;Web;Tarjeta Débito;Completada
VTA004586;01/08/2025;FAC-2025-004586;CLI0569;VEN04;SUC04;Local;Tarjeta Débito;Completada
VTA004587;13/10/2025;FAC-2025-004587;CLI0186;VEN17;SUC05;Local;Financiación Propia;Completada
VTA004588;07/05/2026;FAC-2026-004588;CLI0306;VEN03;SUC03;Web;Tarjeta Débito;Completada
VTA004589;18/04/2025;FAC-2025-004589;CLI0350;VEN06;SUC06;Venta Telefónica;Efectivo;Completada
VTA004590;30/06/2025;FAC-2025-004590;CLI0392;VEN09;SUC03;Venta Telefónica;Financiación Propia;Cancelada
VTA004591;19/11/2025;FAC-2025-004591;CLI0480;VEN18;SUC06;WhatsApp;Efectivo;Completada
VTA004592;22/05/2026;FAC-2026-004592;CLI0469;VEN06;SUC06;Web;Tarjeta Débito;Completada
VTA004593;24/05/2025;FAC-2025-004593;CLI0277;VEN02;SUC02;Marketplace;Tarjeta Crédito;Completada
VTA004594;17/06/2026;FAC-2026-004594;CLI0099;VEN08;SUC02;Venta Telefónica;Transferencia;Completada
VTA004595;11/02/2025;FAC-2025-004595;CLI0154;VEN02;SUC02;WhatsApp;Transferencia;Completada
VTA004596;03/06/2025;FAC-2025-004596;CLI0425;VEN03;SUC03;Local;Tarjeta Crédito;Completada
VTA004597;23/07/2025;FAC-2025-004597;CLI0490;VEN16;SUC04;Venta Telefónica;Transferencia;Completada
VTA004598;21/02/2026;FAC-2026-004598;CLI0224;VEN04;SUC04;Marketplace;Tarjeta Crédito;Completada
VTA004599;19/04/2026;FAC-2026-004599;CLI0111;VEN13;SUC01;Local;Tarjeta Débito;Completada
VTA004600;01/02/2026;FAC-2026-004600;CLI0370;VEN12;SUC06;Local;Transferencia;Completada
VTA004601;28/10/2025;FAC-2025-004601;CLI0286;VEN09;SUC03;WhatsApp;Efectivo;Completada
VTA004602;25/03/2025;FAC-2025-004602;CLI0141;VEN15;SUC03;WhatsApp;Financiación Propia;Completada
VTA004603;26/04/2026;FAC-2026-004603;CLI0093;VEN10;SUC04;Local;Financiación Propia;Completada
VTA004604;23/07/2026;FAC-2026-004604;CLI0305;VEN16;SUC04;WhatsApp;Tarjeta Crédito;Completada
VTA004605;15/12/2025;FAC-2025-004605;CLI0473;VEN12;SUC06;Marketplace;Transferencia;Completada
VTA004606;12/01/2025;FAC-2025-004606;CLI0055;VEN16;SUC04;Local;Financiación Propia;Completada
VTA004607;06/09/2025;FAC-2025-004607;CLI0114;VEN13;SUC01;Venta Telefónica;Tarjeta Crédito;Completada
VTA004608;01/01/2026;FAC-2026-004608;CLI0214;VEN14;SUC02;Venta Telefónica;Efectivo;Completada
VTA004609;02/01/2026;FAC-2026-004609;CLI0596;VEN15;SUC03;Marketplace;Financiación Propia;Completada
VTA004610;31/03/2025;FAC-2025-004610;CLI0240;VEN08;SUC02;WhatsApp;Financiación Propia;Completada
VTA004611;18/05/2026;FAC-2026-004611;CLI0488;VEN04;SUC04;Web;Tarjeta Débito;Completada
VTA004612;24/11/2025;FAC-2025-004612;CLI0208;VEN18;SUC06;Local;Tarjeta Débito;Completada
VTA004613;05/01/2025;FAC-2025-004613;CLI0496;VEN10;SUC04;Venta Telefónica;Transferencia;Completada
VTA004614;17/09/2025;FAC-2025-004614;CLI0564;VEN11;SUC05;Local;Financiación Propia;Completada
VTA004615;12/01/2025;FAC-2025-004615;CLI0127;VEN04;SUC04;Marketplace;Transferencia;Completada
VTA004616;17/04/2026;FAC-2026-004616;CLI0136;VEN15;SUC03;Web;Financiación Propia;Completada
VTA004617;12/03/2025;FAC-2025-004617;CLI0374;VEN05;SUC05;Marketplace;Efectivo;Completada
VTA004618;05/10/2025;FAC-2025-004618;CLI0558;VEN08;SUC02;Local;Financiación Propia;Completada
VTA004619;29/05/2026;FAC-2026-004619;CLI0531;VEN02;SUC02;Marketplace;Financiación Propia;Completada
VTA004620;31/12/2025;FAC-2025-004620;CLI0400;VEN09;SUC03;WhatsApp;Efectivo;Completada
VTA004621;23/01/2026;FAC-2026-004621;CLI0066;VEN11;SUC05;Marketplace;Efectivo;Completada
VTA004622;26/04/2025;FAC-2025-004622;CLI0118;VEN07;SUC01;Local;Tarjeta Débito;Completada
VTA004623;28/12/2025;FAC-2025-004623;CLI0228;VEN12;SUC06;WhatsApp;Financiación Propia;Completada
VTA004624;23/12/2025;FAC-2025-004624;CLI0590;VEN16;SUC04;WhatsApp;Financiación Propia;Completada
VTA004625;27/06/2025;FAC-2025-004625;CLI0342;VEN03;SUC03;Web;Tarjeta Crédito;Completada
VTA004626;02/03/2026;FAC-2026-004626;CLI0523;VEN01;SUC01;WhatsApp;Financiación Propia;Completada
VTA004627;19/06/2026;FAC-2026-004627;CLI0001;VEN16;SUC04;Local;Tarjeta Débito;Completada
VTA004628;18/06/2026;FAC-2026-004628;CLI0446;VEN12;SUC06;WhatsApp;Tarjeta Débito;Completada
VTA004629;02/02/2026;FAC-2026-004629;CLI0550;VEN12;SUC06;Marketplace;Tarjeta Débito;Completada
VTA004630;21/08/2025;FAC-2025-004630;CLI0520;VEN13;SUC01;Local;Transferencia;Completada
VTA004631;20/06/2026;FAC-2026-004631;CLI0579;VEN08;SUC02;Local;Transferencia;Completada
VTA004632;20/09/2025;FAC-2025-004632;CLI0051;VEN17;SUC05;Marketplace;Financiación Propia;Completada
VTA004633;02/02/2026;FAC-2026-004633;CLI0036;VEN13;SUC01;Local;Financiación Propia;Completada
VTA004634;14/03/2026;FAC-2026-004634;CLI0100;VEN11;SUC05;Web;Tarjeta Débito;Completada
VTA004635;07/10/2025;FAC-2025-004635;CLI0348;VEN14;SUC02;Marketplace;Transferencia;Completada
VTA004636;14/11/2025;FAC-2025-004636;CLI0530;VEN10;SUC04;Web;Tarjeta Crédito;Completada
VTA004637;19/03/2025;FAC-2025-004637;CLI0479;VEN05;SUC05;Local;Tarjeta Débito;Completada
VTA004638;23/06/2025;FAC-2025-004638;CLI0273;VEN07;SUC01;Local;Efectivo;Completada
VTA004639;05/04/2026;FAC-2026-004639;CLI0480;VEN09;SUC03;Marketplace;Financiación Propia;Completada
VTA004640;20/09/2025;FAC-2025-004640;CLI0100;VEN03;SUC03;Marketplace;Tarjeta Crédito;Completada
VTA004641;29/07/2026;FAC-2026-004641;CLI0118;VEN07;SUC01;Local;Financiación Propia;Completada
VTA004642;19/02/2025;FAC-2025-004642;CLI0365;VEN01;SUC01;Web;Financiación Propia;Completada
VTA004643;26/06/2026;FAC-2026-004643;CLI0541;VEN14;SUC02;Web;Financiación Propia;Completada
VTA004644;07/07/2025;FAC-2025-004644;CLI0124;VEN03;SUC03;Web;Financiación Propia;Completada
VTA004645;22/05/2025;FAC-2025-004645;CLI0246;VEN16;SUC04;WhatsApp;Tarjeta Crédito;Completada
VTA004646;08/11/2025;FAC-2025-004646;CLI0364;VEN04;SUC04;Venta Telefónica;Transferencia;Completada
VTA004647;10/06/2026;FAC-2026-004647;CLI0462;VEN02;SUC02;WhatsApp;Transferencia;Completada
VTA004648;24/05/2025;FAC-2025-004648;CLI0192;VEN07;SUC01;Web;Efectivo;Completada
VTA004649;14/11/2025;FAC-2025-004649;CLI0052;VEN07;SUC01;Web;Financiación Propia;Completada
VTA004650;06/03/2026;FAC-2026-004650;CLI0284;VEN04;SUC04;Local;Tarjeta Débito;Completada
VTA004651;11/12/2025;FAC-2025-004651;CLI0523;VEN05;SUC05;WhatsApp;Financiación Propia;Completada
VTA004652;11/05/2025;FAC-2025-004652;CLI0106;VEN13;SUC01;Web;Transferencia;Completada
VTA004653;27/04/2026;FAC-2026-004653;CLI0256;VEN08;SUC02;Venta Telefónica;Financiación Propia;Completada
VTA004654;02/10/2025;FAC-2025-004654;CLI0047;VEN10;SUC04;WhatsApp;Tarjeta Crédito;Completada
VTA004655;05/07/2025;FAC-2025-004655;CLI0003;VEN18;SUC06;Local;Transferencia;Completada
VTA004656;24/01/2025;FAC-2025-004656;CLI0435;VEN02;SUC02;Local;Tarjeta Débito;Completada
VTA004657;30/08/2025;FAC-2025-004657;CLI0210;VEN10;SUC04;Local;Tarjeta Crédito;Completada
VTA004658;22/04/2026;FAC-2026-004658;CLI0290;VEN04;SUC04;Venta Telefónica;Efectivo;Completada
VTA004659;14/01/2025;FAC-2025-004659;CLI0353;VEN09;SUC03;WhatsApp;Transferencia;Completada
VTA004660;21/08/2025;FAC-2025-004660;CLI0159;VEN07;SUC01;Venta Telefónica;Tarjeta Débito;Pendiente
VTA004661;23/11/2025;FAC-2025-004661;CLI0278;VEN01;SUC01;Venta Telefónica;Efectivo;Completada
VTA004662;26/11/2025;FAC-2025-004662;CLI0312;VEN13;SUC01;Venta Telefónica;Tarjeta Débito;Completada
VTA004663;24/03/2025;FAC-2025-004663;CLI0530;VEN02;SUC02;WhatsApp;Financiación Propia;Completada
VTA004664;26/04/2025;FAC-2025-004664;CLI0211;VEN16;SUC04;Web;Tarjeta Crédito;Completada
VTA004665;23/02/2026;FAC-2026-004665;CLI0113;VEN15;SUC03;Marketplace;Tarjeta Débito;Completada
VTA004666;06/03/2025;FAC-2025-004666;CLI0342;VEN10;SUC04;Venta Telefónica;Financiación Propia;Completada
VTA004667;27/06/2026;FAC-2026-004667;CLI0017;VEN08;SUC02;Web;Tarjeta Débito;Completada
VTA004668;28/04/2026;FAC-2026-004668;CLI0248;VEN12;SUC06;Marketplace;Efectivo;Completada
VTA004669;14/04/2025;FAC-2025-004669;CLI0511;VEN17;SUC05;Venta Telefónica;Transferencia;Completada
VTA004670;09/09/2025;FAC-2025-004670;CLI0341;VEN17;SUC05;Web;Tarjeta Débito;Completada
VTA004671;01/12/2025;FAC-2025-004671;CLI0508;VEN08;SUC02;WhatsApp;Financiación Propia;Completada
VTA004672;30/05/2026;FAC-2026-004672;CLI0060;VEN09;SUC03;Marketplace;Financiación Propia;Completada
VTA004673;06/02/2025;FAC-2025-004673;CLI0465;VEN07;SUC01;Venta Telefónica;Tarjeta Crédito;Completada
VTA004674;24/10/2025;FAC-2025-004674;CLI0016;VEN03;SUC03;Marketplace;Financiación Propia;Completada
VTA004675;24/12/2025;FAC-2025-004675;CLI0475;VEN17;SUC05;Web;Tarjeta Débito;Completada
VTA004676;01/07/2025;FAC-2025-004676;CLI0055;VEN04;SUC04;Venta Telefónica;Efectivo;Completada
VTA004677;24/04/2025;FAC-2025-004677;CLI0238;VEN07;SUC01;WhatsApp;Tarjeta Crédito;Completada
VTA004678;07/06/2026;FAC-2026-004678;CLI0584;VEN10;SUC04;WhatsApp;Transferencia;Completada
VTA004679;19/03/2025;FAC-2025-004679;CLI0004;VEN06;SUC06;Web;Tarjeta Crédito;Completada
VTA004680;23/05/2026;FAC-2026-004680;CLI0091;VEN17;SUC05;Venta Telefónica;Financiación Propia;Completada
VTA004681;16/04/2026;FAC-2026-004681;CLI0369;VEN11;SUC05;Local;Transferencia;Completada
VTA004682;30/05/2025;FAC-2025-004682;CLI0303;VEN15;SUC03;Venta Telefónica;Efectivo;Completada
VTA004683;15/11/2025;FAC-2025-004683;CLI0140;VEN17;SUC05;Venta Telefónica;Financiación Propia;Completada
VTA004684;27/07/2026;FAC-2026-004684;CLI0569;VEN05;SUC05;WhatsApp;Transferencia;Completada
VTA004685;25/10/2025;FAC-2025-004685;CLI0010;VEN09;SUC03;Venta Telefónica;Transferencia;Completada
VTA004686;06/01/2026;FAC-2026-004686;CLI0443;VEN18;SUC06;Venta Telefónica;Financiación Propia;Completada
VTA004687;05/03/2026;FAC-2026-004687;CLI0367;VEN17;SUC05;WhatsApp;Tarjeta Débito;Completada
VTA004688;21/08/2025;FAC-2025-004688;CLI0541;VEN15;SUC03;WhatsApp;Financiación Propia;Pendiente
VTA004689;03/07/2026;FAC-2026-004689;CLI0227;VEN13;SUC01;Local;Tarjeta Débito;Completada
VTA004690;21/06/2025;FAC-2025-004690;CLI0163;VEN14;SUC02;WhatsApp;Tarjeta Débito;Completada
VTA004691;30/03/2025;FAC-2025-004691;CLI0056;VEN10;SUC04;Venta Telefónica;Tarjeta Débito;Completada
VTA004692;11/02/2026;FAC-2026-004692;CLI0157;VEN02;SUC02;Marketplace;Financiación Propia;Completada
VTA004693;08/10/2025;FAC-2025-004693;CLI0091;VEN13;SUC01;Web;Tarjeta Débito;Completada
VTA004694;10/10/2025;FAC-2025-004694;CLI0101;VEN07;SUC01;Web;Efectivo;Completada
VTA004695;09/07/2025;FAC-2025-004695;CLI0423;VEN04;SUC04;WhatsApp;Transferencia;Completada
VTA004696;16/11/2025;FAC-2025-004696;CLI0254;VEN05;SUC05;Web;Tarjeta Crédito;Completada
VTA004697;26/07/2025;FAC-2025-004697;CLI0043;VEN15;SUC03;WhatsApp;Tarjeta Débito;Completada
VTA004698;12/03/2025;FAC-2025-004698;CLI0141;VEN10;SUC04;Marketplace;Transferencia;Completada
VTA004699;27/12/2025;FAC-2025-004699;CLI0350;VEN06;SUC06;Web;Financiación Propia;Completada
VTA004700;27/03/2026;FAC-2026-004700;CLI0138;VEN16;SUC04;Local;Transferencia;Completada
VTA004701;01/06/2026;FAC-2026-004701;CLI0376;VEN08;SUC02;Marketplace;Tarjeta Débito;Completada
VTA004702;09/02/2025;FAC-2025-004702;CLI0278;VEN07;SUC01;Web;Tarjeta Débito;Completada
VTA004703;06/07/2026;FAC-2026-004703;CLI0158;VEN12;SUC06;Marketplace;Financiación Propia;Completada
VTA004704;03/07/2026;FAC-2026-004704;CLI0232;VEN05;SUC05;Local;Tarjeta Crédito;Completada
VTA004705;28/04/2026;FAC-2026-004705;CLI0063;VEN07;SUC01;Marketplace;Tarjeta Crédito;Completada
VTA004706;15/05/2026;FAC-2026-004706;CLI0439;VEN04;SUC04;Web;Tarjeta Débito;Completada
VTA004707;01/05/2026;FAC-2026-004707;CLI0244;VEN16;SUC04;WhatsApp;Efectivo;Completada
VTA004708;17/10/2025;FAC-2025-004708;CLI0386;VEN10;SUC04;Marketplace;Tarjeta Crédito;Completada
VTA004709;20/09/2025;FAC-2025-004709;CLI0024;VEN02;SUC02;Venta Telefónica;Efectivo;Completada
VTA004710;30/04/2025;FAC-2025-004710;CLI0130;VEN13;SUC01;Web;Transferencia;Completada
VTA004711;26/04/2025;FAC-2025-004711;CLI0382;VEN06;SUC06;Venta Telefónica;Tarjeta Crédito;Completada
VTA004712;04/04/2026;FAC-2026-004712;CLI0377;VEN15;SUC03;Marketplace;Transferencia;Completada
VTA004713;27/03/2025;FAC-2025-004713;CLI0330;VEN12;SUC06;Web;Financiación Propia;Completada
VTA004714;19/07/2026;FAC-2026-004714;CLI0300;VEN14;SUC02;Marketplace;Financiación Propia;Completada
VTA004715;25/08/2025;FAC-2025-004715;CLI0336;VEN11;SUC05;Venta Telefónica;Financiación Propia;Completada
VTA004716;10/03/2026;FAC-2026-004716;CLI0156;VEN13;SUC01;Marketplace;Transferencia;Completada
VTA004717;30/12/2025;FAC-2025-004717;CLI0327;VEN10;SUC04;Web;Financiación Propia;Cancelada
VTA004718;27/02/2026;FAC-2026-004718;CLI0404;VEN15;SUC03;Web;Financiación Propia;Completada
VTA004719;09/01/2025;FAC-2025-004719;CLI0520;VEN12;SUC06;Marketplace;Tarjeta Crédito;Completada
VTA004720;19/02/2026;FAC-2026-004720;CLI0354;VEN08;SUC02;Marketplace;Transferencia;Completada
VTA004721;03/07/2025;FAC-2025-004721;CLI0425;VEN03;SUC03;Marketplace;Financiación Propia;Completada
VTA004722;18/05/2025;FAC-2025-004722;CLI0303;VEN01;SUC01;Marketplace;Efectivo;Completada
VTA004723;20/08/2025;FAC-2025-004723;CLI0475;VEN07;SUC01;Local;Financiación Propia;Completada
VTA004724;30/03/2026;FAC-2026-004724;CLI0038;VEN13;SUC01;WhatsApp;Tarjeta Crédito;Completada
VTA004725;05/06/2026;FAC-2026-004725;CLI0113;VEN10;SUC04;WhatsApp;Transferencia;Completada
VTA004726;24/01/2026;FAC-2026-004726;CLI0493;VEN14;SUC02;Local;Efectivo;Completada
VTA004727;06/05/2026;FAC-2026-004727;CLI0499;VEN13;SUC01;Marketplace;Tarjeta Crédito;Completada
VTA004728;04/02/2025;FAC-2025-004728;CLI0052;VEN11;SUC05;WhatsApp;Tarjeta Crédito;Completada
VTA004729;07/07/2026;FAC-2026-004729;CLI0127;VEN13;SUC01;WhatsApp;Tarjeta Débito;Completada
VTA004730;08/04/2026;FAC-2026-004730;CLI0193;VEN10;SUC04;Venta Telefónica;Tarjeta Crédito;Completada
VTA004731;07/05/2025;FAC-2025-004731;CLI0282;VEN02;SUC02;Web;Tarjeta Débito;Completada
VTA004732;16/02/2025;FAC-2025-004732;CLI0140;VEN07;SUC01;Local;Tarjeta Débito;Completada
VTA004733;18/10/2025;FAC-2025-004733;CLI0194;VEN04;SUC04;Local;Transferencia;Completada
VTA004734;31/08/2025;FAC-2025-004734;CLI0399;VEN05;SUC05;Web;Tarjeta Débito;Completada
VTA004735;08/08/2025;FAC-2025-004735;CLI0541;VEN13;SUC01;Venta Telefónica;Tarjeta Débito;Completada
VTA004736;21/01/2025;FAC-2025-004736;CLI0248;VEN04;SUC04;WhatsApp;Efectivo;Completada
VTA004737;07/05/2026;FAC-2026-004737;CLI0488;VEN13;SUC01;Marketplace;Tarjeta Crédito;Completada
VTA004738;13/07/2026;FAC-2026-004738;CLI0577;VEN09;SUC03;Marketplace;Financiación Propia;Completada
VTA004739;12/09/2025;FAC-2025-004739;CLI0570;VEN14;SUC02;Web;Financiación Propia;Completada
VTA004740;16/12/2025;FAC-2025-004740;CLI0294;VEN03;SUC03;Marketplace;Efectivo;Completada
VTA004741;17/02/2025;FAC-2025-004741;CLI0159;VEN08;SUC02;WhatsApp;Efectivo;Completada
VTA004742;06/05/2025;FAC-2025-004742;CLI0245;VEN07;SUC01;Venta Telefónica;Transferencia;Completada
VTA004743;03/08/2025;FAC-2025-004743;CLI0503;VEN04;SUC04;Venta Telefónica;Financiación Propia;Completada
VTA004744;01/04/2025;FAC-2025-004744;CLI0201;VEN02;SUC02;Local;Financiación Propia;Cancelada
VTA004745;01/07/2025;FAC-2025-004745;CLI0586;VEN05;SUC05;WhatsApp;Financiación Propia;Cancelada
VTA004746;20/08/2025;FAC-2025-004746;CLI0293;VEN06;SUC06;Venta Telefónica;Tarjeta Crédito;Completada
VTA004747;27/04/2026;FAC-2026-004747;CLI0114;VEN11;SUC05;Web;Transferencia;Completada
VTA004748;16/04/2025;FAC-2025-004748;CLI0266;VEN03;SUC03;WhatsApp;Transferencia;Completada
VTA004749;01/04/2025;FAC-2025-004749;CLI0278;VEN03;SUC03;Local;Transferencia;Completada
VTA004750;27/04/2026;FAC-2026-004750;CLI0120;VEN04;SUC04;Local;Tarjeta Débito;Completada
VTA004751;03/06/2025;FAC-2025-004751;CLI0383;VEN05;SUC05;Venta Telefónica;Transferencia;Completada
VTA004752;28/03/2026;FAC-2026-004752;CLI0584;VEN09;SUC03;Web;Tarjeta Débito;Completada
VTA004753;15/08/2025;FAC-2025-004753;CLI0218;VEN04;SUC04;Venta Telefónica;Tarjeta Débito;Completada
VTA004754;15/05/2025;FAC-2025-004754;CLI0597;VEN01;SUC01;Marketplace;Tarjeta Crédito;Completada
VTA004755;24/10/2025;FAC-2025-004755;CLI0472;VEN08;SUC02;Web;Tarjeta Débito;Completada
VTA004756;17/01/2025;FAC-2025-004756;CLI0196;VEN11;SUC05;Marketplace;Transferencia;Completada
VTA004757;08/07/2026;FAC-2026-004757;CLI0001;VEN09;SUC03;Venta Telefónica;Transferencia;Completada
VTA004758;07/08/2025;FAC-2025-004758;CLI0490;VEN17;SUC05;WhatsApp;Tarjeta Crédito;Completada
VTA004759;20/09/2025;FAC-2025-004759;CLI0195;VEN18;SUC06;WhatsApp;Tarjeta Débito;Completada
VTA004760;14/08/2025;FAC-2025-004760;CLI0173;VEN03;SUC03;Marketplace;Tarjeta Crédito;Completada
VTA004761;01/01/2025;FAC-2025-004761;CLI0573;VEN08;SUC02;Marketplace;Efectivo;Completada
VTA004762;02/06/2025;FAC-2025-004762;CLI0586;VEN02;SUC02;Venta Telefónica;Tarjeta Crédito;Completada
VTA004763;08/04/2026;FAC-2026-004763;CLI0433;VEN15;SUC03;Venta Telefónica;Financiación Propia;Completada
VTA004764;17/01/2025;FAC-2025-004764;CLI0330;VEN01;SUC01;Local;Transferencia;Completada
VTA004765;01/08/2025;FAC-2025-004765;CLI0344;VEN18;SUC06;Marketplace;Financiación Propia;Cancelada
VTA004766;21/02/2025;FAC-2025-004766;CLI0259;VEN06;SUC06;Web;Tarjeta Débito;Completada
VTA004767;06/09/2025;FAC-2025-004767;CLI0361;VEN14;SUC02;Marketplace;Tarjeta Débito;Completada
VTA004768;07/03/2026;FAC-2026-004768;CLI0563;VEN14;SUC02;Local;Tarjeta Débito;Completada
VTA004769;01/04/2025;FAC-2025-004769;CLI0507;VEN11;SUC05;Marketplace;Transferencia;Completada
VTA004770;12/05/2025;FAC-2025-004770;CLI0163;VEN13;SUC01;WhatsApp;Tarjeta Crédito;Completada
VTA004771;06/02/2026;FAC-2026-004771;CLI0366;VEN04;SUC04;Venta Telefónica;Efectivo;Completada
VTA004772;07/08/2025;FAC-2025-004772;CLI0511;VEN08;SUC02;Web;Efectivo;Completada
VTA004773;23/06/2026;FAC-2026-004773;CLI0267;VEN07;SUC01;Marketplace;Transferencia;Completada
VTA004774;13/01/2026;FAC-2026-004774;CLI0014;VEN11;SUC05;Marketplace;Tarjeta Crédito;Completada
VTA004775;09/10/2025;FAC-2025-004775;CLI0339;VEN01;SUC01;Marketplace;Financiación Propia;Completada
VTA004776;31/12/2025;FAC-2025-004776;CLI0260;VEN12;SUC06;Marketplace;Efectivo;Completada
VTA004777;28/08/2025;FAC-2025-004777;CLI0026;VEN10;SUC04;Local;Financiación Propia;Completada
VTA004778;23/06/2026;FAC-2026-004778;CLI0211;VEN18;SUC06;WhatsApp;Efectivo;Completada
VTA004779;16/01/2026;FAC-2026-004779;CLI0059;VEN01;SUC01;WhatsApp;Tarjeta Crédito;Completada
VTA004780;11/09/2025;FAC-2025-004780;CLI0301;VEN03;SUC03;WhatsApp;Tarjeta Crédito;Completada
VTA004781;18/02/2025;FAC-2025-004781;CLI0075;VEN17;SUC05;Venta Telefónica;Tarjeta Crédito;Completada
VTA004782;18/06/2025;FAC-2025-004782;CLI0363;VEN02;SUC02;WhatsApp;Tarjeta Crédito;Completada
VTA004783;28/09/2025;FAC-2025-004783;CLI0166;VEN14;SUC02;Local;Financiación Propia;Completada
VTA004784;23/05/2025;FAC-2025-004784;CLI0155;VEN18;SUC06;Web;Tarjeta Débito;Completada
VTA004785;13/01/2025;FAC-2025-004785;CLI0224;VEN10;SUC04;Marketplace;Transferencia;Completada
VTA004786;19/08/2025;FAC-2025-004786;CLI0464;VEN06;SUC06;Venta Telefónica;Transferencia;Completada
VTA004787;31/03/2026;FAC-2026-004787;CLI0391;VEN10;SUC04;Marketplace;Tarjeta Crédito;Completada
VTA004788;13/04/2025;FAC-2025-004788;CLI0244;VEN02;SUC02;Marketplace;Tarjeta Débito;Completada
VTA004789;21/05/2026;FAC-2026-004789;CLI0333;VEN09;SUC03;Venta Telefónica;Transferencia;Completada
VTA004790;17/02/2025;FAC-2025-004790;CLI0504;VEN13;SUC01;Marketplace;Financiación Propia;Completada
VTA004791;07/09/2025;FAC-2025-004791;CLI0148;VEN10;SUC04;Venta Telefónica;Efectivo;Completada
VTA004792;04/08/2025;FAC-2025-004792;CLI0398;VEN09;SUC03;Local;Efectivo;Completada
VTA004793;15/05/2025;FAC-2025-004793;CLI0460;VEN07;SUC01;Venta Telefónica;Tarjeta Débito;Pendiente
VTA004794;27/09/2025;FAC-2025-004794;CLI0467;VEN18;SUC06;Venta Telefónica;Tarjeta Crédito;Completada
VTA004795;22/01/2025;FAC-2025-004795;CLI0074;VEN17;SUC05;Web;Tarjeta Débito;Completada
VTA004796;27/06/2026;FAC-2026-004796;CLI0033;VEN02;SUC02;Web;Tarjeta Crédito;Completada
VTA004797;09/04/2025;FAC-2025-004797;CLI0056;VEN06;SUC06;WhatsApp;Financiación Propia;Completada
VTA004798;10/11/2025;FAC-2025-004798;CLI0092;VEN12;SUC06;Local;Tarjeta Débito;Completada
VTA004799;30/09/2025;FAC-2025-004799;CLI0591;VEN14;SUC02;Local;Transferencia;Completada
VTA004800;13/04/2025;FAC-2025-004800;CLI0399;VEN09;SUC03;Local;Transferencia;Completada
VTA004801;18/03/2026;FAC-2026-004801;CLI0398;VEN18;SUC06;WhatsApp;Financiación Propia;Completada
VTA004802;07/06/2025;FAC-2025-004802;CLI0256;VEN17;SUC05;WhatsApp;Tarjeta Crédito;Completada
VTA004803;18/06/2025;FAC-2025-004803;CLI0412;VEN17;SUC05;Local;Tarjeta Débito;Completada
VTA004804;14/10/2025;FAC-2025-004804;CLI0229;VEN15;SUC03;Local;Efectivo;Completada
VTA004805;06/11/2025;FAC-2025-004805;CLI0132;VEN03;SUC03;Web;Transferencia;Completada
VTA004806;09/06/2026;FAC-2026-004806;CLI0385;VEN08;SUC02;Local;Transferencia;Completada
VTA004807;24/01/2025;FAC-2025-004807;CLI0490;VEN16;SUC04;WhatsApp;Financiación Propia;Completada
VTA004808;29/05/2026;FAC-2026-004808;CLI0128;VEN17;SUC05;Local;Tarjeta Crédito;Completada
VTA004809;08/10/2025;FAC-2025-004809;CLI0185;VEN15;SUC03;Web;Tarjeta Crédito;Completada
VTA004810;29/07/2025;FAC-2025-004810;CLI0262;VEN12;SUC06;Marketplace;Tarjeta Débito;Completada
VTA004811;11/03/2026;FAC-2026-004811;CLI0483;VEN07;SUC01;Venta Telefónica;Tarjeta Crédito;Completada
VTA004812;20/01/2025;FAC-2025-004812;CLI0380;VEN13;SUC01;WhatsApp;Financiación Propia;Completada
VTA004813;04/06/2026;FAC-2026-004813;CLI0210;VEN06;SUC06;Web;Tarjeta Débito;Completada
VTA004814;07/07/2026;FAC-2026-004814;CLI0567;VEN14;SUC02;Local;Transferencia;Completada
VTA004815;26/07/2025;FAC-2025-004815;CLI0215;VEN18;SUC06;Marketplace;Tarjeta Crédito;Completada
VTA004816;21/12/2025;FAC-2025-004816;CLI0436;VEN15;SUC03;WhatsApp;Transferencia;Cancelada
VTA004817;18/08/2025;FAC-2025-004817;CLI0173;VEN05;SUC05;Venta Telefónica;Efectivo;Completada
VTA004818;07/11/2025;FAC-2025-004818;CLI0343;VEN17;SUC05;Local;Efectivo;Completada
VTA004819;03/03/2026;FAC-2026-004819;CLI0509;VEN16;SUC04;WhatsApp;Efectivo;Completada
VTA004820;27/10/2025;FAC-2025-004820;CLI0341;VEN09;SUC03;Local;Efectivo;Completada
VTA004821;30/05/2025;FAC-2025-004821;CLI0461;VEN16;SUC04;WhatsApp;Financiación Propia;Completada
VTA004822;25/01/2025;FAC-2025-004822;CLI0477;VEN05;SUC05;WhatsApp;Tarjeta Débito;Completada
VTA004823;28/05/2025;FAC-2025-004823;CLI0429;VEN10;SUC04;WhatsApp;Tarjeta Débito;Completada
VTA004824;25/08/2025;FAC-2025-004824;CLI0563;VEN07;SUC01;Web;Efectivo;Completada
VTA004825;03/01/2025;FAC-2025-004825;CLI0089;VEN06;SUC06;WhatsApp;Efectivo;Completada
VTA004826;26/01/2025;FAC-2025-004826;CLI0036;VEN08;SUC02;Venta Telefónica;Efectivo;Completada
VTA004827;21/03/2025;FAC-2025-004827;CLI0219;VEN06;SUC06;Web;Tarjeta Débito;Completada
VTA004828;06/02/2026;FAC-2026-004828;CLI0587;VEN06;SUC06;Venta Telefónica;Efectivo;Completada
VTA004829;21/06/2025;FAC-2025-004829;CLI0145;VEN17;SUC05;Local;Tarjeta Débito;Completada
VTA004830;08/06/2026;FAC-2026-004830;CLI0240;VEN08;SUC02;Venta Telefónica;Tarjeta Crédito;Pendiente
VTA004831;08/01/2026;FAC-2026-004831;CLI0277;VEN03;SUC03;Venta Telefónica;Transferencia;Completada
VTA004832;08/07/2025;FAC-2025-004832;CLI0109;VEN02;SUC02;Web;Tarjeta Débito;Pendiente
VTA004833;16/06/2025;FAC-2025-004833;CLI0188;VEN18;SUC06;Web;Tarjeta Débito;Completada
VTA004834;18/11/2025;FAC-2025-004834;CLI0430;VEN13;SUC01;Local;Transferencia;Completada
VTA004835;30/06/2025;FAC-2025-004835;CLI0264;VEN02;SUC02;WhatsApp;Tarjeta Débito;Completada
VTA004836;20/07/2025;FAC-2025-004836;CLI0074;VEN05;SUC05;Venta Telefónica;Financiación Propia;Completada
VTA004837;11/08/2025;FAC-2025-004837;CLI0538;VEN06;SUC06;Web;Tarjeta Débito;Completada
VTA004838;14/06/2025;FAC-2025-004838;CLI0493;VEN12;SUC06;Venta Telefónica;Efectivo;Completada
VTA004839;25/04/2025;FAC-2025-004839;CLI0455;VEN04;SUC04;Local;Transferencia;Completada
VTA004840;28/05/2026;FAC-2026-004840;CLI0411;VEN01;SUC01;Marketplace;Tarjeta Crédito;Completada
VTA004841;28/06/2025;FAC-2025-004841;CLI0235;VEN02;SUC02;WhatsApp;Tarjeta Débito;Completada
VTA004842;30/09/2025;FAC-2025-004842;CLI0144;VEN12;SUC06;WhatsApp;Transferencia;Completada
VTA004843;26/04/2025;FAC-2025-004843;CLI0543;VEN04;SUC04;Local;Tarjeta Débito;Completada
VTA004844;11/07/2026;FAC-2026-004844;CLI0324;VEN09;SUC03;WhatsApp;Transferencia;Completada
VTA004845;09/05/2025;FAC-2025-004845;CLI0256;VEN16;SUC04;Web;Efectivo;Completada
VTA004846;11/06/2025;FAC-2025-004846;CLI0323;VEN08;SUC02;Local;Transferencia;Completada
VTA004847;23/09/2025;FAC-2025-004847;CLI0537;VEN17;SUC05;Marketplace;Financiación Propia;Completada
VTA004848;23/07/2025;FAC-2025-004848;CLI0347;VEN13;SUC01;Web;Tarjeta Crédito;Completada
VTA004849;27/09/2025;FAC-2025-004849;CLI0246;VEN17;SUC05;Marketplace;Tarjeta Crédito;Completada
VTA004850;06/05/2025;FAC-2025-004850;CLI0096;VEN18;SUC06;Venta Telefónica;Financiación Propia;Completada
VTA004851;14/10/2025;FAC-2025-004851;CLI0239;VEN17;SUC05;Venta Telefónica;Efectivo;Completada
VTA004852;05/04/2026;FAC-2026-004852;CLI0355;VEN10;SUC04;Local;Financiación Propia;Completada
VTA004853;05/02/2025;FAC-2025-004853;CLI0078;VEN05;SUC05;Web;Tarjeta Crédito;Completada
VTA004854;23/04/2026;FAC-2026-004854;CLI0280;VEN06;SUC06;Local;Financiación Propia;Completada
VTA004855;11/02/2025;FAC-2025-004855;CLI0459;VEN02;SUC02;Local;Tarjeta Crédito;Completada
VTA004856;14/04/2026;FAC-2026-004856;CLI0122;VEN04;SUC04;Venta Telefónica;Efectivo;Completada
VTA004857;16/02/2025;FAC-2025-004857;CLI0053;VEN03;SUC03;Web;Tarjeta Crédito;Completada
VTA004858;27/07/2025;FAC-2025-004858;CLI0113;VEN04;SUC04;Marketplace;Efectivo;Completada
VTA004859;15/10/2025;FAC-2025-004859;CLI0030;VEN15;SUC03;Web;Tarjeta Débito;Completada
VTA004860;12/05/2025;FAC-2025-004860;CLI0329;VEN10;SUC04;Local;Tarjeta Débito;Completada
VTA004861;07/07/2025;FAC-2025-004861;CLI0444;VEN12;SUC06;Marketplace;Tarjeta Débito;Completada
VTA004862;24/03/2025;FAC-2025-004862;CLI0497;VEN18;SUC06;Marketplace;Tarjeta Débito;Completada
VTA004863;23/01/2026;FAC-2026-004863;CLI0223;VEN16;SUC04;Venta Telefónica;Efectivo;Completada
VTA004864;19/04/2026;FAC-2026-004864;CLI0331;VEN15;SUC03;Venta Telefónica;Transferencia;Completada
VTA004865;08/07/2025;FAC-2025-004865;CLI0440;VEN13;SUC01;Venta Telefónica;Financiación Propia;Completada
VTA004866;03/06/2026;FAC-2026-004866;CLI0231;VEN05;SUC05;Venta Telefónica;Tarjeta Débito;Completada
VTA004867;28/05/2026;FAC-2026-004867;CLI0102;VEN03;SUC03;Marketplace;Tarjeta Crédito;Completada
VTA004868;19/04/2026;FAC-2026-004868;CLI0359;VEN08;SUC02;Marketplace;Transferencia;Completada
VTA004869;21/08/2025;FAC-2025-004869;CLI0446;VEN04;SUC04;Local;Tarjeta Crédito;Completada
VTA004870;22/01/2026;FAC-2026-004870;CLI0133;VEN14;SUC02;WhatsApp;Efectivo;Completada
VTA004871;16/07/2026;FAC-2026-004871;CLI0321;VEN13;SUC01;Venta Telefónica;Tarjeta Débito;Completada
VTA004872;26/12/2025;FAC-2025-004872;CLI0315;VEN11;SUC05;Local;Financiación Propia;Completada
VTA004873;25/01/2026;FAC-2026-004873;CLI0099;VEN06;SUC06;Local;Tarjeta Débito;Completada
VTA004874;12/04/2025;FAC-2025-004874;CLI0039;VEN17;SUC05;Web;Tarjeta Crédito;Pendiente
VTA004875;22/05/2025;FAC-2025-004875;CLI0172;VEN17;SUC05;Venta Telefónica;Tarjeta Crédito;Completada
VTA004876;20/07/2026;FAC-2026-004876;CLI0468;VEN10;SUC04;Marketplace;Transferencia;Completada
VTA004877;19/03/2026;FAC-2026-004877;CLI0460;VEN07;SUC01;Web;Transferencia;Completada
VTA004878;09/10/2025;FAC-2025-004878;CLI0418;VEN10;SUC04;Venta Telefónica;Tarjeta Débito;Completada
VTA004879;26/03/2025;FAC-2025-004879;CLI0516;VEN13;SUC01;WhatsApp;Transferencia;Completada
VTA004880;26/05/2025;FAC-2025-004880;CLI0541;VEN13;SUC01;WhatsApp;Tarjeta Crédito;Completada
VTA004881;21/09/2025;FAC-2025-004881;CLI0024;VEN13;SUC01;Web;Tarjeta Débito;Completada
VTA004882;28/03/2026;FAC-2026-004882;CLI0261;VEN02;SUC02;Web;Financiación Propia;Completada
VTA004883;05/04/2025;FAC-2025-004883;CLI0272;VEN02;SUC02;Venta Telefónica;Tarjeta Débito;Completada
VTA004884;18/01/2025;FAC-2025-004884;CLI0396;VEN09;SUC03;Venta Telefónica;Tarjeta Débito;Completada
VTA004885;12/02/2026;FAC-2026-004885;CLI0261;VEN02;SUC02;Local;Financiación Propia;Completada
VTA004886;11/07/2025;FAC-2025-004886;CLI0037;VEN18;SUC06;Web;Tarjeta Débito;Completada
VTA004887;27/09/2025;FAC-2025-004887;CLI0298;VEN04;SUC04;Web;Tarjeta Débito;Completada
VTA004888;08/07/2026;FAC-2026-004888;CLI0281;VEN13;SUC01;Marketplace;Tarjeta Débito;Pendiente
VTA004889;01/07/2026;FAC-2026-004889;CLI0323;VEN08;SUC02;Marketplace;Tarjeta Crédito;Completada
VTA004890;14/03/2025;FAC-2025-004890;CLI0078;VEN09;SUC03;WhatsApp;Transferencia;Completada
VTA004891;09/07/2026;FAC-2026-004891;CLI0445;VEN03;SUC03;WhatsApp;Tarjeta Débito;Completada
VTA004892;13/12/2025;FAC-2025-004892;CLI0048;VEN11;SUC05;Marketplace;Financiación Propia;Completada
VTA004893;22/09/2025;FAC-2025-004893;CLI0402;VEN01;SUC01;Venta Telefónica;Transferencia;Completada
VTA004894;15/02/2026;FAC-2026-004894;CLI0279;VEN15;SUC03;Local;Transferencia;Completada
VTA004895;13/06/2025;FAC-2025-004895;CLI0271;VEN05;SUC05;Venta Telefónica;Efectivo;Completada
VTA004896;05/03/2026;FAC-2026-004896;CLI0040;VEN01;SUC01;Local;Financiación Propia;Completada
VTA004897;21/06/2025;FAC-2025-004897;CLI0147;VEN06;SUC06;Marketplace;Efectivo;Completada
VTA004898;11/07/2025;FAC-2025-004898;CLI0044;VEN12;SUC06;Venta Telefónica;Tarjeta Débito;Completada
VTA004899;13/11/2025;FAC-2025-004899;CLI0442;VEN02;SUC02;Marketplace;Tarjeta Crédito;Completada
VTA004900;09/06/2026;FAC-2026-004900;CLI0502;VEN14;SUC02;Local;Financiación Propia;Completada
VTA004901;23/07/2025;FAC-2025-004901;CLI0152;VEN16;SUC04;Marketplace;Financiación Propia;Completada
VTA004902;19/02/2026;FAC-2026-004902;CLI0411;VEN06;SUC06;Local;Tarjeta Crédito;Completada
VTA004903;05/01/2025;FAC-2025-004903;CLI0224;VEN11;SUC05;Venta Telefónica;Transferencia;Pendiente
VTA004904;29/07/2026;FAC-2026-004904;CLI0508;VEN12;SUC06;Venta Telefónica;Tarjeta Crédito;Completada
VTA004905;08/09/2025;FAC-2025-004905;CLI0395;VEN17;SUC05;WhatsApp;Tarjeta Crédito;Completada
VTA004906;09/12/2025;FAC-2025-004906;CLI0084;VEN08;SUC02;Venta Telefónica;Financiación Propia;Completada
VTA004907;19/09/2025;FAC-2025-004907;CLI0058;VEN17;SUC05;WhatsApp;Transferencia;Completada
VTA004908;25/07/2025;FAC-2025-004908;CLI0047;VEN02;SUC02;Local;Financiación Propia;Completada
VTA004909;24/08/2025;FAC-2025-004909;CLI0198;VEN05;SUC05;WhatsApp;Efectivo;Completada
VTA004910;25/04/2026;FAC-2026-004910;CLI0519;VEN16;SUC04;WhatsApp;Tarjeta Crédito;Completada
VTA004911;29/07/2025;FAC-2025-004911;CLI0554;VEN13;SUC01;Local;Tarjeta Crédito;Completada
VTA004912;17/11/2025;FAC-2025-004912;CLI0412;VEN08;SUC02;Web;Transferencia;Cancelada
VTA004913;14/07/2025;FAC-2025-004913;CLI0081;VEN11;SUC05;Local;Tarjeta Crédito;Completada
VTA004914;14/04/2025;FAC-2025-004914;CLI0227;VEN05;SUC05;Local;Transferencia;Completada
VTA004915;02/01/2026;FAC-2026-004915;CLI0103;VEN15;SUC03;Venta Telefónica;Transferencia;Completada
VTA004916;07/10/2025;FAC-2025-004916;CLI0197;VEN06;SUC06;Venta Telefónica;Transferencia;Completada
VTA004917;12/06/2026;FAC-2026-004917;CLI0323;VEN04;SUC04;Web;Tarjeta Crédito;Completada
VTA004918;31/05/2025;FAC-2025-004918;CLI0074;VEN10;SUC04;Marketplace;Tarjeta Débito;Completada
VTA004919;10/03/2026;FAC-2026-004919;CLI0319;VEN12;SUC06;Marketplace;Efectivo;Pendiente
VTA004920;08/06/2025;FAC-2025-004920;CLI0030;VEN03;SUC03;Local;Transferencia;Completada
VTA004921;24/04/2025;FAC-2025-004921;CLI0061;VEN10;SUC04;Local;Tarjeta Débito;Completada
VTA004922;14/04/2026;FAC-2026-004922;CLI0167;VEN14;SUC02;Local;Tarjeta Débito;Completada
VTA004923;20/01/2025;FAC-2025-004923;CLI0466;VEN08;SUC02;Web;Financiación Propia;Completada
VTA004924;22/07/2026;FAC-2026-004924;CLI0429;VEN18;SUC06;Web;Transferencia;Completada
VTA004925;08/09/2025;FAC-2025-004925;CLI0151;VEN06;SUC06;Venta Telefónica;Financiación Propia;Completada
VTA004926;09/06/2025;FAC-2025-004926;CLI0446;VEN05;SUC05;WhatsApp;Transferencia;Completada
VTA004927;07/05/2025;FAC-2025-004927;CLI0023;VEN18;SUC06;Web;Transferencia;Completada
VTA004928;26/07/2025;FAC-2025-004928;CLI0454;VEN07;SUC01;Web;Tarjeta Débito;Completada
VTA004929;08/11/2025;FAC-2025-004929;CLI0403;VEN17;SUC05;Web;Tarjeta Crédito;Completada
VTA004930;08/05/2025;FAC-2025-004930;CLI0110;VEN15;SUC03;WhatsApp;Efectivo;Completada
VTA004931;29/01/2026;FAC-2026-004931;CLI0536;VEN09;SUC03;Marketplace;Tarjeta Crédito;Completada
VTA004932;24/01/2026;FAC-2026-004932;CLI0063;VEN09;SUC03;Web;Financiación Propia;Completada
VTA004933;12/12/2025;FAC-2025-004933;CLI0043;VEN12;SUC06;Venta Telefónica;Efectivo;Completada
VTA004934;16/04/2025;FAC-2025-004934;CLI0540;VEN05;SUC05;Venta Telefónica;Tarjeta Débito;Completada
VTA004935;18/01/2025;FAC-2025-004935;CLI0166;VEN14;SUC02;Venta Telefónica;Transferencia;Completada
VTA004936;13/11/2025;FAC-2025-004936;CLI0499;VEN02;SUC02;Local;Financiación Propia;Completada
VTA004937;06/02/2026;FAC-2026-004937;CLI0233;VEN13;SUC01;Venta Telefónica;Financiación Propia;Cancelada
VTA004938;15/12/2025;FAC-2025-004938;CLI0111;VEN12;SUC06;Web;Financiación Propia;Completada
VTA004939;06/07/2025;FAC-2025-004939;CLI0320;VEN02;SUC02;Web;Tarjeta Crédito;Completada
VTA004940;22/04/2025;FAC-2025-004940;CLI0106;VEN05;SUC05;Venta Telefónica;Tarjeta Crédito;Completada
VTA004941;17/07/2026;FAC-2026-004941;CLI0056;VEN01;SUC01;Local;Financiación Propia;Completada
VTA004942;20/04/2025;FAC-2025-004942;CLI0268;VEN16;SUC04;WhatsApp;Transferencia;Completada
VTA004943;20/03/2025;FAC-2025-004943;CLI0563;VEN01;SUC01;Marketplace;Tarjeta Débito;Cancelada
VTA004944;09/03/2026;FAC-2026-004944;CLI0339;VEN02;SUC02;Web;Transferencia;Completada
VTA004945;26/02/2026;FAC-2026-004945;CLI0468;VEN11;SUC05;WhatsApp;Financiación Propia;Completada
VTA004946;08/12/2025;FAC-2025-004946;CLI0571;VEN15;SUC03;WhatsApp;Efectivo;Completada
VTA004947;27/01/2025;FAC-2025-004947;CLI0359;VEN04;SUC04;Local;Efectivo;Pendiente
VTA004948;22/05/2025;FAC-2025-004948;CLI0222;VEN08;SUC02;Venta Telefónica;Tarjeta Crédito;Completada
VTA004949;24/01/2025;FAC-2025-004949;CLI0499;VEN07;SUC01;Marketplace;Efectivo;Completada
VTA004950;23/08/2025;FAC-2025-004950;CLI0327;VEN03;SUC03;Venta Telefónica;Tarjeta Débito;Completada
VTA004951;25/06/2025;FAC-2025-004951;CLI0323;VEN14;SUC02;Venta Telefónica;Efectivo;Completada
VTA004952;17/06/2025;FAC-2025-004952;CLI0118;VEN07;SUC01;WhatsApp;Tarjeta Débito;Completada
VTA004953;19/03/2026;FAC-2026-004953;CLI0295;VEN05;SUC05;WhatsApp;Tarjeta Débito;Completada
VTA004954;09/02/2026;FAC-2026-004954;CLI0132;VEN09;SUC03;Local;Transferencia;Completada
VTA004955;24/07/2025;FAC-2025-004955;CLI0115;VEN11;SUC05;Marketplace;Tarjeta Crédito;Completada
VTA004956;15/06/2026;FAC-2026-004956;CLI0289;VEN18;SUC06;Marketplace;Tarjeta Crédito;Completada
VTA004957;13/04/2025;FAC-2025-004957;CLI0555;VEN03;SUC03;Marketplace;Tarjeta Débito;Completada
VTA004958;27/05/2025;FAC-2025-004958;CLI0454;VEN13;SUC01;WhatsApp;Efectivo;Completada
VTA004959;24/09/2025;FAC-2025-004959;CLI0252;VEN11;SUC05;Venta Telefónica;Tarjeta Débito;Completada
VTA004960;11/06/2025;FAC-2025-004960;CLI0176;VEN03;SUC03;WhatsApp;Transferencia;Completada
VTA004961;23/05/2026;FAC-2026-004961;CLI0155;VEN17;SUC05;Web;Efectivo;Completada
VTA004962;15/04/2025;FAC-2025-004962;CLI0121;VEN15;SUC03;Venta Telefónica;Efectivo;Pendiente
VTA004963;03/12/2025;FAC-2025-004963;CLI0287;VEN16;SUC04;Web;Transferencia;Completada
VTA004964;18/08/2025;FAC-2025-004964;CLI0334;VEN05;SUC05;WhatsApp;Transferencia;Completada
VTA004965;09/06/2025;FAC-2025-004965;CLI0295;VEN17;SUC05;Marketplace;Tarjeta Débito;Completada
VTA004966;24/10/2025;FAC-2025-004966;CLI0339;VEN08;SUC02;WhatsApp;Tarjeta Débito;Completada
VTA004967;05/02/2026;FAC-2026-004967;CLI0419;VEN01;SUC01;Local;Transferencia;Completada
VTA004968;05/03/2026;FAC-2026-004968;CLI0062;VEN04;SUC04;Web;Efectivo;Completada
VTA004969;31/01/2026;FAC-2026-004969;CLI0538;VEN06;SUC06;Web;Efectivo;Completada
VTA004970;03/07/2025;FAC-2025-004970;CLI0234;VEN07;SUC01;WhatsApp;Tarjeta Crédito;Completada
VTA004971;02/02/2026;FAC-2026-004971;CLI0432;VEN16;SUC04;Marketplace;Transferencia;Pendiente
VTA004972;30/07/2026;FAC-2026-004972;CLI0056;VEN15;SUC03;Venta Telefónica;Efectivo;Completada
VTA004973;19/03/2025;FAC-2025-004973;CLI0254;VEN01;SUC01;Venta Telefónica;Efectivo;Completada
VTA004974;30/01/2026;FAC-2026-004974;CLI0461;VEN10;SUC04;Marketplace;Tarjeta Débito;Completada
VTA004975;12/03/2026;FAC-2026-004975;CLI0011;VEN09;SUC03;Venta Telefónica;Financiación Propia;Completada
VTA004976;12/12/2025;FAC-2025-004976;CLI0478;VEN08;SUC02;Marketplace;Tarjeta Débito;Completada
VTA004977;11/08/2025;FAC-2025-004977;CLI0058;VEN18;SUC06;Marketplace;Financiación Propia;Completada
VTA004978;27/09/2025;FAC-2025-004978;CLI0460;VEN06;SUC06;Web;Efectivo;Completada
VTA004979;10/11/2025;FAC-2025-004979;CLI0391;VEN18;SUC06;Marketplace;Financiación Propia;Completada
VTA004980;15/02/2026;FAC-2026-004980;CLI0459;VEN11;SUC05;Venta Telefónica;Efectivo;Completada
VTA004981;13/07/2026;FAC-2026-004981;CLI0570;VEN03;SUC03;Local;Transferencia;Completada
VTA004982;27/05/2026;FAC-2026-004982;CLI0160;VEN09;SUC03;Web;Efectivo;Completada
VTA004983;23/06/2026;FAC-2026-004983;CLI0284;VEN17;SUC05;Marketplace;Efectivo;Completada
VTA004984;15/02/2025;FAC-2025-004984;CLI0426;VEN08;SUC02;Web;Transferencia;Completada
VTA004985;31/03/2025;FAC-2025-004985;CLI0342;VEN04;SUC04;Venta Telefónica;Efectivo;Completada
VTA004986;16/05/2026;FAC-2026-004986;CLI0198;VEN17;SUC05;Marketplace;Tarjeta Crédito;Completada
VTA004987;01/01/2025;FAC-2025-004987;CLI0370;VEN13;SUC01;Web;Tarjeta Débito;Completada
VTA004988;05/04/2025;FAC-2025-004988;CLI0461;VEN13;SUC01;Web;Transferencia;Completada
VTA004989;21/05/2025;FAC-2025-004989;CLI0527;VEN07;SUC01;Marketplace;Financiación Propia;Completada
VTA004990;24/06/2026;FAC-2026-004990;CLI0392;VEN08;SUC02;Local;Tarjeta Crédito;Completada
VTA004991;22/06/2026;FAC-2026-004991;CLI0122;VEN11;SUC05;Local;Tarjeta Crédito;Completada
VTA004992;21/04/2025;FAC-2025-004992;CLI0418;VEN09;SUC03;Web;Financiación Propia;Completada
VTA004993;21/05/2026;FAC-2026-004993;CLI0557;VEN17;SUC05;Web;Tarjeta Débito;Completada
VTA004994;01/12/2025;FAC-2025-004994;CLI0001;VEN07;SUC01;Marketplace;Financiación Propia;Completada
VTA004995;22/04/2025;FAC-2025-004995;CLI0568;VEN04;SUC04;Web;Tarjeta Débito;Completada
VTA004996;20/07/2025;FAC-2025-004996;CLI0181;VEN08;SUC02;Web;Efectivo;Completada
VTA004997;22/06/2026;FAC-2026-004997;CLI0338;VEN18;SUC06;Venta Telefónica;Financiación Propia;Completada
VTA004998;15/01/2025;FAC-2025-004998;CLI0026;VEN07;SUC01;Web;Financiación Propia;Completada
VTA004999;26/07/2026;FAC-2026-004999;CLI0148;VEN10;SUC04;Web;Tarjeta Crédito;Completada
VTA005000;06/02/2026;FAC-2026-005000;CLI0002;VEN01;SUC01;Venta Telefónica;Tarjeta Débito;Completada
VTA005001;07/09/2025;FAC-2025-005001;CLI0554;VEN04;SUC04;Web;Efectivo;Completada
VTA005002;24/11/2025;FAC-2025-005002;CLI0181;VEN01;SUC01;WhatsApp;Tarjeta Crédito;Completada
VTA005003;05/01/2026;FAC-2026-005003;CLI0520;VEN06;SUC06;Venta Telefónica;Financiación Propia;Completada
VTA005004;18/04/2026;FAC-2026-005004;CLI0426;VEN05;SUC05;Web;Tarjeta Crédito;Completada
VTA005005;21/01/2025;FAC-2025-005005;CLI0210;VEN07;SUC01;Marketplace;Transferencia;Completada
VTA005006;29/12/2025;FAC-2025-005006;CLI0038;VEN09;SUC03;Web;Transferencia;Completada
VTA005007;25/10/2025;FAC-2025-005007;CLI0380;VEN06;SUC06;Marketplace;Transferencia;Completada
VTA005008;25/04/2026;FAC-2026-005008;CLI0546;VEN15;SUC03;Web;Financiación Propia;Completada
VTA005009;22/05/2025;FAC-2025-005009;CLI0211;VEN06;SUC06;Marketplace;Tarjeta Débito;Completada
VTA005010;07/08/2025;FAC-2025-005010;CLI0503;VEN08;SUC02;Marketplace;Efectivo;Pendiente
VTA005011;24/10/2025;FAC-2025-005011;CLI0167;VEN16;SUC04;Web;Transferencia;Completada
VTA005012;27/12/2025;FAC-2025-005012;CLI0257;VEN12;SUC06;Web;Tarjeta Débito;Completada
VTA005013;15/11/2025;FAC-2025-005013;CLI0466;VEN13;SUC01;WhatsApp;Efectivo;Completada
VTA005014;05/05/2026;FAC-2026-005014;CLI0100;VEN08;SUC02;Marketplace;Financiación Propia;Completada
VTA005015;30/03/2025;FAC-2025-005015;CLI0440;VEN10;SUC04;Marketplace;Efectivo;Completada
VTA005016;13/04/2025;FAC-2025-005016;CLI0500;VEN14;SUC02;Web;Financiación Propia;Completada
VTA005017;09/06/2026;FAC-2026-005017;CLI0290;VEN03;SUC03;Web;Efectivo;Completada
VTA005018;28/02/2025;FAC-2025-005018;CLI0516;VEN09;SUC03;Web;Financiación Propia;Completada
VTA005019;09/10/2025;FAC-2025-005019;CLI0502;VEN04;SUC04;Web;Tarjeta Débito;Completada
VTA005020;04/10/2025;FAC-2025-005020;CLI0288;VEN06;SUC06;Local;Tarjeta Débito;Completada
VTA005021;08/05/2026;FAC-2026-005021;CLI0600;VEN12;SUC06;Web;Tarjeta Débito;Completada
VTA005022;02/01/2025;FAC-2025-005022;CLI0556;VEN16;SUC04;Venta Telefónica;Transferencia;Pendiente
VTA005023;21/01/2025;FAC-2025-005023;CLI0052;VEN11;SUC05;Marketplace;Tarjeta Débito;Completada
VTA005024;24/09/2025;FAC-2025-005024;CLI0532;VEN02;SUC02;Local;Financiación Propia;Completada
VTA005025;28/04/2026;FAC-2026-005025;CLI0057;VEN14;SUC02;Marketplace;Tarjeta Débito;Completada
VTA005026;16/05/2026;FAC-2026-005026;CLI0442;VEN10;SUC04;WhatsApp;Transferencia;Completada
VTA005027;24/05/2026;FAC-2026-005027;CLI0526;VEN01;SUC01;Venta Telefónica;Financiación Propia;Completada
VTA005028;21/03/2025;FAC-2025-005028;CLI0105;VEN07;SUC01;Local;Financiación Propia;Completada
VTA005029;06/09/2025;FAC-2025-005029;CLI0469;VEN14;SUC02;Web;Transferencia;Completada
VTA005030;27/05/2025;FAC-2025-005030;CLI0121;VEN13;SUC01;Marketplace;Financiación Propia;Completada
VTA005031;31/05/2025;FAC-2025-005031;CLI0328;VEN16;SUC04;Local;Tarjeta Crédito;Cancelada
VTA005032;24/06/2025;FAC-2025-005032;CLI0200;VEN02;SUC02;Web;Transferencia;Completada
VTA005033;10/06/2025;FAC-2025-005033;CLI0235;VEN17;SUC05;WhatsApp;Efectivo;Completada
VTA005034;26/06/2025;FAC-2025-005034;CLI0461;VEN08;SUC02;Marketplace;Tarjeta Crédito;Completada
VTA005035;18/12/2025;FAC-2025-005035;CLI0599;VEN09;SUC03;Web;Financiación Propia;Completada
VTA005036;07/07/2026;FAC-2026-005036;CLI0575;VEN16;SUC04;Marketplace;Financiación Propia;Completada
VTA005037;09/10/2025;FAC-2025-005037;CLI0222;VEN01;SUC01;WhatsApp;Tarjeta Débito;Completada
VTA005038;02/05/2025;FAC-2025-005038;CLI0137;VEN13;SUC01;Web;Efectivo;Completada
VTA005039;16/01/2026;FAC-2026-005039;CLI0556;VEN03;SUC03;Venta Telefónica;Transferencia;Completada
VTA005040;22/08/2025;FAC-2025-005040;CLI0159;VEN05;SUC05;Local;Tarjeta Crédito;Completada
VTA005041;11/02/2026;FAC-2026-005041;CLI0119;VEN15;SUC03;Web;Financiación Propia;Completada
VTA005042;13/03/2025;FAC-2025-005042;CLI0263;VEN16;SUC04;Marketplace;Financiación Propia;Completada
VTA005043;14/12/2025;FAC-2025-005043;CLI0279;VEN09;SUC03;Web;Financiación Propia;Completada
VTA005044;25/05/2026;FAC-2026-005044;CLI0383;VEN06;SUC06;Marketplace;Tarjeta Débito;Completada
VTA005045;01/11/2025;FAC-2025-005045;CLI0153;VEN01;SUC01;WhatsApp;Transferencia;Completada
VTA005046;12/03/2026;FAC-2026-005046;CLI0536;VEN12;SUC06;Marketplace;Tarjeta Crédito;Completada
VTA005047;30/04/2025;FAC-2025-005047;CLI0092;VEN07;SUC01;Marketplace;Efectivo;Completada
VTA005048;23/08/2025;FAC-2025-005048;CLI0348;VEN09;SUC03;Marketplace;Tarjeta Crédito;Completada
VTA005049;06/03/2026;FAC-2026-005049;CLI0140;VEN06;SUC06;Local;Tarjeta Débito;Completada
VTA005050;29/10/2025;FAC-2025-005050;CLI0184;VEN05;SUC05;Marketplace;Efectivo;Completada
VTA005051;11/08/2025;FAC-2025-005051;CLI0218;VEN12;SUC06;WhatsApp;Tarjeta Crédito;Completada
VTA005052;11/08/2025;FAC-2025-005052;CLI0546;VEN16;SUC04;WhatsApp;Financiación Propia;Completada
VTA005053;19/12/2025;FAC-2025-005053;CLI0499;VEN15;SUC03;Venta Telefónica;Transferencia;Completada
VTA005054;06/12/2025;FAC-2025-005054;CLI0308;VEN08;SUC02;WhatsApp;Tarjeta Crédito;Completada
VTA005055;29/06/2025;FAC-2025-005055;CLI0448;VEN02;SUC02;Marketplace;Tarjeta Débito;Completada
VTA005056;05/01/2026;FAC-2026-005056;CLI0202;VEN16;SUC04;Local;Tarjeta Débito;Completada
VTA005057;11/05/2025;FAC-2025-005057;CLI0530;VEN08;SUC02;Web;Efectivo;Completada
VTA005058;08/03/2026;FAC-2026-005058;CLI0562;VEN09;SUC03;Local;Transferencia;Completada
VTA005059;07/02/2025;FAC-2025-005059;CLI0336;VEN06;SUC06;Marketplace;Tarjeta Crédito;Completada
VTA005060;12/05/2026;FAC-2026-005060;CLI0098;VEN10;SUC04;Web;Tarjeta Crédito;Completada
VTA005061;30/03/2025;FAC-2025-005061;CLI0566;VEN09;SUC03;Venta Telefónica;Tarjeta Crédito;Completada
VTA005062;11/01/2025;FAC-2025-005062;CLI0038;VEN10;SUC04;Local;Tarjeta Crédito;Completada
VTA005063;17/07/2025;FAC-2025-005063;CLI0154;VEN07;SUC01;Venta Telefónica;Transferencia;Completada
VTA005064;05/05/2026;FAC-2026-005064;CLI0157;VEN06;SUC06;Web;Tarjeta Crédito;Completada
VTA005065;29/01/2026;FAC-2026-005065;CLI0130;VEN05;SUC05;Marketplace;Transferencia;Pendiente
VTA005066;28/10/2025;FAC-2025-005066;CLI0452;VEN17;SUC05;Marketplace;Tarjeta Débito;Completada
VTA005067;12/11/2025;FAC-2025-005067;CLI0088;VEN10;SUC04;Marketplace;Financiación Propia;Completada
VTA005068;06/04/2025;FAC-2025-005068;CLI0424;VEN08;SUC02;Venta Telefónica;Efectivo;Completada
VTA005069;21/08/2025;FAC-2025-005069;CLI0385;VEN12;SUC06;Marketplace;Efectivo;Completada
VTA005070;10/07/2026;FAC-2026-005070;CLI0571;VEN08;SUC02;Venta Telefónica;Tarjeta Crédito;Completada
VTA005071;15/02/2026;FAC-2026-005071;CLI0549;VEN01;SUC01;Local;Tarjeta Débito;Completada
VTA005072;08/06/2026;FAC-2026-005072;CLI0559;VEN07;SUC01;Marketplace;Tarjeta Débito;Completada
VTA005073;04/05/2025;FAC-2025-005073;CLI0348;VEN05;SUC05;Local;Financiación Propia;Completada
VTA005074;13/08/2025;FAC-2025-005074;CLI0470;VEN16;SUC04;Local;Transferencia;Completada
VTA005075;04/01/2026;FAC-2026-005075;CLI0487;VEN02;SUC02;WhatsApp;Efectivo;Completada
VTA005076;06/03/2026;FAC-2026-005076;CLI0565;VEN14;SUC02;Marketplace;Tarjeta Débito;Completada
VTA005077;22/03/2025;FAC-2025-005077;CLI0598;VEN07;SUC01;Local;Tarjeta Crédito;Completada
VTA005078;24/02/2025;FAC-2025-005078;CLI0571;VEN11;SUC05;Local;Efectivo;Completada
VTA005079;13/03/2026;FAC-2026-005079;CLI0490;VEN10;SUC04;WhatsApp;Financiación Propia;Completada
VTA005080;19/08/2025;FAC-2025-005080;CLI0167;VEN13;SUC01;Marketplace;Transferencia;Completada
VTA005081;17/07/2025;FAC-2025-005081;CLI0097;VEN02;SUC02;Local;Tarjeta Crédito;Completada
VTA005082;30/04/2025;FAC-2025-005082;CLI0271;VEN16;SUC04;Local;Tarjeta Crédito;Completada
VTA005083;08/04/2026;FAC-2026-005083;CLI0533;VEN17;SUC05;Web;Tarjeta Crédito;Completada
VTA005084;26/10/2025;FAC-2025-005084;CLI0183;VEN07;SUC01;Marketplace;Tarjeta Débito;Completada
VTA005085;10/04/2026;FAC-2026-005085;CLI0502;VEN06;SUC06;Local;Efectivo;Completada
VTA005086;20/11/2025;FAC-2025-005086;CLI0251;VEN14;SUC02;WhatsApp;Tarjeta Crédito;Completada
VTA005087;11/11/2025;FAC-2025-005087;CLI0502;VEN13;SUC01;Web;Tarjeta Débito;Cancelada
VTA005088;15/06/2026;FAC-2026-005088;CLI0562;VEN12;SUC06;Marketplace;Financiación Propia;Completada
VTA005089;17/07/2026;FAC-2026-005089;CLI0323;VEN14;SUC02;Marketplace;Efectivo;Completada
VTA005090;24/06/2025;FAC-2025-005090;CLI0491;VEN15;SUC03;Marketplace;Tarjeta Crédito;Pendiente
VTA005091;14/06/2025;FAC-2025-005091;CLI0324;VEN05;SUC05;Web;Tarjeta Crédito;Cancelada
VTA005092;25/01/2025;FAC-2025-005092;CLI0301;VEN18;SUC06;Web;Financiación Propia;Completada
VTA005093;25/01/2025;FAC-2025-005093;CLI0525;VEN05;SUC05;Marketplace;Tarjeta Crédito;Completada
VTA005094;13/07/2026;FAC-2026-005094;CLI0539;VEN02;SUC02;Web;Financiación Propia;Completada
VTA005095;14/11/2025;FAC-2025-005095;CLI0014;VEN11;SUC05;Web;Tarjeta Débito;Completada
VTA005096;30/04/2026;FAC-2026-005096;CLI0193;VEN09;SUC03;Local;Tarjeta Débito;Completada
VTA005097;28/02/2025;FAC-2025-005097;CLI0490;VEN16;SUC04;Local;Transferencia;Completada
VTA005098;28/01/2025;FAC-2025-005098;CLI0085;VEN03;SUC03;Marketplace;Efectivo;Completada
VTA005099;07/02/2026;FAC-2026-005099;CLI0493;VEN11;SUC05;Marketplace;Tarjeta Crédito;Completada
VTA005100;29/06/2026;FAC-2026-005100;CLI0235;VEN01;SUC01;Marketplace;Tarjeta Débito;Completada
VTA005101;09/01/2025;FAC-2025-005101;CLI0472;VEN15;SUC03;WhatsApp;Efectivo;Completada
VTA005102;20/01/2026;FAC-2026-005102;CLI0201;VEN10;SUC04;WhatsApp;Tarjeta Débito;Pendiente
VTA005103;19/04/2026;FAC-2026-005103;CLI0279;VEN07;SUC01;WhatsApp;Tarjeta Crédito;Completada
VTA005104;27/02/2025;FAC-2025-005104;CLI0386;VEN16;SUC04;Local;Transferencia;Completada
VTA005105;18/05/2026;FAC-2026-005105;CLI0472;VEN11;SUC05;Marketplace;Transferencia;Completada
VTA005106;24/04/2026;FAC-2026-005106;CLI0026;VEN15;SUC03;Venta Telefónica;Tarjeta Crédito;Completada
VTA005107;06/07/2025;FAC-2025-005107;CLI0256;VEN01;SUC01;WhatsApp;Tarjeta Débito;Completada
VTA005108;06/11/2025;FAC-2025-005108;CLI0156;VEN14;SUC02;Venta Telefónica;Financiación Propia;Completada
VTA005109;15/05/2025;FAC-2025-005109;CLI0400;VEN11;SUC05;WhatsApp;Transferencia;Completada
VTA005110;05/12/2025;FAC-2025-005110;CLI0197;VEN01;SUC01;Web;Transferencia;Pendiente
VTA005111;15/03/2025;FAC-2025-005111;CLI0332;VEN18;SUC06;Venta Telefónica;Financiación Propia;Completada
VTA005112;17/04/2026;FAC-2026-005112;CLI0445;VEN12;SUC06;Web;Tarjeta Crédito;Completada
VTA005113;12/08/2025;FAC-2025-005113;CLI0094;VEN05;SUC05;Web;Tarjeta Débito;Completada
VTA005114;20/01/2026;FAC-2026-005114;CLI0495;VEN08;SUC02;Marketplace;Tarjeta Crédito;Completada
VTA005115;05/04/2026;FAC-2026-005115;CLI0305;VEN04;SUC04;Venta Telefónica;Financiación Propia;Completada
VTA005116;13/06/2026;FAC-2026-005116;CLI0514;VEN04;SUC04;Venta Telefónica;Tarjeta Crédito;Completada
VTA005117;07/09/2025;FAC-2025-005117;CLI0030;VEN06;SUC06;Venta Telefónica;Financiación Propia;Completada
VTA005118;12/04/2025;FAC-2025-005118;CLI0155;VEN09;SUC03;Marketplace;Transferencia;Completada
VTA005119;26/11/2025;FAC-2025-005119;CLI0074;VEN02;SUC02;WhatsApp;Tarjeta Débito;Completada
VTA005120;15/06/2025;FAC-2025-005120;CLI0469;VEN18;SUC06;Venta Telefónica;Transferencia;Completada
VTA005121;31/08/2025;FAC-2025-005121;CLI0397;VEN04;SUC04;Venta Telefónica;Transferencia;Completada
VTA005122;14/08/2025;FAC-2025-005122;CLI0459;VEN08;SUC02;WhatsApp;Transferencia;Completada
VTA005123;29/01/2025;FAC-2025-005123;CLI0527;VEN06;SUC06;WhatsApp;Financiación Propia;Completada
VTA005124;18/03/2025;FAC-2025-005124;CLI0366;VEN05;SUC05;Marketplace;Tarjeta Débito;Completada
VTA005125;02/02/2026;FAC-2026-005125;CLI0553;VEN02;SUC02;Venta Telefónica;Tarjeta Débito;Completada
VTA005126;18/05/2026;FAC-2026-005126;CLI0381;VEN01;SUC01;Venta Telefónica;Tarjeta Crédito;Completada
VTA005127;04/08/2025;FAC-2025-005127;CLI0389;VEN15;SUC03;Web;Efectivo;Completada
VTA005128;20/05/2026;FAC-2026-005128;CLI0194;VEN17;SUC05;Marketplace;Tarjeta Débito;Completada
VTA005129;14/09/2025;FAC-2025-005129;CLI0401;VEN16;SUC04;Local;Financiación Propia;Completada
VTA005130;22/04/2025;FAC-2025-005130;CLI0315;VEN10;SUC04;Marketplace;Tarjeta Débito;Completada
VTA005131;31/01/2026;FAC-2026-005131;CLI0351;VEN08;SUC02;Marketplace;Tarjeta Débito;Completada
VTA005132;18/07/2025;FAC-2025-005132;CLI0425;VEN09;SUC03;Web;Tarjeta Crédito;Completada
VTA005133;30/04/2025;FAC-2025-005133;CLI0043;VEN07;SUC01;WhatsApp;Tarjeta Débito;Completada
VTA005134;22/09/2025;FAC-2025-005134;CLI0376;VEN10;SUC04;Local;Transferencia;Completada
VTA005135;03/12/2025;FAC-2025-005135;CLI0370;VEN13;SUC01;Web;Financiación Propia;Completada
VTA005136;25/03/2025;FAC-2025-005136;CLI0405;VEN15;SUC03;Marketplace;Efectivo;Completada
VTA005137;30/01/2025;FAC-2025-005137;CLI0238;VEN12;SUC06;WhatsApp;Efectivo;Completada
VTA005138;26/04/2025;FAC-2025-005138;CLI0272;VEN03;SUC03;Marketplace;Financiación Propia;Completada
VTA005139;10/04/2026;FAC-2026-005139;CLI0495;VEN11;SUC05;Web;Tarjeta Crédito;Completada
VTA005140;07/04/2025;FAC-2025-005140;CLI0242;VEN17;SUC05;Marketplace;Transferencia;Completada
VTA005141;06/08/2025;FAC-2025-005141;CLI0380;VEN18;SUC06;Local;Tarjeta Débito;Completada
VTA005142;19/12/2025;FAC-2025-005142;CLI0153;VEN14;SUC02;Local;Tarjeta Débito;Completada
VTA005143;19/03/2026;FAC-2026-005143;CLI0200;VEN17;SUC05;Local;Transferencia;Completada
VTA005144;22/07/2026;FAC-2026-005144;CLI0353;VEN06;SUC06;WhatsApp;Tarjeta Crédito;Completada
VTA005145;07/03/2025;FAC-2025-005145;CLI0591;VEN04;SUC04;Local;Efectivo;Completada
VTA005146;18/09/2025;FAC-2025-005146;CLI0584;VEN18;SUC06;Marketplace;Tarjeta Crédito;Completada
VTA005147;21/03/2025;FAC-2025-005147;CLI0258;VEN13;SUC01;Web;Financiación Propia;Completada
VTA005148;16/10/2025;FAC-2025-005148;CLI0147;VEN12;SUC06;Web;Tarjeta Débito;Completada
VTA005149;06/08/2025;FAC-2025-005149;CLI0537;VEN14;SUC02;Marketplace;Efectivo;Completada
VTA005150;18/02/2025;FAC-2025-005150;CLI0450;VEN01;SUC01;Web;Tarjeta Crédito;Completada
VTA005151;19/08/2025;FAC-2025-005151;CLI0183;VEN01;SUC01;WhatsApp;Tarjeta Crédito;Completada
VTA005152;27/12/2025;FAC-2025-005152;CLI0023;VEN07;SUC01;Web;Tarjeta Débito;Completada
VTA005153;27/05/2026;FAC-2026-005153;CLI0266;VEN14;SUC02;Venta Telefónica;Efectivo;Pendiente
VTA005154;08/02/2025;FAC-2025-005154;CLI0553;VEN07;SUC01;Venta Telefónica;Financiación Propia;Cancelada
VTA005155;11/04/2026;FAC-2026-005155;CLI0468;VEN03;SUC03;Venta Telefónica;Transferencia;Completada
VTA005156;15/08/2025;FAC-2025-005156;CLI0124;VEN13;SUC01;Web;Tarjeta Crédito;Completada
VTA005157;22/06/2026;FAC-2026-005157;CLI0190;VEN18;SUC06;Web;Financiación Propia;Completada
VTA005158;24/01/2025;FAC-2025-005158;CLI0240;VEN09;SUC03;Marketplace;Tarjeta Crédito;Completada
VTA005159;06/10/2025;FAC-2025-005159;CLI0444;VEN11;SUC05;Local;Tarjeta Débito;Completada
VTA005160;09/05/2026;FAC-2026-005160;CLI0361;VEN17;SUC05;Web;Tarjeta Crédito;Completada
VTA005161;05/02/2026;FAC-2026-005161;CLI0414;VEN09;SUC03;Venta Telefónica;Efectivo;Completada
VTA005162;16/01/2026;FAC-2026-005162;CLI0519;VEN05;SUC05;Venta Telefónica;Financiación Propia;Completada
VTA005163;16/03/2026;FAC-2026-005163;CLI0036;VEN10;SUC04;Local;Tarjeta Débito;Completada
VTA005164;19/09/2025;FAC-2025-005164;CLI0062;VEN06;SUC06;Marketplace;Tarjeta Débito;Completada
VTA005165;05/06/2026;FAC-2026-005165;CLI0283;VEN13;SUC01;Web;Tarjeta Débito;Completada
VTA005166;31/01/2026;FAC-2026-005166;CLI0459;VEN03;SUC03;Local;Tarjeta Débito;Completada
VTA005167;25/03/2026;FAC-2026-005167;CLI0018;VEN15;SUC03;Web;Tarjeta Débito;Completada
VTA005168;02/05/2026;FAC-2026-005168;CLI0014;VEN08;SUC02;Venta Telefónica;Tarjeta Débito;Completada
VTA005169;18/10/2025;FAC-2025-005169;CLI0580;VEN06;SUC06;Marketplace;Transferencia;Completada
VTA005170;01/04/2026;FAC-2026-005170;CLI0220;VEN10;SUC04;Venta Telefónica;Efectivo;Completada
VTA005171;21/07/2026;FAC-2026-005171;CLI0092;VEN16;SUC04;Web;Tarjeta Crédito;Completada
VTA005172;13/03/2026;FAC-2026-005172;CLI0162;VEN16;SUC04;WhatsApp;Transferencia;Completada
VTA005173;20/04/2025;FAC-2025-005173;CLI0504;VEN06;SUC06;Local;Efectivo;Completada
VTA005174;29/09/2025;FAC-2025-005174;CLI0432;VEN01;SUC01;Local;Tarjeta Débito;Completada
VTA005175;19/03/2025;FAC-2025-005175;CLI0369;VEN03;SUC03;WhatsApp;Financiación Propia;Completada
VTA005176;07/07/2026;FAC-2026-005176;CLI0432;VEN08;SUC02;Local;Financiación Propia;Completada
VTA005177;14/01/2025;FAC-2025-005177;CLI0280;VEN10;SUC04;Local;Transferencia;Pendiente
VTA005178;07/02/2025;FAC-2025-005178;CLI0203;VEN02;SUC02;Marketplace;Financiación Propia;Completada
VTA005179;02/06/2026;FAC-2026-005179;CLI0433;VEN07;SUC01;Web;Efectivo;Completada
VTA005180;16/03/2026;FAC-2026-005180;CLI0366;VEN09;SUC03;Web;Tarjeta Crédito;Completada
VTA005181;14/02/2026;FAC-2026-005181;CLI0049;VEN06;SUC06;Web;Tarjeta Crédito;Completada
VTA005182;10/09/2025;FAC-2025-005182;CLI0493;VEN08;SUC02;Web;Tarjeta Débito;Completada
VTA005183;18/07/2025;FAC-2025-005183;CLI0484;VEN11;SUC05;Marketplace;Tarjeta Crédito;Completada
VTA005184;21/06/2025;FAC-2025-005184;CLI0312;VEN08;SUC02;Local;Transferencia;Completada
VTA005185;11/03/2025;FAC-2025-005185;CLI0575;VEN10;SUC04;Venta Telefónica;Financiación Propia;Completada
VTA005186;23/08/2025;FAC-2025-005186;CLI0363;VEN07;SUC01;Web;Financiación Propia;Completada
VTA005187;22/06/2025;FAC-2025-005187;CLI0567;VEN12;SUC06;Venta Telefónica;Efectivo;Completada
VTA005188;30/10/2025;FAC-2025-005188;CLI0426;VEN02;SUC02;Local;Financiación Propia;Completada
VTA005189;11/05/2026;FAC-2026-005189;CLI0207;VEN16;SUC04;Venta Telefónica;Efectivo;Completada
VTA005190;31/03/2026;FAC-2026-005190;CLI0129;VEN01;SUC01;Local;Tarjeta Débito;Completada
VTA005191;31/03/2025;FAC-2025-005191;CLI0201;VEN09;SUC03;Venta Telefónica;Transferencia;Completada
VTA005192;07/05/2025;FAC-2025-005192;CLI0139;VEN07;SUC01;Local;Transferencia;Completada
VTA005193;12/11/2025;FAC-2025-005193;CLI0042;VEN09;SUC03;Local;Tarjeta Crédito;Completada
VTA005194;03/07/2025;FAC-2025-005194;CLI0506;VEN13;SUC01;Venta Telefónica;Tarjeta Crédito;Completada
VTA005195;18/08/2025;FAC-2025-005195;CLI0042;VEN17;SUC05;Venta Telefónica;Financiación Propia;Completada
VTA005196;14/11/2025;FAC-2025-005196;CLI0429;VEN09;SUC03;Web;Efectivo;Completada
VTA005197;30/01/2025;FAC-2025-005197;CLI0295;VEN15;SUC03;Marketplace;Tarjeta Débito;Completada
VTA005198;03/06/2025;FAC-2025-005198;CLI0007;VEN03;SUC03;Marketplace;Tarjeta Crédito;Completada
VTA005199;02/09/2025;FAC-2025-005199;CLI0293;VEN10;SUC04;WhatsApp;Transferencia;Completada
VTA005200;15/08/2025;FAC-2025-005200;CLI0581;VEN18;SUC06;Venta Telefónica;Tarjeta Crédito;Completada
VTA005201;14/02/2026;FAC-2026-005201;CLI0402;VEN12;SUC06;WhatsApp;Tarjeta Crédito;Completada
VTA005202;14/11/2025;FAC-2025-005202;CLI0573;VEN04;SUC04;Marketplace;Transferencia;Completada
VTA005203;27/01/2026;FAC-2026-005203;CLI0164;VEN13;SUC01;Venta Telefónica;Tarjeta Débito;Completada
VTA005204;31/03/2026;FAC-2026-005204;CLI0317;VEN09;SUC03;Local;Tarjeta Crédito;Completada
VTA005205;27/02/2026;FAC-2026-005205;CLI0127;VEN10;SUC04;Local;Transferencia;Completada
VTA005206;09/04/2026;FAC-2026-005206;CLI0549;VEN12;SUC06;Local;Tarjeta Crédito;Completada
VTA005207;18/05/2026;FAC-2026-005207;CLI0035;VEN07;SUC01;Venta Telefónica;Tarjeta Crédito;Completada
VTA005208;29/01/2025;FAC-2025-005208;CLI0160;VEN12;SUC06;Local;Efectivo;Completada
VTA005209;18/03/2026;FAC-2026-005209;CLI0342;VEN08;SUC02;Web;Tarjeta Crédito;Completada
VTA005210;13/08/2025;FAC-2025-005210;CLI0454;VEN05;SUC05;Marketplace;Tarjeta Crédito;Completada
VTA005211;14/04/2025;FAC-2025-005211;CLI0011;VEN01;SUC01;Local;Tarjeta Débito;Completada
VTA005212;29/07/2026;FAC-2026-005212;CLI0105;VEN17;SUC05;Venta Telefónica;Transferencia;Completada
VTA005213;07/07/2026;FAC-2026-005213;CLI0189;VEN08;SUC02;Venta Telefónica;Transferencia;Completada
VTA005214;30/05/2026;FAC-2026-005214;CLI0144;VEN17;SUC05;Venta Telefónica;Tarjeta Débito;Completada
VTA005215;06/07/2025;FAC-2025-005215;CLI0208;VEN03;SUC03;Web;Financiación Propia;Completada
VTA005216;19/04/2026;FAC-2026-005216;CLI0230;VEN14;SUC02;Venta Telefónica;Efectivo;Completada
VTA005217;14/06/2026;FAC-2026-005217;CLI0209;VEN11;SUC05;WhatsApp;Efectivo;Completada
VTA005218;30/03/2026;FAC-2026-005218;CLI0075;VEN10;SUC04;Venta Telefónica;Tarjeta Crédito;Completada
VTA005219;10/04/2025;FAC-2025-005219;CLI0202;VEN16;SUC04;Web;Financiación Propia;Completada
VTA005220;20/04/2026;FAC-2026-005220;CLI0320;VEN14;SUC02;Web;Efectivo;Completada
VTA005221;26/12/2025;FAC-2025-005221;CLI0495;VEN02;SUC02;Marketplace;Efectivo;Completada
VTA005222;13/03/2025;FAC-2025-005222;CLI0482;VEN17;SUC05;Venta Telefónica;Financiación Propia;Completada
VTA005223;27/07/2025;FAC-2025-005223;CLI0396;VEN03;SUC03;Venta Telefónica;Transferencia;Completada
VTA005224;13/05/2026;FAC-2026-005224;CLI0470;VEN08;SUC02;Venta Telefónica;Tarjeta Débito;Completada
VTA005225;26/09/2025;FAC-2025-005225;CLI0496;VEN09;SUC03;Local;Efectivo;Completada
VTA005226;20/05/2026;FAC-2026-005226;CLI0296;VEN12;SUC06;Web;Efectivo;Completada
VTA005227;07/01/2026;FAC-2026-005227;CLI0238;VEN12;SUC06;Web;Tarjeta Crédito;Completada
VTA005228;11/02/2026;FAC-2026-005228;CLI0315;VEN07;SUC01;Local;Efectivo;Completada
VTA005229;18/07/2025;FAC-2025-005229;CLI0108;VEN04;SUC04;Marketplace;Tarjeta Débito;Completada
VTA005230;06/03/2026;FAC-2026-005230;CLI0600;VEN12;SUC06;WhatsApp;Transferencia;Completada
VTA005231;14/06/2026;FAC-2026-005231;CLI0258;VEN14;SUC02;Web;Financiación Propia;Cancelada
VTA005232;08/06/2026;FAC-2026-005232;CLI0279;VEN16;SUC04;Marketplace;Tarjeta Crédito;Completada
VTA005233;16/05/2025;FAC-2025-005233;CLI0061;VEN12;SUC06;WhatsApp;Tarjeta Débito;Completada
VTA005234;23/02/2025;FAC-2025-005234;CLI0399;VEN15;SUC03;Marketplace;Tarjeta Crédito;Completada
VTA005235;22/02/2025;FAC-2025-005235;CLI0082;VEN14;SUC02;Web;Tarjeta Crédito;Completada
VTA005236;27/06/2026;FAC-2026-005236;CLI0466;VEN16;SUC04;Marketplace;Financiación Propia;Completada
VTA005237;02/09/2025;FAC-2025-005237;CLI0570;VEN18;SUC06;Venta Telefónica;Tarjeta Débito;Completada
VTA005238;27/07/2025;FAC-2025-005238;CLI0129;VEN16;SUC04;Venta Telefónica;Efectivo;Completada
VTA005239;24/02/2025;FAC-2025-005239;CLI0530;VEN08;SUC02;Local;Transferencia;Completada
VTA005240;12/03/2026;FAC-2026-005240;CLI0149;VEN08;SUC02;Web;Transferencia;Completada
VTA005241;11/04/2025;FAC-2025-005241;CLI0534;VEN07;SUC01;Local;Efectivo;Completada
VTA005242;20/09/2025;FAC-2025-005242;CLI0283;VEN17;SUC05;Local;Efectivo;Completada
VTA005243;19/11/2025;FAC-2025-005243;CLI0438;VEN09;SUC03;Venta Telefónica;Tarjeta Crédito;Completada
VTA005244;29/05/2026;FAC-2026-005244;CLI0235;VEN10;SUC04;Venta Telefónica;Financiación Propia;Completada
VTA005245;16/07/2025;FAC-2025-005245;CLI0302;VEN10;SUC04;Venta Telefónica;Efectivo;Pendiente
VTA005246;02/11/2025;FAC-2025-005246;CLI0473;VEN18;SUC06;Marketplace;Tarjeta Crédito;Completada
VTA005247;27/05/2026;FAC-2026-005247;CLI0455;VEN17;SUC05;WhatsApp;Tarjeta Crédito;Completada
VTA005248;25/06/2026;FAC-2026-005248;CLI0106;VEN16;SUC04;Local;Financiación Propia;Completada
VTA005249;07/04/2026;FAC-2026-005249;CLI0281;VEN03;SUC03;Web;Transferencia;Completada
VTA005250;08/01/2025;FAC-2025-005250;CLI0258;VEN02;SUC02;Local;Tarjeta Crédito;Completada
VTA005251;23/04/2026;FAC-2026-005251;CLI0259;VEN09;SUC03;Web;Transferencia;Completada
VTA005252;12/06/2026;FAC-2026-005252;CLI0550;VEN03;SUC03;Web;Financiación Propia;Completada
VTA005253;10/06/2026;FAC-2026-005253;CLI0503;VEN08;SUC02;Web;Financiación Propia;Completada
VTA005254;17/06/2025;FAC-2025-005254;CLI0105;VEN04;SUC04;Venta Telefónica;Efectivo;Completada
VTA005255;24/09/2025;FAC-2025-005255;CLI0117;VEN16;SUC04;Marketplace;Financiación Propia;Pendiente
VTA005256;14/02/2026;FAC-2026-005256;CLI0220;VEN12;SUC06;Web;Efectivo;Completada
VTA005257;23/03/2026;FAC-2026-005257;CLI0424;VEN18;SUC06;Venta Telefónica;Tarjeta Crédito;Completada
VTA005258;28/07/2026;FAC-2026-005258;CLI0059;VEN11;SUC05;WhatsApp;Transferencia;Completada
VTA005259;17/03/2025;FAC-2025-005259;CLI0211;VEN17;SUC05;Local;Tarjeta Crédito;Completada
VTA005260;04/04/2026;FAC-2026-005260;CLI0060;VEN07;SUC01;Local;Transferencia;Completada
VTA005261;02/10/2025;FAC-2025-005261;CLI0431;VEN08;SUC02;Venta Telefónica;Tarjeta Crédito;Completada
VTA005262;13/12/2025;FAC-2025-005262;CLI0330;VEN04;SUC04;Web;Transferencia;Completada
VTA005263;12/04/2026;FAC-2026-005263;CLI0479;VEN07;SUC01;Marketplace;Tarjeta Débito;Completada
VTA005264;08/02/2026;FAC-2026-005264;CLI0500;VEN11;SUC05;Marketplace;Efectivo;Completada
VTA005265;04/07/2026;FAC-2026-005265;CLI0541;VEN04;SUC04;Web;Transferencia;Completada
VTA005266;16/05/2026;FAC-2026-005266;CLI0259;VEN18;SUC06;Venta Telefónica;Financiación Propia;Completada
VTA005267;26/11/2025;FAC-2025-005267;CLI0590;VEN02;SUC02;Marketplace;Tarjeta Crédito;Completada
VTA005268;14/06/2026;FAC-2026-005268;CLI0565;VEN04;SUC04;Local;Tarjeta Crédito;Completada
VTA005269;20/01/2026;FAC-2026-005269;CLI0304;VEN06;SUC06;WhatsApp;Transferencia;Completada
VTA005270;16/03/2025;FAC-2025-005270;CLI0304;VEN12;SUC06;Web;Efectivo;Completada
VTA005271;07/03/2026;FAC-2026-005271;CLI0255;VEN17;SUC05;Web;Tarjeta Crédito;Completada
VTA005272;21/07/2026;FAC-2026-005272;CLI0158;VEN09;SUC03;Local;Efectivo;Completada
VTA005273;23/11/2025;FAC-2025-005273;CLI0291;VEN13;SUC01;Venta Telefónica;Transferencia;Completada
VTA005274;27/11/2025;FAC-2025-005274;CLI0429;VEN04;SUC04;Venta Telefónica;Tarjeta Crédito;Completada
VTA005275;20/01/2026;FAC-2026-005275;CLI0536;VEN07;SUC01;Web;Efectivo;Completada
VTA005276;07/05/2025;FAC-2025-005276;CLI0493;VEN06;SUC06;WhatsApp;Financiación Propia;Completada
VTA005277;06/10/2025;FAC-2025-005277;CLI0559;VEN16;SUC04;Marketplace;Tarjeta Crédito;Completada
VTA005278;25/06/2025;FAC-2025-005278;CLI0410;VEN17;SUC05;Web;Financiación Propia;Completada
VTA005279;18/03/2026;FAC-2026-005279;CLI0508;VEN07;SUC01;WhatsApp;Financiación Propia;Completada
VTA005280;26/10/2025;FAC-2025-005280;CLI0163;VEN13;SUC01;Web;Tarjeta Crédito;Completada
VTA005281;12/01/2026;FAC-2026-005281;CLI0365;VEN02;SUC02;Local;Transferencia;Completada
VTA005282;24/09/2025;FAC-2025-005282;CLI0254;VEN12;SUC06;WhatsApp;Efectivo;Completada
VTA005283;30/01/2025;FAC-2025-005283;CLI0416;VEN18;SUC06;Marketplace;Efectivo;Completada
VTA005284;04/08/2025;FAC-2025-005284;CLI0550;VEN13;SUC01;WhatsApp;Tarjeta Crédito;Completada
VTA005285;12/06/2025;FAC-2025-005285;CLI0216;VEN14;SUC02;Venta Telefónica;Transferencia;Completada
VTA005286;03/02/2026;FAC-2026-005286;CLI0190;VEN13;SUC01;Local;Tarjeta Débito;Completada
VTA005287;22/02/2025;FAC-2025-005287;CLI0404;VEN15;SUC03;Marketplace;Efectivo;Completada
VTA005288;19/09/2025;FAC-2025-005288;CLI0445;VEN06;SUC06;WhatsApp;Tarjeta Débito;Completada
VTA005289;27/06/2025;FAC-2025-005289;CLI0337;VEN04;SUC04;Marketplace;Tarjeta Débito;Completada
VTA005290;14/05/2026;FAC-2026-005290;CLI0229;VEN09;SUC03;Web;Efectivo;Completada
VTA005291;13/12/2025;FAC-2025-005291;CLI0201;VEN18;SUC06;Local;Transferencia;Completada
VTA005292;27/11/2025;FAC-2025-005292;CLI0292;VEN04;SUC04;Local;Tarjeta Crédito;Completada
VTA005293;23/01/2026;FAC-2026-005293;CLI0445;VEN12;SUC06;Marketplace;Tarjeta Crédito;Completada
VTA005294;07/07/2025;FAC-2025-005294;CLI0536;VEN16;SUC04;Venta Telefónica;Tarjeta Crédito;Completada
VTA005295;09/11/2025;FAC-2025-005295;CLI0302;VEN11;SUC05;Venta Telefónica;Financiación Propia;Completada
VTA005296;05/08/2025;FAC-2025-005296;CLI0274;VEN08;SUC02;WhatsApp;Tarjeta Crédito;Completada
VTA005297;03/06/2026;FAC-2026-005297;CLI0279;VEN13;SUC01;Venta Telefónica;Transferencia;Pendiente
VTA005298;31/05/2025;FAC-2025-005298;CLI0298;VEN06;SUC06;Marketplace;Transferencia;Completada
VTA005299;17/08/2025;FAC-2025-005299;CLI0260;VEN08;SUC02;Local;Tarjeta Crédito;Completada
VTA005300;04/02/2025;FAC-2025-005300;CLI0408;VEN15;SUC03;Venta Telefónica;Efectivo;Cancelada
VTA005301;18/04/2025;FAC-2025-005301;CLI0150;VEN03;SUC03;Venta Telefónica;Efectivo;Completada
VTA005302;25/06/2026;FAC-2026-005302;CLI0187;VEN13;SUC01;Venta Telefónica;Transferencia;Completada
VTA005303;28/02/2026;FAC-2026-005303;CLI0072;VEN10;SUC04;Web;Financiación Propia;Completada
VTA005304;18/06/2026;FAC-2026-005304;CLI0184;VEN11;SUC05;Marketplace;Efectivo;Completada
VTA005305;28/07/2025;FAC-2025-005305;CLI0499;VEN14;SUC02;Venta Telefónica;Transferencia;Completada
VTA005306;29/09/2025;FAC-2025-005306;CLI0577;VEN10;SUC04;Venta Telefónica;Financiación Propia;Completada
VTA005307;24/04/2025;FAC-2025-005307;CLI0167;VEN13;SUC01;Marketplace;Tarjeta Débito;Completada
VTA005308;23/01/2026;FAC-2026-005308;CLI0243;VEN05;SUC05;Web;Tarjeta Crédito;Completada
VTA005309;22/01/2026;FAC-2026-005309;CLI0438;VEN16;SUC04;Local;Efectivo;Completada
VTA005310;09/03/2026;FAC-2026-005310;CLI0167;VEN02;SUC02;WhatsApp;Financiación Propia;Completada
VTA005311;15/09/2025;FAC-2025-005311;CLI0532;VEN13;SUC01;Venta Telefónica;Tarjeta Crédito;Completada
VTA005312;20/09/2025;FAC-2025-005312;CLI0449;VEN06;SUC06;Venta Telefónica;Financiación Propia;Completada
VTA005313;27/12/2025;FAC-2025-005313;CLI0319;VEN15;SUC03;Local;Efectivo;Pendiente
VTA005314;19/04/2025;FAC-2025-005314;CLI0529;VEN18;SUC06;Web;Tarjeta Crédito;Completada
VTA005315;03/06/2026;FAC-2026-005315;CLI0598;VEN09;SUC03;Marketplace;Efectivo;Completada
VTA005316;19/02/2025;FAC-2025-005316;CLI0021;VEN11;SUC05;WhatsApp;Transferencia;Completada
VTA005317;21/10/2025;FAC-2025-005317;CLI0042;VEN05;SUC05;Local;Tarjeta Crédito;Completada
VTA005318;22/02/2025;FAC-2025-005318;CLI0329;VEN03;SUC03;WhatsApp;Tarjeta Débito;Completada
VTA005319;29/10/2025;FAC-2025-005319;CLI0070;VEN06;SUC06;Venta Telefónica;Financiación Propia;Completada
VTA005320;26/11/2025;FAC-2025-005320;CLI0561;VEN07;SUC01;WhatsApp;Transferencia;Completada
VTA005321;21/11/2025;FAC-2025-005321;CLI0552;VEN06;SUC06;Local;Financiación Propia;Completada
VTA005322;20/06/2026;FAC-2026-005322;CLI0576;VEN11;SUC05;Web;Financiación Propia;Completada
VTA005323;20/06/2025;FAC-2025-005323;CLI0419;VEN10;SUC04;Marketplace;Tarjeta Débito;Completada
VTA005324;08/05/2026;FAC-2026-005324;CLI0325;VEN16;SUC04;Local;Efectivo;Completada
VTA005325;15/04/2025;FAC-2025-005325;CLI0259;VEN08;SUC02;Web;Tarjeta Crédito;Completada
VTA005326;02/06/2025;FAC-2025-005326;CLI0464;VEN05;SUC05;Venta Telefónica;Tarjeta Crédito;Completada
VTA005327;18/04/2025;FAC-2025-005327;CLI0316;VEN16;SUC04;Venta Telefónica;Tarjeta Débito;Completada
VTA005328;12/02/2026;FAC-2026-005328;CLI0203;VEN08;SUC02;Local;Financiación Propia;Completada
VTA005329;29/07/2025;FAC-2025-005329;CLI0161;VEN10;SUC04;Local;Tarjeta Crédito;Completada
VTA005330;01/12/2025;FAC-2025-005330;CLI0315;VEN08;SUC02;Marketplace;Tarjeta Débito;Completada
VTA005331;11/02/2025;FAC-2025-005331;CLI0155;VEN10;SUC04;Local;Tarjeta Crédito;Completada
VTA005332;22/09/2025;FAC-2025-005332;CLI0378;VEN05;SUC05;Local;Transferencia;Completada
VTA005333;29/07/2025;FAC-2025-005333;CLI0575;VEN02;SUC02;Marketplace;Tarjeta Crédito;Completada
VTA005334;14/11/2025;FAC-2025-005334;CLI0320;VEN10;SUC04;Web;Financiación Propia;Completada
VTA005335;15/04/2026;FAC-2026-005335;CLI0098;VEN09;SUC03;Venta Telefónica;Tarjeta Crédito;Completada
VTA005336;20/01/2026;FAC-2026-005336;CLI0600;VEN04;SUC04;Marketplace;Financiación Propia;Completada
VTA005337;23/07/2025;FAC-2025-005337;CLI0447;VEN06;SUC06;Venta Telefónica;Transferencia;Completada
VTA005338;27/03/2025;FAC-2025-005338;CLI0047;VEN03;SUC03;WhatsApp;Efectivo;Cancelada
VTA005339;27/09/2025;FAC-2025-005339;CLI0212;VEN16;SUC04;WhatsApp;Transferencia;Completada
VTA005340;11/12/2025;FAC-2025-005340;CLI0179;VEN09;SUC03;Venta Telefónica;Efectivo;Completada
VTA005341;04/04/2026;FAC-2026-005341;CLI0574;VEN09;SUC03;WhatsApp;Efectivo;Completada
VTA005342;02/07/2026;FAC-2026-005342;CLI0367;VEN05;SUC05;Venta Telefónica;Efectivo;Completada
VTA005343;17/05/2026;FAC-2026-005343;CLI0188;VEN09;SUC03;WhatsApp;Efectivo;Pendiente
VTA005344;10/01/2025;FAC-2025-005344;CLI0139;VEN13;SUC01;Marketplace;Efectivo;Completada
VTA005345;13/02/2025;FAC-2025-005345;CLI0568;VEN18;SUC06;WhatsApp;Efectivo;Completada
VTA005346;31/08/2025;FAC-2025-005346;CLI0039;VEN08;SUC02;Local;Tarjeta Crédito;Completada
VTA005347;01/06/2026;FAC-2026-005347;CLI0366;VEN07;SUC01;Web;Tarjeta Crédito;Completada
VTA005348;20/08/2025;FAC-2025-005348;CLI0449;VEN18;SUC06;Venta Telefónica;Tarjeta Débito;Completada
VTA005349;21/08/2025;FAC-2025-005349;CLI0397;VEN16;SUC04;Marketplace;Efectivo;Completada
VTA005350;14/12/2025;FAC-2025-005350;CLI0100;VEN16;SUC04;Web;Tarjeta Débito;Completada
VTA005351;26/06/2026;FAC-2026-005351;CLI0378;VEN10;SUC04;Local;Tarjeta Débito;Cancelada
VTA005352;14/07/2026;FAC-2026-005352;CLI0166;VEN07;SUC01;Venta Telefónica;Tarjeta Crédito;Completada
VTA005353;27/10/2025;FAC-2025-005353;CLI0233;VEN10;SUC04;Local;Tarjeta Crédito;Completada
VTA005354;10/02/2025;FAC-2025-005354;CLI0494;VEN11;SUC05;Local;Tarjeta Débito;Completada
VTA005355;25/03/2026;FAC-2026-005355;CLI0214;VEN07;SUC01;WhatsApp;Financiación Propia;Completada
VTA005356;03/02/2026;FAC-2026-005356;CLI0548;VEN09;SUC03;WhatsApp;Tarjeta Crédito;Completada
VTA005357;04/09/2025;FAC-2025-005357;CLI0503;VEN03;SUC03;Marketplace;Financiación Propia;Completada
VTA005358;02/02/2025;FAC-2025-005358;CLI0097;VEN06;SUC06;Web;Financiación Propia;Completada
VTA005359;01/04/2025;FAC-2025-005359;CLI0555;VEN07;SUC01;Venta Telefónica;Efectivo;Completada
VTA005360;10/06/2026;FAC-2026-005360;CLI0101;VEN08;SUC02;Web;Transferencia;Completada
VTA005361;28/03/2025;FAC-2025-005361;CLI0236;VEN03;SUC03;WhatsApp;Financiación Propia;Completada
VTA005362;20/02/2026;FAC-2026-005362;CLI0438;VEN02;SUC02;Marketplace;Financiación Propia;Completada
VTA005363;17/08/2025;FAC-2025-005363;CLI0565;VEN16;SUC04;Local;Tarjeta Crédito;Cancelada
VTA005364;29/08/2025;FAC-2025-005364;CLI0556;VEN10;SUC04;WhatsApp;Efectivo;Completada
VTA005365;21/05/2026;FAC-2026-005365;CLI0239;VEN07;SUC01;Venta Telefónica;Transferencia;Completada
VTA005366;06/10/2025;FAC-2025-005366;CLI0080;VEN16;SUC04;WhatsApp;Transferencia;Completada
VTA005367;28/04/2026;FAC-2026-005367;CLI0334;VEN16;SUC04;Web;Financiación Propia;Completada
VTA005368;05/10/2025;FAC-2025-005368;CLI0207;VEN15;SUC03;Marketplace;Tarjeta Débito;Completada
VTA005369;17/02/2025;FAC-2025-005369;CLI0532;VEN05;SUC05;WhatsApp;Efectivo;Completada
VTA005370;16/02/2026;FAC-2026-005370;CLI0529;VEN06;SUC06;Local;Transferencia;Completada
VTA005371;25/10/2025;FAC-2025-005371;CLI0204;VEN18;SUC06;Marketplace;Financiación Propia;Completada
VTA005372;25/01/2025;FAC-2025-005372;CLI0153;VEN01;SUC01;Venta Telefónica;Efectivo;Completada
VTA005373;18/03/2025;FAC-2025-005373;CLI0484;VEN05;SUC05;Marketplace;Tarjeta Débito;Cancelada
VTA005374;27/05/2025;FAC-2025-005374;CLI0089;VEN11;SUC05;Marketplace;Tarjeta Débito;Completada
VTA005375;29/03/2026;FAC-2026-005375;CLI0496;VEN14;SUC02;Web;Financiación Propia;Completada
VTA005376;03/01/2026;FAC-2026-005376;CLI0333;VEN18;SUC06;Venta Telefónica;Financiación Propia;Pendiente
VTA005377;31/03/2026;FAC-2026-005377;CLI0012;VEN06;SUC06;WhatsApp;Tarjeta Crédito;Completada
VTA005378;23/02/2026;FAC-2026-005378;CLI0028;VEN10;SUC04;Web;Transferencia;Cancelada
VTA005379;12/06/2025;FAC-2025-005379;CLI0262;VEN12;SUC06;Venta Telefónica;Efectivo;Completada
VTA005380;15/02/2025;FAC-2025-005380;CLI0347;VEN08;SUC02;Local;Financiación Propia;Completada
VTA005381;12/03/2026;FAC-2026-005381;CLI0270;VEN09;SUC03;Web;Financiación Propia;Cancelada
VTA005382;02/10/2025;FAC-2025-005382;CLI0483;VEN01;SUC01;Local;Tarjeta Crédito;Pendiente
VTA005383;04/01/2026;FAC-2026-005383;CLI0561;VEN08;SUC02;WhatsApp;Financiación Propia;Completada
VTA005384;21/12/2025;FAC-2025-005384;CLI0247;VEN18;SUC06;WhatsApp;Financiación Propia;Completada
VTA005385;15/02/2025;FAC-2025-005385;CLI0035;VEN08;SUC02;Web;Transferencia;Completada
VTA005386;08/06/2025;FAC-2025-005386;CLI0043;VEN11;SUC05;WhatsApp;Tarjeta Crédito;Completada
VTA005387;19/06/2026;FAC-2026-005387;CLI0036;VEN16;SUC04;Local;Tarjeta Crédito;Completada
VTA005388;20/07/2026;FAC-2026-005388;CLI0144;VEN04;SUC04;Local;Tarjeta Crédito;Completada
VTA005389;13/12/2025;FAC-2025-005389;CLI0029;VEN18;SUC06;Local;Efectivo;Completada
VTA005390;09/04/2025;FAC-2025-005390;CLI0577;VEN05;SUC05;WhatsApp;Tarjeta Crédito;Completada
VTA005391;09/01/2025;FAC-2025-005391;CLI0228;VEN10;SUC04;WhatsApp;Financiación Propia;Completada
VTA005392;20/06/2025;FAC-2025-005392;CLI0011;VEN08;SUC02;Marketplace;Tarjeta Débito;Completada
VTA005393;22/03/2025;FAC-2025-005393;CLI0196;VEN05;SUC05;Marketplace;Financiación Propia;Completada
VTA005394;05/06/2025;FAC-2025-005394;CLI0553;VEN04;SUC04;Local;Transferencia;Completada
VTA005395;04/04/2026;FAC-2026-005395;CLI0011;VEN04;SUC04;WhatsApp;Efectivo;Completada
VTA005396;10/06/2026;FAC-2026-005396;CLI0460;VEN02;SUC02;Venta Telefónica;Transferencia;Completada
VTA005397;18/11/2025;FAC-2025-005397;CLI0067;VEN06;SUC06;Marketplace;Efectivo;Completada
VTA005398;05/04/2026;FAC-2026-005398;CLI0535;VEN17;SUC05;Local;Tarjeta Crédito;Completada
VTA005399;16/12/2025;FAC-2025-005399;CLI0524;VEN17;SUC05;Marketplace;Transferencia;Completada
VTA005400;02/06/2026;FAC-2026-005400;CLI0541;VEN13;SUC01;Local;Financiación Propia;Completada
VTA005401;04/12/2025;FAC-2025-005401;CLI0306;VEN09;SUC03;Venta Telefónica;Transferencia;Completada
VTA005402;16/03/2025;FAC-2025-005402;CLI0261;VEN16;SUC04;Venta Telefónica;Financiación Propia;Completada
VTA005403;13/02/2026;FAC-2026-005403;CLI0395;VEN14;SUC02;Web;Financiación Propia;Completada
VTA005404;12/01/2026;FAC-2026-005404;CLI0467;VEN14;SUC02;Local;Efectivo;Completada
VTA005405;12/07/2025;FAC-2025-005405;CLI0365;VEN14;SUC02;Local;Financiación Propia;Completada
VTA005406;29/06/2026;FAC-2026-005406;CLI0273;VEN10;SUC04;Web;Tarjeta Débito;Completada
VTA005407;23/05/2025;FAC-2025-005407;CLI0235;VEN09;SUC03;Web;Efectivo;Completada
VTA005408;02/03/2025;FAC-2025-005408;CLI0471;VEN05;SUC05;Web;Tarjeta Crédito;Completada
VTA005409;07/04/2025;FAC-2025-005409;CLI0597;VEN14;SUC02;Venta Telefónica;Transferencia;Completada
VTA005410;24/12/2025;FAC-2025-005410;CLI0315;VEN06;SUC06;Venta Telefónica;Transferencia;Completada
VTA005411;05/03/2025;FAC-2025-005411;CLI0165;VEN04;SUC04;Venta Telefónica;Financiación Propia;Completada
VTA005412;20/05/2026;FAC-2026-005412;CLI0148;VEN08;SUC02;Marketplace;Financiación Propia;Completada
VTA005413;06/04/2026;FAC-2026-005413;CLI0449;VEN12;SUC06;WhatsApp;Tarjeta Débito;Completada
VTA005414;03/11/2025;FAC-2025-005414;CLI0371;VEN18;SUC06;WhatsApp;Financiación Propia;Completada
VTA005415;26/12/2025;FAC-2025-005415;CLI0231;VEN06;SUC06;Web;Transferencia;Completada
VTA005416;11/03/2025;FAC-2025-005416;CLI0251;VEN08;SUC02;Web;Tarjeta Débito;Completada
VTA005417;29/04/2025;FAC-2025-005417;CLI0297;VEN11;SUC05;Marketplace;Efectivo;Completada
VTA005418;18/02/2025;FAC-2025-005418;CLI0036;VEN17;SUC05;Local;Financiación Propia;Completada
VTA005419;31/08/2025;FAC-2025-005419;CLI0395;VEN17;SUC05;WhatsApp;Efectivo;Completada
VTA005420;25/06/2025;FAC-2025-005420;CLI0301;VEN03;SUC03;Local;Tarjeta Crédito;Completada
VTA005421;07/01/2025;FAC-2025-005421;CLI0317;VEN16;SUC04;Web;Transferencia;Completada
VTA005422;14/05/2026;FAC-2026-005422;CLI0138;VEN05;SUC05;Venta Telefónica;Tarjeta Débito;Completada
VTA005423;11/08/2025;FAC-2025-005423;CLI0274;VEN10;SUC04;WhatsApp;Transferencia;Completada
VTA005424;11/01/2026;FAC-2026-005424;CLI0056;VEN08;SUC02;WhatsApp;Efectivo;Completada
VTA005425;13/04/2025;FAC-2025-005425;CLI0333;VEN13;SUC01;Web;Efectivo;Completada
VTA005426;22/11/2025;FAC-2025-005426;CLI0312;VEN13;SUC01;Web;Financiación Propia;Completada
VTA005427;08/01/2026;FAC-2026-005427;CLI0023;VEN10;SUC04;Venta Telefónica;Efectivo;Completada
VTA005428;09/06/2025;FAC-2025-005428;CLI0219;VEN04;SUC04;Marketplace;Financiación Propia;Completada
VTA005429;11/05/2025;FAC-2025-005429;CLI0034;VEN03;SUC03;Web;Transferencia;Completada
VTA005430;04/04/2026;FAC-2026-005430;CLI0400;VEN01;SUC01;Local;Financiación Propia;Pendiente
VTA005431;03/11/2025;FAC-2025-005431;CLI0259;VEN05;SUC05;WhatsApp;Efectivo;Completada
VTA005432;02/10/2025;FAC-2025-005432;CLI0534;VEN03;SUC03;Web;Tarjeta Débito;Completada
VTA005433;13/07/2025;FAC-2025-005433;CLI0461;VEN18;SUC06;Venta Telefónica;Transferencia;Completada
VTA005434;27/01/2026;FAC-2026-005434;CLI0315;VEN14;SUC02;Venta Telefónica;Tarjeta Crédito;Completada
VTA005435;06/02/2026;FAC-2026-005435;CLI0239;VEN11;SUC05;Local;Transferencia;Completada
VTA005436;29/03/2025;FAC-2025-005436;CLI0153;VEN10;SUC04;Local;Transferencia;Completada
VTA005437;17/03/2026;FAC-2026-005437;CLI0246;VEN03;SUC03;Venta Telefónica;Transferencia;Completada
VTA005438;23/04/2025;FAC-2025-005438;CLI0212;VEN02;SUC02;Local;Transferencia;Completada
VTA005439;03/04/2026;FAC-2026-005439;CLI0103;VEN06;SUC06;Local;Transferencia;Completada
VTA005440;27/03/2025;FAC-2025-005440;CLI0358;VEN14;SUC02;Local;Transferencia;Cancelada
VTA005441;14/04/2026;FAC-2026-005441;CLI0065;VEN02;SUC02;Marketplace;Financiación Propia;Completada
VTA005442;24/01/2026;FAC-2026-005442;CLI0428;VEN15;SUC03;Venta Telefónica;Efectivo;Completada
VTA005443;15/01/2025;FAC-2025-005443;CLI0344;VEN06;SUC06;Web;Transferencia;Completada
VTA005444;15/09/2025;FAC-2025-005444;CLI0012;VEN04;SUC04;WhatsApp;Efectivo;Completada
VTA005445;08/05/2025;FAC-2025-005445;CLI0585;VEN03;SUC03;WhatsApp;Financiación Propia;Completada
VTA005446;22/06/2026;FAC-2026-005446;CLI0071;VEN16;SUC04;Venta Telefónica;Efectivo;Completada
VTA005447;16/09/2025;FAC-2025-005447;CLI0235;VEN09;SUC03;WhatsApp;Financiación Propia;Completada
VTA005448;19/08/2025;FAC-2025-005448;CLI0069;VEN13;SUC01;Marketplace;Financiación Propia;Completada
VTA005449;04/05/2026;FAC-2026-005449;CLI0403;VEN10;SUC04;Web;Efectivo;Completada
VTA005450;04/04/2026;FAC-2026-005450;CLI0061;VEN09;SUC03;Venta Telefónica;Tarjeta Débito;Completada
VTA005451;18/05/2026;FAC-2026-005451;CLI0122;VEN07;SUC01;WhatsApp;Financiación Propia;Completada
VTA005452;21/05/2026;FAC-2026-005452;CLI0142;VEN17;SUC05;Local;Financiación Propia;Completada
VTA005453;21/02/2025;FAC-2025-005453;CLI0339;VEN03;SUC03;Venta Telefónica;Tarjeta Crédito;Pendiente
VTA005454;04/03/2025;FAC-2025-005454;CLI0539;VEN14;SUC02;Venta Telefónica;Transferencia;Completada
VTA005455;14/08/2025;FAC-2025-005455;CLI0105;VEN03;SUC03;Venta Telefónica;Transferencia;Completada
VTA005456;05/04/2026;FAC-2026-005456;CLI0577;VEN05;SUC05;Local;Efectivo;Completada
VTA005457;24/07/2026;FAC-2026-005457;CLI0362;VEN06;SUC06;Venta Telefónica;Transferencia;Completada
VTA005458;24/08/2025;FAC-2025-005458;CLI0066;VEN08;SUC02;Web;Transferencia;Completada
VTA005459;03/07/2025;FAC-2025-005459;CLI0191;VEN11;SUC05;Local;Transferencia;Completada
VTA005460;19/07/2026;FAC-2026-005460;CLI0571;VEN08;SUC02;Venta Telefónica;Financiación Propia;Completada
VTA005461;25/05/2025;FAC-2025-005461;CLI0452;VEN15;SUC03;WhatsApp;Financiación Propia;Completada
VTA005462;11/08/2025;FAC-2025-005462;CLI0346;VEN01;SUC01;Local;Financiación Propia;Completada
VTA005463;25/05/2026;FAC-2026-005463;CLI0348;VEN13;SUC01;Local;Efectivo;Completada
VTA005464;08/04/2025;FAC-2025-005464;CLI0432;VEN04;SUC04;Local;Efectivo;Completada
VTA005465;28/12/2025;FAC-2025-005465;CLI0589;VEN14;SUC02;Local;Transferencia;Completada
VTA005466;13/09/2025;FAC-2025-005466;CLI0539;VEN03;SUC03;Local;Financiación Propia;Completada
VTA005467;04/09/2025;FAC-2025-005467;CLI0174;VEN17;SUC05;Local;Efectivo;Completada
VTA005468;02/02/2025;FAC-2025-005468;CLI0322;VEN14;SUC02;Venta Telefónica;Efectivo;Completada
VTA005469;09/09/2025;FAC-2025-005469;CLI0117;VEN11;SUC05;Web;Transferencia;Completada
VTA005470;22/07/2025;FAC-2025-005470;CLI0553;VEN17;SUC05;Venta Telefónica;Tarjeta Crédito;Completada
VTA005471;16/03/2025;FAC-2025-005471;CLI0176;VEN07;SUC01;Web;Tarjeta Crédito;Completada
VTA005472;17/07/2026;FAC-2026-005472;CLI0216;VEN11;SUC05;Marketplace;Tarjeta Crédito;Completada
VTA005473;20/05/2025;FAC-2025-005473;CLI0310;VEN14;SUC02;WhatsApp;Financiación Propia;Completada
VTA005474;07/07/2025;FAC-2025-005474;CLI0378;VEN06;SUC06;Marketplace;Tarjeta Crédito;Completada
VTA005475;07/06/2025;FAC-2025-005475;CLI0029;VEN01;SUC01;Venta Telefónica;Efectivo;Cancelada
VTA005476;11/02/2025;FAC-2025-005476;CLI0418;VEN02;SUC02;Web;Financiación Propia;Pendiente
VTA005477;10/07/2025;FAC-2025-005477;CLI0496;VEN18;SUC06;Local;Tarjeta Débito;Completada
VTA005478;28/06/2026;FAC-2026-005478;CLI0521;VEN09;SUC03;Marketplace;Efectivo;Completada
VTA005479;03/05/2026;FAC-2026-005479;CLI0344;VEN05;SUC05;Local;Transferencia;Completada
VTA005480;27/05/2026;FAC-2026-005480;CLI0594;VEN12;SUC06;Local;Financiación Propia;Completada
VTA005481;16/05/2026;FAC-2026-005481;CLI0589;VEN03;SUC03;Web;Transferencia;Completada
VTA005482;29/12/2025;FAC-2025-005482;CLI0313;VEN07;SUC01;Web;Tarjeta Débito;Completada
VTA005483;17/04/2025;FAC-2025-005483;CLI0154;VEN09;SUC03;Local;Tarjeta Crédito;Completada
VTA005484;17/12/2025;FAC-2025-005484;CLI0395;VEN10;SUC04;Venta Telefónica;Tarjeta Crédito;Cancelada
VTA005485;01/02/2026;FAC-2026-005485;CLI0039;VEN04;SUC04;Web;Transferencia;Cancelada
VTA005486;15/03/2025;FAC-2025-005486;CLI0088;VEN04;SUC04;Marketplace;Tarjeta Crédito;Completada
VTA005487;11/05/2025;FAC-2025-005487;CLI0270;VEN18;SUC06;Marketplace;Transferencia;Completada
VTA005488;17/10/2025;FAC-2025-005488;CLI0539;VEN05;SUC05;Venta Telefónica;Efectivo;Completada
VTA005489;24/05/2026;FAC-2026-005489;CLI0141;VEN08;SUC02;WhatsApp;Tarjeta Débito;Completada
VTA005490;20/02/2025;FAC-2025-005490;CLI0117;VEN10;SUC04;Marketplace;Financiación Propia;Completada
VTA005491;15/06/2025;FAC-2025-005491;CLI0352;VEN16;SUC04;Marketplace;Tarjeta Crédito;Completada
VTA005492;31/07/2026;FAC-2026-005492;CLI0248;VEN04;SUC04;Web;Tarjeta Crédito;Completada
VTA005493;24/03/2026;FAC-2026-005493;CLI0528;VEN07;SUC01;Web;Tarjeta Débito;Completada
VTA005494;16/02/2026;FAC-2026-005494;CLI0413;VEN16;SUC04;WhatsApp;Efectivo;Completada
VTA005495;16/04/2025;FAC-2025-005495;CLI0415;VEN18;SUC06;Venta Telefónica;Transferencia;Completada
VTA005496;06/09/2025;FAC-2025-005496;CLI0569;VEN04;SUC04;Local;Transferencia;Completada
VTA005497;09/07/2025;FAC-2025-005497;CLI0479;VEN12;SUC06;Venta Telefónica;Financiación Propia;Completada
VTA005498;08/07/2025;FAC-2025-005498;CLI0537;VEN06;SUC06;WhatsApp;Efectivo;Completada
VTA005499;17/01/2026;FAC-2026-005499;CLI0153;VEN05;SUC05;Local;Tarjeta Crédito;Completada
VTA005500;25/01/2026;FAC-2026-005500;CLI0331;VEN11;SUC05;Web;Financiación Propia;Completada
VTA005501;07/12/2025;FAC-2025-005501;CLI0543;VEN03;SUC03;Web;Tarjeta Débito;Completada
VTA005502;12/02/2025;FAC-2025-005502;CLI0051;VEN09;SUC03;Local;Tarjeta Crédito;Completada
VTA005503;21/09/2025;FAC-2025-005503;CLI0042;VEN02;SUC02;Local;Transferencia;Completada
VTA005504;09/03/2026;FAC-2026-005504;CLI0073;VEN13;SUC01;Local;Tarjeta Débito;Completada
VTA005505;20/12/2025;FAC-2025-005505;CLI0128;VEN02;SUC02;Web;Financiación Propia;Completada
VTA005506;22/03/2025;FAC-2025-005506;CLI0544;VEN10;SUC04;Web;Tarjeta Débito;Completada
VTA005507;01/11/2025;FAC-2025-005507;CLI0532;VEN03;SUC03;Marketplace;Tarjeta Crédito;Completada
VTA005508;19/11/2025;FAC-2025-005508;CLI0549;VEN18;SUC06;WhatsApp;Efectivo;Completada
VTA005509;14/12/2025;FAC-2025-005509;CLI0588;VEN15;SUC03;Web;Financiación Propia;Completada
VTA005510;07/07/2026;FAC-2026-005510;CLI0587;VEN05;SUC05;Web;Financiación Propia;Completada
VTA005511;12/08/2025;FAC-2025-005511;CLI0005;VEN01;SUC01;WhatsApp;Efectivo;Completada
VTA005512;12/11/2025;FAC-2025-005512;CLI0565;VEN02;SUC02;Local;Transferencia;Completada
VTA005513;11/03/2025;FAC-2025-005513;CLI0523;VEN09;SUC03;Venta Telefónica;Financiación Propia;Completada
VTA005514;22/03/2026;FAC-2026-005514;CLI0159;VEN14;SUC02;Marketplace;Transferencia;Completada
VTA005515;21/07/2025;FAC-2025-005515;CLI0413;VEN15;SUC03;Marketplace;Tarjeta Débito;Completada
VTA005516;14/01/2025;FAC-2025-005516;CLI0250;VEN07;SUC01;Venta Telefónica;Financiación Propia;Completada
VTA005517;21/06/2026;FAC-2026-005517;CLI0351;VEN03;SUC03;Marketplace;Transferencia;Completada
VTA005518;28/10/2025;FAC-2025-005518;CLI0001;VEN18;SUC06;Marketplace;Tarjeta Débito;Completada
VTA005519;26/09/2025;FAC-2025-005519;CLI0051;VEN16;SUC04;Marketplace;Tarjeta Débito;Completada
VTA005520;18/12/2025;FAC-2025-005520;CLI0453;VEN06;SUC06;Local;Tarjeta Débito;Completada
VTA005521;17/01/2026;FAC-2026-005521;CLI0159;VEN15;SUC03;WhatsApp;Efectivo;Completada
VTA005522;20/10/2025;FAC-2025-005522;CLI0527;VEN02;SUC02;WhatsApp;Efectivo;Completada
VTA005523;22/05/2025;FAC-2025-005523;CLI0210;VEN06;SUC06;Venta Telefónica;Transferencia;Cancelada
VTA005524;22/10/2025;FAC-2025-005524;CLI0167;VEN06;SUC06;Local;Tarjeta Débito;Completada
VTA005525;28/02/2025;FAC-2025-005525;CLI0152;VEN13;SUC01;Venta Telefónica;Efectivo;Completada
VTA005526;18/06/2025;FAC-2025-005526;CLI0044;VEN12;SUC06;Web;Financiación Propia;Completada
VTA005527;25/07/2026;FAC-2026-005527;CLI0343;VEN16;SUC04;Marketplace;Tarjeta Débito;Completada
VTA005528;16/11/2025;FAC-2025-005528;CLI0061;VEN14;SUC02;Web;Tarjeta Débito;Completada
VTA005529;17/05/2025;FAC-2025-005529;CLI0582;VEN08;SUC02;Venta Telefónica;Efectivo;Completada
VTA005530;14/06/2026;FAC-2026-005530;CLI0055;VEN15;SUC03;Web;Tarjeta Crédito;Completada
VTA005531;17/01/2026;FAC-2026-005531;CLI0502;VEN05;SUC05;Web;Tarjeta Crédito;Completada
VTA005532;02/06/2025;FAC-2025-005532;CLI0269;VEN03;SUC03;Local;Financiación Propia;Completada
VTA005533;17/12/2025;FAC-2025-005533;CLI0258;VEN01;SUC01;Local;Financiación Propia;Completada
VTA005534;15/08/2025;FAC-2025-005534;CLI0485;VEN03;SUC03;Marketplace;Tarjeta Crédito;Completada
VTA005535;05/11/2025;FAC-2025-005535;CLI0241;VEN07;SUC01;Venta Telefónica;Financiación Propia;Completada
VTA005536;28/08/2025;FAC-2025-005536;CLI0193;VEN16;SUC04;Venta Telefónica;Transferencia;Completada
VTA005537;26/01/2026;FAC-2026-005537;CLI0350;VEN09;SUC03;Local;Tarjeta Crédito;Completada
VTA005538;07/03/2025;FAC-2025-005538;CLI0280;VEN10;SUC04;Venta Telefónica;Tarjeta Débito;Pendiente
VTA005539;15/06/2025;FAC-2025-005539;CLI0462;VEN15;SUC03;WhatsApp;Tarjeta Crédito;Completada
VTA005540;24/03/2026;FAC-2026-005540;CLI0476;VEN06;SUC06;WhatsApp;Financiación Propia;Completada
VTA005541;16/09/2025;FAC-2025-005541;CLI0589;VEN04;SUC04;Local;Financiación Propia;Completada
VTA005542;28/07/2025;FAC-2025-005542;CLI0517;VEN07;SUC01;Venta Telefónica;Financiación Propia;Completada
VTA005543;22/09/2025;FAC-2025-005543;CLI0002;VEN10;SUC04;Local;Efectivo;Completada
VTA005544;16/04/2025;FAC-2025-005544;CLI0437;VEN09;SUC03;Venta Telefónica;Tarjeta Crédito;Completada
VTA005545;14/02/2026;FAC-2026-005545;CLI0599;VEN18;SUC06;Local;Transferencia;Completada
VTA005546;22/05/2025;FAC-2025-005546;CLI0424;VEN03;SUC03;WhatsApp;Financiación Propia;Completada
VTA005547;27/08/2025;FAC-2025-005547;CLI0520;VEN04;SUC04;Web;Tarjeta Débito;Completada
VTA005548;04/02/2026;FAC-2026-005548;CLI0294;VEN05;SUC05;WhatsApp;Efectivo;Completada
VTA005549;22/04/2025;FAC-2025-005549;CLI0010;VEN08;SUC02;Local;Tarjeta Débito;Completada
VTA005550;01/01/2025;FAC-2025-005550;CLI0282;VEN09;SUC03;WhatsApp;Financiación Propia;Completada
VTA005551;14/03/2026;FAC-2026-005551;CLI0077;VEN11;SUC05;WhatsApp;Transferencia;Completada
VTA005552;01/08/2025;FAC-2025-005552;CLI0120;VEN17;SUC05;Web;Tarjeta Crédito;Completada
VTA005553;30/04/2025;FAC-2025-005553;CLI0193;VEN08;SUC02;Web;Transferencia;Completada
VTA005554;14/09/2025;FAC-2025-005554;CLI0295;VEN18;SUC06;Marketplace;Transferencia;Completada
VTA005555;11/03/2026;FAC-2026-005555;CLI0129;VEN08;SUC02;Local;Tarjeta Débito;Completada
VTA005556;25/11/2025;FAC-2025-005556;CLI0063;VEN10;SUC04;WhatsApp;Tarjeta Crédito;Completada
VTA005557;10/07/2026;FAC-2026-005557;CLI0262;VEN16;SUC04;Local;Tarjeta Débito;Completada
VTA005558;09/02/2025;FAC-2025-005558;CLI0438;VEN07;SUC01;WhatsApp;Tarjeta Débito;Completada
VTA005559;22/01/2026;FAC-2026-005559;CLI0378;VEN17;SUC05;Local;Financiación Propia;Completada
VTA005560;05/11/2025;FAC-2025-005560;CLI0520;VEN12;SUC06;Web;Tarjeta Crédito;Completada
VTA005561;12/02/2026;FAC-2026-005561;CLI0355;VEN17;SUC05;Marketplace;Tarjeta Débito;Completada
VTA005562;16/10/2025;FAC-2025-005562;CLI0497;VEN06;SUC06;WhatsApp;Tarjeta Crédito;Completada
VTA005563;01/03/2025;FAC-2025-005563;CLI0504;VEN06;SUC06;Venta Telefónica;Efectivo;Completada
VTA005564;22/05/2026;FAC-2026-005564;CLI0461;VEN01;SUC01;Venta Telefónica;Transferencia;Completada
VTA005565;29/07/2025;FAC-2025-005565;CLI0049;VEN17;SUC05;Venta Telefónica;Financiación Propia;Completada
VTA005566;24/07/2026;FAC-2026-005566;CLI0198;VEN03;SUC03;Venta Telefónica;Tarjeta Crédito;Completada
VTA005567;30/06/2025;FAC-2025-005567;CLI0320;VEN14;SUC02;Web;Tarjeta Crédito;Completada
VTA005568;16/06/2025;FAC-2025-005568;CLI0297;VEN15;SUC03;Local;Tarjeta Crédito;Completada
VTA005569;16/01/2025;FAC-2025-005569;CLI0504;VEN03;SUC03;Venta Telefónica;Tarjeta Débito;Completada
VTA005570;23/01/2026;FAC-2026-005570;CLI0542;VEN04;SUC04;Web;Financiación Propia;Completada
VTA005571;04/12/2025;FAC-2025-005571;CLI0092;VEN15;SUC03;Local;Efectivo;Completada
VTA005572;24/04/2026;FAC-2026-005572;CLI0560;VEN03;SUC03;Venta Telefónica;Efectivo;Completada
VTA005573;27/12/2025;FAC-2025-005573;CLI0196;VEN01;SUC01;WhatsApp;Tarjeta Débito;Completada
VTA005574;14/12/2025;FAC-2025-005574;CLI0330;VEN09;SUC03;Web;Financiación Propia;Completada
VTA005575;31/01/2025;FAC-2025-005575;CLI0001;VEN13;SUC01;Local;Financiación Propia;Completada
VTA005576;13/05/2025;FAC-2025-005576;CLI0597;VEN02;SUC02;Web;Financiación Propia;Completada
VTA005577;09/06/2026;FAC-2026-005577;CLI0151;VEN18;SUC06;WhatsApp;Transferencia;Completada
VTA005578;11/01/2026;FAC-2026-005578;CLI0445;VEN08;SUC02;Marketplace;Tarjeta Débito;Completada
VTA005579;11/06/2026;FAC-2026-005579;CLI0004;VEN05;SUC05;Marketplace;Financiación Propia;Completada
VTA005580;17/08/2025;FAC-2025-005580;CLI0430;VEN08;SUC02;Web;Tarjeta Crédito;Completada
VTA005581;04/10/2025;FAC-2025-005581;CLI0022;VEN17;SUC05;Marketplace;Efectivo;Completada
VTA005582;21/05/2026;FAC-2026-005582;CLI0234;VEN03;SUC03;Venta Telefónica;Financiación Propia;Completada
VTA005583;25/06/2025;FAC-2025-005583;CLI0492;VEN16;SUC04;Venta Telefónica;Tarjeta Débito;Completada
VTA005584;22/05/2025;FAC-2025-005584;CLI0008;VEN14;SUC02;Venta Telefónica;Tarjeta Crédito;Completada
VTA005585;17/05/2026;FAC-2026-005585;CLI0048;VEN09;SUC03;Local;Efectivo;Completada
VTA005586;30/03/2026;FAC-2026-005586;CLI0588;VEN05;SUC05;Venta Telefónica;Efectivo;Completada
VTA005587;08/10/2025;FAC-2025-005587;CLI0191;VEN03;SUC03;Marketplace;Tarjeta Débito;Completada
VTA005588;10/06/2025;FAC-2025-005588;CLI0206;VEN14;SUC02;WhatsApp;Tarjeta Crédito;Completada
VTA005589;14/12/2025;FAC-2025-005589;CLI0549;VEN18;SUC06;Local;Financiación Propia;Completada
VTA005590;09/06/2025;FAC-2025-005590;CLI0466;VEN12;SUC06;Marketplace;Financiación Propia;Completada
VTA005591;14/11/2025;FAC-2025-005591;CLI0434;VEN09;SUC03;WhatsApp;Tarjeta Crédito;Completada
VTA005592;20/05/2026;FAC-2026-005592;CLI0188;VEN04;SUC04;Web;Financiación Propia;Completada
VTA005593;09/04/2026;FAC-2026-005593;CLI0161;VEN07;SUC01;Local;Tarjeta Crédito;Completada
VTA005594;26/06/2025;FAC-2025-005594;CLI0462;VEN12;SUC06;Local;Transferencia;Completada
VTA005595;05/04/2025;FAC-2025-005595;CLI0405;VEN07;SUC01;Marketplace;Efectivo;Completada
VTA005596;23/04/2026;FAC-2026-005596;CLI0522;VEN04;SUC04;Venta Telefónica;Tarjeta Crédito;Completada
VTA005597;16/05/2025;FAC-2025-005597;CLI0221;VEN14;SUC02;Marketplace;Transferencia;Completada
VTA005598;13/11/2025;FAC-2025-005598;CLI0436;VEN03;SUC03;Venta Telefónica;Transferencia;Pendiente
VTA005599;10/07/2025;FAC-2025-005599;CLI0274;VEN15;SUC03;Marketplace;Tarjeta Débito;Completada
VTA005600;18/09/2025;FAC-2025-005600;CLI0575;VEN09;SUC03;Venta Telefónica;Efectivo;Completada
VTA005601;18/01/2025;FAC-2025-005601;CLI0402;VEN10;SUC04;Local;Transferencia;Completada
VTA005602;19/04/2025;FAC-2025-005602;CLI0555;VEN03;SUC03;Marketplace;Transferencia;Completada
VTA005603;04/07/2025;FAC-2025-005603;CLI0445;VEN17;SUC05;Web;Tarjeta Crédito;Completada
VTA005604;20/06/2025;FAC-2025-005604;CLI0344;VEN14;SUC02;Web;Transferencia;Completada
VTA005605;30/12/2025;FAC-2025-005605;CLI0291;VEN09;SUC03;Venta Telefónica;Tarjeta Débito;Completada
VTA005606;04/06/2025;FAC-2025-005606;CLI0231;VEN14;SUC02;Venta Telefónica;Transferencia;Completada
VTA005607;01/07/2025;FAC-2025-005607;CLI0145;VEN15;SUC03;Local;Efectivo;Completada
VTA005608;19/07/2026;FAC-2026-005608;CLI0059;VEN16;SUC04;Marketplace;Tarjeta Crédito;Cancelada
VTA005609;16/09/2025;FAC-2025-005609;CLI0523;VEN09;SUC03;Local;Financiación Propia;Completada
VTA005610;20/03/2025;FAC-2025-005610;CLI0436;VEN07;SUC01;Venta Telefónica;Efectivo;Completada
VTA005611;13/06/2025;FAC-2025-005611;CLI0184;VEN18;SUC06;WhatsApp;Transferencia;Completada
VTA005612;22/07/2026;FAC-2026-005612;CLI0481;VEN07;SUC01;Marketplace;Tarjeta Débito;Completada
VTA005613;25/06/2026;FAC-2026-005613;CLI0427;VEN02;SUC02;Venta Telefónica;Tarjeta Débito;Completada
VTA005614;02/07/2025;FAC-2025-005614;CLI0598;VEN18;SUC06;Venta Telefónica;Tarjeta Crédito;Completada
VTA005615;28/12/2025;FAC-2025-005615;CLI0157;VEN06;SUC06;Marketplace;Efectivo;Completada
VTA005616;27/06/2026;FAC-2026-005616;CLI0506;VEN10;SUC04;Web;Transferencia;Completada
VTA005617;20/09/2025;FAC-2025-005617;CLI0092;VEN10;SUC04;Venta Telefónica;Transferencia;Completada
VTA005618;28/04/2026;FAC-2026-005618;CLI0223;VEN14;SUC02;WhatsApp;Tarjeta Débito;Completada
VTA005619;08/01/2026;FAC-2026-005619;CLI0272;VEN07;SUC01;Venta Telefónica;Transferencia;Completada
VTA005620;21/07/2026;FAC-2026-005620;CLI0391;VEN18;SUC06;Web;Financiación Propia;Completada
VTA005621;07/05/2026;FAC-2026-005621;CLI0292;VEN04;SUC04;Web;Financiación Propia;Completada
VTA005622;25/06/2026;FAC-2026-005622;CLI0416;VEN16;SUC04;Local;Transferencia;Completada
VTA005623;11/04/2026;FAC-2026-005623;CLI0467;VEN06;SUC06;Web;Financiación Propia;Completada
VTA005624;10/05/2026;FAC-2026-005624;CLI0593;VEN09;SUC03;WhatsApp;Transferencia;Completada
VTA005625;25/04/2026;FAC-2026-005625;CLI0489;VEN15;SUC03;Marketplace;Tarjeta Crédito;Completada
VTA005626;17/07/2025;FAC-2025-005626;CLI0524;VEN08;SUC02;WhatsApp;Efectivo;Completada
VTA005627;10/07/2025;FAC-2025-005627;CLI0155;VEN10;SUC04;Web;Tarjeta Débito;Completada
VTA005628;09/04/2026;FAC-2026-005628;CLI0159;VEN14;SUC02;Web;Tarjeta Débito;Completada
VTA005629;12/01/2026;FAC-2026-005629;CLI0004;VEN13;SUC01;Marketplace;Transferencia;Completada
VTA005630;19/06/2026;FAC-2026-005630;CLI0179;VEN04;SUC04;Local;Financiación Propia;Completada
VTA005631;18/05/2026;FAC-2026-005631;CLI0033;VEN17;SUC05;Web;Tarjeta Débito;Completada
VTA005632;29/07/2025;FAC-2025-005632;CLI0343;VEN02;SUC02;Web;Financiación Propia;Completada
VTA005633;23/05/2025;FAC-2025-005633;CLI0114;VEN17;SUC05;Web;Tarjeta Débito;Completada
VTA005634;07/07/2026;FAC-2026-005634;CLI0251;VEN07;SUC01;Local;Financiación Propia;Completada
VTA005635;11/02/2026;FAC-2026-005635;CLI0298;VEN04;SUC04;WhatsApp;Financiación Propia;Completada
VTA005636;29/01/2025;FAC-2025-005636;CLI0496;VEN08;SUC02;Marketplace;Financiación Propia;Completada
VTA005637;05/08/2025;FAC-2025-005637;CLI0009;VEN11;SUC05;Web;Tarjeta Débito;Completada
VTA005638;29/05/2025;FAC-2025-005638;CLI0594;VEN12;SUC06;Web;Transferencia;Completada
VTA005639;11/05/2026;FAC-2026-005639;CLI0334;VEN04;SUC04;Marketplace;Tarjeta Crédito;Completada
VTA005640;18/09/2025;FAC-2025-005640;CLI0431;VEN01;SUC01;Marketplace;Financiación Propia;Cancelada
VTA005641;22/03/2026;FAC-2026-005641;CLI0181;VEN09;SUC03;Web;Efectivo;Cancelada
VTA005642;12/04/2025;FAC-2025-005642;CLI0038;VEN09;SUC03;Venta Telefónica;Efectivo;Completada
VTA005643;23/02/2026;FAC-2026-005643;CLI0040;VEN13;SUC01;Marketplace;Financiación Propia;Completada
VTA005644;03/10/2025;FAC-2025-005644;CLI0474;VEN14;SUC02;Web;Transferencia;Completada
VTA005645;01/11/2025;FAC-2025-005645;CLI0557;VEN15;SUC03;Local;Transferencia;Completada
VTA005646;11/03/2025;FAC-2025-005646;CLI0373;VEN15;SUC03;Marketplace;Efectivo;Completada
VTA005647;29/11/2025;FAC-2025-005647;CLI0497;VEN01;SUC01;WhatsApp;Tarjeta Débito;Completada
VTA005648;15/01/2026;FAC-2026-005648;CLI0283;VEN08;SUC02;Marketplace;Tarjeta Crédito;Completada
VTA005649;29/08/2025;FAC-2025-005649;CLI0134;VEN08;SUC02;Local;Financiación Propia;Completada
VTA005650;15/12/2025;FAC-2025-005650;CLI0558;VEN04;SUC04;Marketplace;Financiación Propia;Completada
VTA005651;18/06/2026;FAC-2026-005651;CLI0231;VEN14;SUC02;WhatsApp;Tarjeta Crédito;Completada
VTA005652;22/05/2026;FAC-2026-005652;CLI0033;VEN08;SUC02;Local;Tarjeta Débito;Completada
VTA005653;06/05/2026;FAC-2026-005653;CLI0565;VEN07;SUC01;Web;Financiación Propia;Completada
VTA005654;19/05/2026;FAC-2026-005654;CLI0201;VEN13;SUC01;Web;Tarjeta Crédito;Completada
VTA005655;28/11/2025;FAC-2025-005655;CLI0480;VEN08;SUC02;Marketplace;Transferencia;Completada
VTA005656;03/07/2026;FAC-2026-005656;CLI0239;VEN05;SUC05;Venta Telefónica;Financiación Propia;Completada
VTA005657;26/03/2026;FAC-2026-005657;CLI0472;VEN06;SUC06;Web;Efectivo;Completada
VTA005658;20/01/2026;FAC-2026-005658;CLI0044;VEN05;SUC05;Marketplace;Tarjeta Débito;Pendiente
VTA005659;17/08/2025;FAC-2025-005659;CLI0226;VEN11;SUC05;WhatsApp;Transferencia;Completada
VTA005660;08/09/2025;FAC-2025-005660;CLI0315;VEN12;SUC06;Web;Financiación Propia;Completada
VTA005661;21/07/2025;FAC-2025-005661;CLI0584;VEN06;SUC06;Web;Financiación Propia;Completada
VTA005662;17/12/2025;FAC-2025-005662;CLI0567;VEN01;SUC01;WhatsApp;Transferencia;Completada
VTA005663;25/10/2025;FAC-2025-005663;CLI0013;VEN07;SUC01;Local;Financiación Propia;Completada
VTA005664;04/04/2026;FAC-2026-005664;CLI0190;VEN10;SUC04;Local;Tarjeta Crédito;Completada
VTA005665;08/03/2026;FAC-2026-005665;CLI0068;VEN15;SUC03;Local;Financiación Propia;Completada
VTA005666;15/08/2025;FAC-2025-005666;CLI0248;VEN05;SUC05;WhatsApp;Transferencia;Completada
VTA005667;18/01/2026;FAC-2026-005667;CLI0130;VEN18;SUC06;Venta Telefónica;Tarjeta Débito;Completada
VTA005668;27/04/2026;FAC-2026-005668;CLI0446;VEN01;SUC01;WhatsApp;Efectivo;Completada
VTA005669;16/02/2026;FAC-2026-005669;CLI0600;VEN12;SUC06;Local;Tarjeta Crédito;Completada
VTA005670;06/02/2026;FAC-2026-005670;CLI0105;VEN04;SUC04;WhatsApp;Tarjeta Crédito;Completada
VTA005671;17/07/2026;FAC-2026-005671;CLI0172;VEN02;SUC02;Web;Tarjeta Crédito;Completada
VTA005672;24/05/2025;FAC-2025-005672;CLI0591;VEN03;SUC03;WhatsApp;Financiación Propia;Completada
VTA005673;02/02/2026;FAC-2026-005673;CLI0531;VEN16;SUC04;WhatsApp;Efectivo;Completada
VTA005674;22/04/2026;FAC-2026-005674;CLI0542;VEN01;SUC01;Venta Telefónica;Tarjeta Crédito;Completada
VTA005675;10/01/2025;FAC-2025-005675;CLI0228;VEN17;SUC05;Local;Tarjeta Crédito;Completada
VTA005676;16/12/2025;FAC-2025-005676;CLI0011;VEN18;SUC06;Venta Telefónica;Tarjeta Crédito;Completada
VTA005677;28/07/2026;FAC-2026-005677;CLI0589;VEN01;SUC01;Local;Tarjeta Débito;Completada
VTA005678;17/11/2025;FAC-2025-005678;CLI0126;VEN05;SUC05;WhatsApp;Financiación Propia;Completada
VTA005679;29/10/2025;FAC-2025-005679;CLI0294;VEN18;SUC06;WhatsApp;Efectivo;Completada
VTA005680;03/06/2025;FAC-2025-005680;CLI0091;VEN18;SUC06;WhatsApp;Tarjeta Crédito;Completada
VTA005681;01/04/2025;FAC-2025-005681;CLI0174;VEN11;SUC05;Marketplace;Efectivo;Completada
VTA005682;23/04/2025;FAC-2025-005682;CLI0195;VEN18;SUC06;Local;Efectivo;Completada
VTA005683;03/05/2025;FAC-2025-005683;CLI0081;VEN04;SUC04;Marketplace;Transferencia;Completada
VTA005684;02/04/2025;FAC-2025-005684;CLI0539;VEN14;SUC02;WhatsApp;Tarjeta Crédito;Completada
VTA005685;18/07/2026;FAC-2026-005685;CLI0598;VEN13;SUC01;Marketplace;Transferencia;Completada
VTA005686;16/04/2026;FAC-2026-005686;CLI0540;VEN04;SUC04;Local;Efectivo;Completada
VTA005687;02/03/2026;FAC-2026-005687;CLI0216;VEN02;SUC02;Web;Transferencia;Completada
VTA005688;10/10/2025;FAC-2025-005688;CLI0025;VEN08;SUC02;WhatsApp;Tarjeta Débito;Completada
VTA005689;07/02/2026;FAC-2026-005689;CLI0261;VEN18;SUC06;Local;Efectivo;Completada
VTA005690;27/05/2026;FAC-2026-005690;CLI0361;VEN01;SUC01;WhatsApp;Tarjeta Débito;Completada
VTA005691;03/03/2025;FAC-2025-005691;CLI0299;VEN18;SUC06;Marketplace;Tarjeta Crédito;Completada
VTA005692;28/07/2026;FAC-2026-005692;CLI0583;VEN12;SUC06;Marketplace;Transferencia;Completada
VTA005693;03/04/2025;FAC-2025-005693;CLI0384;VEN08;SUC02;Venta Telefónica;Financiación Propia;Completada
VTA005694;26/08/2025;FAC-2025-005694;CLI0171;VEN16;SUC04;WhatsApp;Efectivo;Completada
VTA005695;01/05/2026;FAC-2026-005695;CLI0431;VEN03;SUC03;WhatsApp;Tarjeta Débito;Completada
VTA005696;28/11/2025;FAC-2025-005696;CLI0314;VEN07;SUC01;Marketplace;Tarjeta Débito;Completada
VTA005697;09/10/2025;FAC-2025-005697;CLI0272;VEN02;SUC02;Local;Tarjeta Crédito;Completada
VTA005698;26/04/2025;FAC-2025-005698;CLI0547;VEN18;SUC06;WhatsApp;Transferencia;Completada
VTA005699;28/09/2025;FAC-2025-005699;CLI0375;VEN14;SUC02;WhatsApp;Tarjeta Débito;Completada
VTA005700;13/04/2026;FAC-2026-005700;CLI0335;VEN05;SUC05;Web;Financiación Propia;Completada
VTA005701;29/01/2025;FAC-2025-005701;CLI0477;VEN15;SUC03;Local;Efectivo;Pendiente
VTA005702;28/03/2025;FAC-2025-005702;CLI0238;VEN18;SUC06;Venta Telefónica;Efectivo;Completada
VTA005703;30/04/2026;FAC-2026-005703;CLI0331;VEN06;SUC06;Venta Telefónica;Financiación Propia;Completada
VTA005704;26/02/2025;FAC-2025-005704;CLI0178;VEN02;SUC02;Web;Transferencia;Completada
VTA005705;21/07/2026;FAC-2026-005705;CLI0561;VEN05;SUC05;Local;Tarjeta Crédito;Completada
VTA005706;10/02/2026;FAC-2026-005706;CLI0213;VEN05;SUC05;WhatsApp;Transferencia;Completada
VTA005707;23/08/2025;FAC-2025-005707;CLI0164;VEN05;SUC05;Venta Telefónica;Transferencia;Completada
VTA005708;25/04/2026;FAC-2026-005708;CLI0394;VEN04;SUC04;Web;Tarjeta Crédito;Completada
VTA005709;07/06/2026;FAC-2026-005709;CLI0110;VEN12;SUC06;Venta Telefónica;Tarjeta Crédito;Completada
VTA005710;24/04/2026;FAC-2026-005710;CLI0113;VEN06;SUC06;Web;Tarjeta Débito;Completada
VTA005711;31/05/2026;FAC-2026-005711;CLI0332;VEN14;SUC02;Venta Telefónica;Financiación Propia;Completada
VTA005712;25/04/2025;FAC-2025-005712;CLI0196;VEN16;SUC04;Venta Telefónica;Tarjeta Crédito;Completada
VTA005713;22/06/2025;FAC-2025-005713;CLI0136;VEN08;SUC02;Web;Tarjeta Crédito;Completada
VTA005714;15/04/2026;FAC-2026-005714;CLI0058;VEN13;SUC01;Venta Telefónica;Transferencia;Completada
VTA005715;22/01/2025;FAC-2025-005715;CLI0403;VEN09;SUC03;Marketplace;Tarjeta Crédito;Completada
VTA005716;22/08/2025;FAC-2025-005716;CLI0521;VEN05;SUC05;Local;Financiación Propia;Completada
VTA005717;16/02/2026;FAC-2026-005717;CLI0399;VEN02;SUC02;Web;Tarjeta Crédito;Completada
VTA005718;27/01/2025;FAC-2025-005718;CLI0302;VEN03;SUC03;Venta Telefónica;Tarjeta Débito;Completada
VTA005719;26/01/2026;FAC-2026-005719;CLI0098;VEN14;SUC02;WhatsApp;Financiación Propia;Completada
VTA005720;03/05/2025;FAC-2025-005720;CLI0092;VEN17;SUC05;Marketplace;Tarjeta Crédito;Completada
VTA005721;04/01/2025;FAC-2025-005721;CLI0549;VEN14;SUC02;Venta Telefónica;Financiación Propia;Completada
VTA005722;27/04/2026;FAC-2026-005722;CLI0577;VEN08;SUC02;WhatsApp;Tarjeta Débito;Completada
VTA005723;30/10/2025;FAC-2025-005723;CLI0173;VEN07;SUC01;Web;Efectivo;Completada
VTA005724;05/11/2025;FAC-2025-005724;CLI0542;VEN13;SUC01;WhatsApp;Tarjeta Débito;Completada
VTA005725;26/05/2026;FAC-2026-005725;CLI0217;VEN18;SUC06;Marketplace;Efectivo;Completada
VTA005726;17/03/2026;FAC-2026-005726;CLI0339;VEN05;SUC05;WhatsApp;Tarjeta Débito;Completada
VTA005727;29/11/2025;FAC-2025-005727;CLI0052;VEN03;SUC03;Marketplace;Transferencia;Completada
VTA005728;02/02/2026;FAC-2026-005728;CLI0030;VEN16;SUC04;WhatsApp;Efectivo;Completada
VTA005729;10/04/2025;FAC-2025-005729;CLI0485;VEN13;SUC01;Marketplace;Financiación Propia;Completada
VTA005730;13/07/2025;FAC-2025-005730;CLI0596;VEN11;SUC05;WhatsApp;Transferencia;Completada
VTA005731;09/10/2025;FAC-2025-005731;CLI0253;VEN04;SUC04;Web;Tarjeta Crédito;Completada
VTA005732;16/12/2025;FAC-2025-005732;CLI0260;VEN02;SUC02;Local;Tarjeta Crédito;Completada
VTA005733;09/12/2025;FAC-2025-005733;CLI0450;VEN03;SUC03;Web;Financiación Propia;Completada
VTA005734;20/01/2026;FAC-2026-005734;CLI0536;VEN05;SUC05;Marketplace;Tarjeta Crédito;Completada
VTA005735;16/06/2026;FAC-2026-005735;CLI0219;VEN04;SUC04;Venta Telefónica;Transferencia;Completada
VTA005736;23/07/2026;FAC-2026-005736;CLI0111;VEN11;SUC05;Local;Tarjeta Crédito;Completada
VTA005737;05/02/2026;FAC-2026-005737;CLI0587;VEN01;SUC01;Web;Tarjeta Crédito;Completada
VTA005738;25/03/2025;FAC-2025-005738;CLI0279;VEN04;SUC04;Venta Telefónica;Financiación Propia;Completada
VTA005739;30/06/2026;FAC-2026-005739;CLI0106;VEN17;SUC05;WhatsApp;Transferencia;Completada
VTA005740;11/11/2025;FAC-2025-005740;CLI0484;VEN17;SUC05;Web;Transferencia;Completada
VTA005741;07/03/2026;FAC-2026-005741;CLI0048;VEN05;SUC05;Marketplace;Financiación Propia;Completada
VTA005742;06/03/2025;FAC-2025-005742;CLI0102;VEN14;SUC02;Local;Transferencia;Completada
VTA005743;04/06/2026;FAC-2026-005743;CLI0161;VEN06;SUC06;Local;Tarjeta Débito;Completada
VTA005744;10/02/2025;FAC-2025-005744;CLI0159;VEN12;SUC06;Venta Telefónica;Financiación Propia;Completada
VTA005745;05/05/2025;FAC-2025-005745;CLI0422;VEN08;SUC02;Venta Telefónica;Transferencia;Completada
VTA005746;03/01/2025;FAC-2025-005746;CLI0231;VEN16;SUC04;Marketplace;Tarjeta Crédito;Completada
VTA005747;08/12/2025;FAC-2025-005747;CLI0041;VEN01;SUC01;Marketplace;Efectivo;Pendiente
VTA005748;31/10/2025;FAC-2025-005748;CLI0363;VEN18;SUC06;Venta Telefónica;Tarjeta Débito;Completada
VTA005749;28/01/2026;FAC-2026-005749;CLI0093;VEN15;SUC03;Web;Financiación Propia;Completada
VTA005750;05/08/2025;FAC-2025-005750;CLI0065;VEN09;SUC03;Local;Tarjeta Crédito;Completada
VTA005751;03/02/2026;FAC-2026-005751;CLI0085;VEN17;SUC05;Local;Efectivo;Completada
VTA005752;13/03/2025;FAC-2025-005752;CLI0304;VEN18;SUC06;Venta Telefónica;Financiación Propia;Completada
VTA005753;25/06/2026;FAC-2026-005753;CLI0255;VEN04;SUC04;WhatsApp;Tarjeta Débito;Completada
VTA005754;13/12/2025;FAC-2025-005754;CLI0400;VEN11;SUC05;Web;Efectivo;Completada
VTA005755;26/05/2025;FAC-2025-005755;CLI0576;VEN18;SUC06;Web;Efectivo;Completada
VTA005756;11/12/2025;FAC-2025-005756;CLI0581;VEN08;SUC02;Venta Telefónica;Efectivo;Completada
VTA005757;24/06/2025;FAC-2025-005757;CLI0562;VEN02;SUC02;WhatsApp;Tarjeta Crédito;Completada
VTA005758;15/04/2025;FAC-2025-005758;CLI0175;VEN15;SUC03;WhatsApp;Tarjeta Crédito;Completada
VTA005759;22/09/2025;FAC-2025-005759;CLI0197;VEN05;SUC05;Venta Telefónica;Tarjeta Débito;Completada
VTA005760;26/03/2026;FAC-2026-005760;CLI0009;VEN03;SUC03;Web;Tarjeta Débito;Completada
VTA005761;01/06/2025;FAC-2025-005761;CLI0446;VEN11;SUC05;Web;Efectivo;Completada
VTA005762;09/02/2026;FAC-2026-005762;CLI0248;VEN12;SUC06;Local;Transferencia;Completada
VTA005763;10/03/2025;FAC-2025-005763;CLI0559;VEN07;SUC01;Marketplace;Tarjeta Crédito;Completada
VTA005764;24/02/2026;FAC-2026-005764;CLI0245;VEN17;SUC05;Venta Telefónica;Transferencia;Completada
VTA005765;15/11/2025;FAC-2025-005765;CLI0352;VEN14;SUC02;Web;Efectivo;Completada
VTA005766;15/03/2025;FAC-2025-005766;CLI0537;VEN18;SUC06;WhatsApp;Transferencia;Completada
VTA005767;02/06/2025;FAC-2025-005767;CLI0531;VEN18;SUC06;Venta Telefónica;Tarjeta Crédito;Completada
VTA005768;14/07/2026;FAC-2026-005768;CLI0087;VEN07;SUC01;Local;Tarjeta Débito;Completada
VTA005769;07/05/2026;FAC-2026-005769;CLI0093;VEN12;SUC06;WhatsApp;Tarjeta Crédito;Pendiente
VTA005770;03/12/2025;FAC-2025-005770;CLI0326;VEN08;SUC02;Local;Transferencia;Completada
VTA005771;21/06/2026;FAC-2026-005771;CLI0467;VEN05;SUC05;Marketplace;Efectivo;Completada
VTA005772;09/11/2025;FAC-2025-005772;CLI0126;VEN10;SUC04;Marketplace;Financiación Propia;Completada
VTA005773;14/11/2025;FAC-2025-005773;CLI0050;VEN09;SUC03;Venta Telefónica;Financiación Propia;Completada
VTA005774;14/01/2025;FAC-2025-005774;CLI0119;VEN16;SUC04;Local;Efectivo;Completada
VTA005775;27/09/2025;FAC-2025-005775;CLI0057;VEN18;SUC06;Marketplace;Financiación Propia;Completada
VTA005776;04/07/2026;FAC-2026-005776;CLI0287;VEN16;SUC04;Venta Telefónica;Efectivo;Completada
VTA005777;07/02/2025;FAC-2025-005777;CLI0579;VEN05;SUC05;Venta Telefónica;Tarjeta Crédito;Completada
VTA005778;10/07/2025;FAC-2025-005778;CLI0234;VEN12;SUC06;WhatsApp;Transferencia;Completada
VTA005779;20/05/2026;FAC-2026-005779;CLI0291;VEN18;SUC06;Local;Tarjeta Crédito;Completada
VTA005780;20/02/2026;FAC-2026-005780;CLI0397;VEN02;SUC02;Web;Tarjeta Débito;Completada
VTA005781;14/06/2025;FAC-2025-005781;CLI0530;VEN18;SUC06;WhatsApp;Efectivo;Completada
VTA005782;15/08/2025;FAC-2025-005782;CLI0185;VEN11;SUC05;Web;Transferencia;Completada
VTA005783;28/04/2026;FAC-2026-005783;CLI0473;VEN05;SUC05;Web;Tarjeta Débito;Completada
VTA005784;05/06/2026;FAC-2026-005784;CLI0078;VEN18;SUC06;WhatsApp;Efectivo;Completada
VTA005785;10/01/2026;FAC-2026-005785;CLI0305;VEN06;SUC06;Marketplace;Tarjeta Débito;Completada
VTA005786;18/06/2025;FAC-2025-005786;CLI0338;VEN18;SUC06;Web;Financiación Propia;Completada
VTA005787;17/11/2025;FAC-2025-005787;CLI0594;VEN08;SUC02;Web;Financiación Propia;Completada
VTA005788;24/03/2026;FAC-2026-005788;CLI0040;VEN18;SUC06;WhatsApp;Efectivo;Completada
VTA005789;25/06/2026;FAC-2026-005789;CLI0085;VEN05;SUC05;Marketplace;Financiación Propia;Completada
VTA005790;23/01/2026;FAC-2026-005790;CLI0435;VEN05;SUC05;Web;Tarjeta Débito;Completada
VTA005791;19/07/2026;FAC-2026-005791;CLI0590;VEN18;SUC06;WhatsApp;Transferencia;Completada
VTA005792;31/07/2025;FAC-2025-005792;CLI0259;VEN01;SUC01;Web;Efectivo;Completada
VTA005793;30/04/2025;FAC-2025-005793;CLI0138;VEN16;SUC04;Venta Telefónica;Tarjeta Crédito;Completada
VTA005794;05/05/2025;FAC-2025-005794;CLI0497;VEN08;SUC02;Venta Telefónica;Efectivo;Completada
VTA005795;28/07/2026;FAC-2026-005795;CLI0220;VEN09;SUC03;Venta Telefónica;Transferencia;Completada
VTA005796;05/09/2025;FAC-2025-005796;CLI0073;VEN05;SUC05;Venta Telefónica;Tarjeta Crédito;Completada
VTA005797;18/08/2025;FAC-2025-005797;CLI0409;VEN02;SUC02;Web;Tarjeta Débito;Completada
VTA005798;10/07/2026;FAC-2026-005798;CLI0542;VEN17;SUC05;Local;Efectivo;Completada
VTA005799;24/06/2026;FAC-2026-005799;CLI0567;VEN18;SUC06;Local;Financiación Propia;Completada
VTA005800;09/03/2026;FAC-2026-005800;CLI0260;VEN02;SUC02;Web;Financiación Propia;Completada
VTA005801;07/07/2025;FAC-2025-005801;CLI0307;VEN01;SUC01;Web;Tarjeta Débito;Pendiente
VTA005802;10/03/2025;FAC-2025-005802;CLI0161;VEN09;SUC03;Local;Tarjeta Crédito;Pendiente
VTA005803;21/03/2026;FAC-2026-005803;CLI0060;VEN05;SUC05;Marketplace;Tarjeta Débito;Completada
VTA005804;13/04/2026;FAC-2026-005804;CLI0508;VEN18;SUC06;Local;Efectivo;Completada
VTA005805;08/06/2026;FAC-2026-005805;CLI0513;VEN10;SUC04;Marketplace;Financiación Propia;Completada
VTA005806;07/02/2025;FAC-2025-005806;CLI0224;VEN11;SUC05;Venta Telefónica;Tarjeta Débito;Completada
VTA005807;10/03/2025;FAC-2025-005807;CLI0123;VEN12;SUC06;Local;Tarjeta Débito;Completada
VTA005808;20/10/2025;FAC-2025-005808;CLI0231;VEN05;SUC05;Marketplace;Tarjeta Crédito;Completada
VTA005809;15/07/2026;FAC-2026-005809;CLI0458;VEN03;SUC03;Web;Tarjeta Crédito;Completada
VTA005810;31/10/2025;FAC-2025-005810;CLI0217;VEN05;SUC05;Marketplace;Tarjeta Débito;Completada
VTA005811;31/10/2025;FAC-2025-005811;CLI0103;VEN14;SUC02;Local;Financiación Propia;Completada
VTA005812;18/01/2026;FAC-2026-005812;CLI0440;VEN16;SUC04;Marketplace;Tarjeta Crédito;Completada
VTA005813;09/01/2026;FAC-2026-005813;CLI0264;VEN14;SUC02;Venta Telefónica;Financiación Propia;Completada
VTA005814;13/07/2025;FAC-2025-005814;CLI0384;VEN11;SUC05;Venta Telefónica;Financiación Propia;Completada
VTA005815;22/01/2026;FAC-2026-005815;CLI0313;VEN12;SUC06;Local;Transferencia;Completada
VTA005816;22/06/2026;FAC-2026-005816;CLI0250;VEN14;SUC02;Local;Financiación Propia;Completada
VTA005817;31/07/2026;FAC-2026-005817;CLI0014;VEN17;SUC05;WhatsApp;Tarjeta Débito;Completada
VTA005818;20/06/2026;FAC-2026-005818;CLI0318;VEN06;SUC06;Marketplace;Tarjeta Crédito;Completada
VTA005819;28/03/2025;FAC-2025-005819;CLI0456;VEN15;SUC03;Local;Efectivo;Completada
VTA005820;13/06/2025;FAC-2025-005820;CLI0162;VEN03;SUC03;Local;Tarjeta Crédito;Completada
VTA005821;05/03/2025;FAC-2025-005821;CLI0428;VEN18;SUC06;Local;Tarjeta Débito;Completada
VTA005822;14/03/2025;FAC-2025-005822;CLI0482;VEN15;SUC03;Local;Tarjeta Crédito;Completada
VTA005823;12/02/2026;FAC-2026-005823;CLI0378;VEN11;SUC05;WhatsApp;Tarjeta Débito;Completada
VTA005824;02/09/2025;FAC-2025-005824;CLI0476;VEN10;SUC04;Local;Tarjeta Débito;Completada
VTA005825;29/07/2026;FAC-2026-005825;CLI0260;VEN08;SUC02;WhatsApp;Efectivo;Completada
VTA005826;27/04/2025;FAC-2025-005826;CLI0455;VEN11;SUC05;WhatsApp;Tarjeta Débito;Completada
VTA005827;06/06/2026;FAC-2026-005827;CLI0158;VEN05;SUC05;WhatsApp;Financiación Propia;Cancelada
VTA005828;03/01/2026;FAC-2026-005828;CLI0190;VEN09;SUC03;Local;Tarjeta Crédito;Completada
VTA005829;11/06/2025;FAC-2025-005829;CLI0225;VEN07;SUC01;Web;Efectivo;Completada
VTA005830;28/04/2026;FAC-2026-005830;CLI0584;VEN08;SUC02;Venta Telefónica;Tarjeta Crédito;Completada
VTA005831;08/05/2025;FAC-2025-005831;CLI0006;VEN05;SUC05;Venta Telefónica;Financiación Propia;Completada
VTA005832;05/09/2025;FAC-2025-005832;CLI0122;VEN12;SUC06;Marketplace;Financiación Propia;Completada
VTA005833;11/10/2025;FAC-2025-005833;CLI0526;VEN04;SUC04;Local;Tarjeta Débito;Completada
VTA005834;05/06/2026;FAC-2026-005834;CLI0594;VEN14;SUC02;WhatsApp;Tarjeta Débito;Completada
VTA005835;24/09/2025;FAC-2025-005835;CLI0204;VEN01;SUC01;WhatsApp;Financiación Propia;Completada
VTA005836;21/03/2025;FAC-2025-005836;CLI0249;VEN16;SUC04;Marketplace;Transferencia;Completada
VTA005837;09/04/2025;FAC-2025-005837;CLI0133;VEN08;SUC02;WhatsApp;Tarjeta Débito;Completada
VTA005838;20/03/2025;FAC-2025-005838;CLI0410;VEN02;SUC02;Venta Telefónica;Efectivo;Pendiente
VTA005839;28/07/2026;FAC-2026-005839;CLI0008;VEN16;SUC04;Marketplace;Transferencia;Completada
VTA005840;07/12/2025;FAC-2025-005840;CLI0451;VEN17;SUC05;Venta Telefónica;Financiación Propia;Completada
VTA005841;12/09/2025;FAC-2025-005841;CLI0160;VEN04;SUC04;WhatsApp;Transferencia;Completada
VTA005842;10/02/2026;FAC-2026-005842;CLI0564;VEN10;SUC04;Local;Transferencia;Completada
VTA005843;20/07/2026;FAC-2026-005843;CLI0111;VEN13;SUC01;Web;Efectivo;Completada
VTA005844;08/08/2025;FAC-2025-005844;CLI0083;VEN10;SUC04;WhatsApp;Tarjeta Crédito;Cancelada
VTA005845;26/03/2026;FAC-2026-005845;CLI0497;VEN04;SUC04;Web;Efectivo;Completada
VTA005846;14/06/2025;FAC-2025-005846;CLI0177;VEN12;SUC06;Venta Telefónica;Financiación Propia;Completada
VTA005847;24/09/2025;FAC-2025-005847;CLI0517;VEN12;SUC06;Local;Tarjeta Crédito;Completada
VTA005848;15/03/2026;FAC-2026-005848;CLI0495;VEN13;SUC01;Marketplace;Transferencia;Completada
VTA005849;19/01/2026;FAC-2026-005849;CLI0432;VEN05;SUC05;WhatsApp;Financiación Propia;Completada
VTA005850;21/07/2026;FAC-2026-005850;CLI0184;VEN02;SUC02;Venta Telefónica;Financiación Propia;Completada
VTA005851;19/07/2025;FAC-2025-005851;CLI0035;VEN03;SUC03;Venta Telefónica;Tarjeta Débito;Completada
VTA005852;08/07/2026;FAC-2026-005852;CLI0358;VEN05;SUC05;Marketplace;Tarjeta Débito;Completada
VTA005853;30/07/2025;FAC-2025-005853;CLI0187;VEN03;SUC03;Venta Telefónica;Transferencia;Completada
VTA005854;26/02/2026;FAC-2026-005854;CLI0514;VEN17;SUC05;Local;Tarjeta Débito;Completada
VTA005855;15/07/2025;FAC-2025-005855;CLI0264;VEN04;SUC04;Venta Telefónica;Tarjeta Crédito;Completada
VTA005856;21/07/2025;FAC-2025-005856;CLI0351;VEN07;SUC01;Venta Telefónica;Tarjeta Crédito;Completada
VTA005857;12/02/2026;FAC-2026-005857;CLI0226;VEN18;SUC06;Marketplace;Tarjeta Crédito;Completada
VTA005858;03/07/2025;FAC-2025-005858;CLI0295;VEN08;SUC02;Marketplace;Transferencia;Completada
VTA005859;01/07/2026;FAC-2026-005859;CLI0037;VEN18;SUC06;WhatsApp;Tarjeta Débito;Completada
VTA005860;14/03/2026;FAC-2026-005860;CLI0363;VEN04;SUC04;Venta Telefónica;Tarjeta Débito;Completada
VTA005861;22/05/2025;FAC-2025-005861;CLI0056;VEN09;SUC03;Local;Efectivo;Completada
VTA005862;27/07/2025;FAC-2025-005862;CLI0137;VEN18;SUC06;Venta Telefónica;Efectivo;Completada
VTA005863;12/03/2026;FAC-2026-005863;CLI0429;VEN11;SUC05;Venta Telefónica;Tarjeta Crédito;Completada
VTA005864;26/04/2025;FAC-2025-005864;CLI0531;VEN12;SUC06;Local;Financiación Propia;Completada
VTA005865;25/02/2026;FAC-2026-005865;CLI0154;VEN01;SUC01;Marketplace;Transferencia;Completada
VTA005866;17/06/2025;FAC-2025-005866;CLI0542;VEN08;SUC02;Marketplace;Financiación Propia;Completada
VTA005867;18/12/2025;FAC-2025-005867;CLI0249;VEN06;SUC06;Web;Tarjeta Crédito;Completada
VTA005868;17/06/2025;FAC-2025-005868;CLI0024;VEN18;SUC06;Web;Tarjeta Débito;Completada
VTA005869;09/09/2025;FAC-2025-005869;CLI0022;VEN13;SUC01;Web;Financiación Propia;Completada
VTA005870;12/04/2026;FAC-2026-005870;CLI0599;VEN07;SUC01;Venta Telefónica;Financiación Propia;Completada
VTA005871;10/12/2025;FAC-2025-005871;CLI0460;VEN14;SUC02;Local;Tarjeta Crédito;Completada
VTA005872;06/12/2025;FAC-2025-005872;CLI0054;VEN03;SUC03;Venta Telefónica;Tarjeta Crédito;Completada
VTA005873;02/07/2025;FAC-2025-005873;CLI0104;VEN16;SUC04;Web;Tarjeta Débito;Completada
VTA005874;08/09/2025;FAC-2025-005874;CLI0590;VEN01;SUC01;WhatsApp;Financiación Propia;Completada
VTA005875;18/03/2026;FAC-2026-005875;CLI0546;VEN18;SUC06;Web;Tarjeta Crédito;Completada
VTA005876;18/04/2026;FAC-2026-005876;CLI0559;VEN15;SUC03;Local;Tarjeta Crédito;Completada
VTA005877;19/06/2025;FAC-2025-005877;CLI0581;VEN13;SUC01;WhatsApp;Efectivo;Completada
VTA005878;14/07/2025;FAC-2025-005878;CLI0112;VEN07;SUC01;Venta Telefónica;Financiación Propia;Completada
VTA005879;16/07/2025;FAC-2025-005879;CLI0055;VEN11;SUC05;WhatsApp;Efectivo;Completada
VTA005880;20/04/2026;FAC-2026-005880;CLI0152;VEN13;SUC01;Marketplace;Tarjeta Crédito;Completada
VTA005881;09/06/2026;FAC-2026-005881;CLI0301;VEN13;SUC01;Marketplace;Tarjeta Crédito;Completada
VTA005882;03/03/2025;FAC-2025-005882;CLI0039;VEN11;SUC05;WhatsApp;Efectivo;Completada
VTA005883;17/06/2025;FAC-2025-005883;CLI0038;VEN16;SUC04;Local;Tarjeta Crédito;Completada
VTA005884;11/08/2025;FAC-2025-005884;CLI0292;VEN15;SUC03;Web;Transferencia;Completada
VTA005885;09/03/2025;FAC-2025-005885;CLI0479;VEN15;SUC03;Web;Efectivo;Completada
VTA005886;09/07/2026;FAC-2026-005886;CLI0256;VEN03;SUC03;Local;Tarjeta Débito;Completada
VTA005887;20/06/2026;FAC-2026-005887;CLI0428;VEN05;SUC05;Venta Telefónica;Efectivo;Completada
VTA005888;22/01/2026;FAC-2026-005888;CLI0598;VEN18;SUC06;Marketplace;Transferencia;Completada
VTA005889;24/04/2025;FAC-2025-005889;CLI0119;VEN01;SUC01;Venta Telefónica;Tarjeta Crédito;Completada
VTA005890;01/04/2025;FAC-2025-005890;CLI0179;VEN05;SUC05;WhatsApp;Financiación Propia;Completada
VTA005891;18/03/2026;FAC-2026-005891;CLI0135;VEN14;SUC02;Local;Transferencia;Completada
VTA005892;21/04/2025;FAC-2025-005892;CLI0240;VEN12;SUC06;Venta Telefónica;Efectivo;Completada
VTA005893;18/04/2026;FAC-2026-005893;CLI0353;VEN01;SUC01;Marketplace;Tarjeta Crédito;Cancelada
VTA005894;10/06/2025;FAC-2025-005894;CLI0310;VEN16;SUC04;Web;Efectivo;Completada
VTA005895;05/02/2025;FAC-2025-005895;CLI0456;VEN07;SUC01;Local;Financiación Propia;Completada
VTA005896;16/03/2025;FAC-2025-005896;CLI0236;VEN12;SUC06;Web;Transferencia;Completada
VTA005897;13/05/2025;FAC-2025-005897;CLI0176;VEN01;SUC01;WhatsApp;Tarjeta Crédito;Completada
VTA005898;09/09/2025;FAC-2025-005898;CLI0307;VEN16;SUC04;Marketplace;Efectivo;Completada
VTA005899;12/11/2025;FAC-2025-005899;CLI0182;VEN07;SUC01;WhatsApp;Tarjeta Débito;Completada
VTA005900;19/05/2025;FAC-2025-005900;CLI0189;VEN16;SUC04;Marketplace;Transferencia;Completada
VTA005901;24/08/2025;FAC-2025-005901;CLI0335;VEN17;SUC05;Venta Telefónica;Tarjeta Crédito;Completada
VTA005902;29/03/2025;FAC-2025-005902;CLI0190;VEN14;SUC02;Venta Telefónica;Financiación Propia;Completada
VTA005903;12/06/2025;FAC-2025-005903;CLI0254;VEN04;SUC04;Web;Tarjeta Débito;Completada
VTA005904;25/09/2025;FAC-2025-005904;CLI0351;VEN05;SUC05;WhatsApp;Tarjeta Débito;Completada
VTA005905;12/07/2025;FAC-2025-005905;CLI0400;VEN10;SUC04;Local;Transferencia;Completada
VTA005906;19/09/2025;FAC-2025-005906;CLI0517;VEN03;SUC03;Venta Telefónica;Efectivo;Completada
VTA005907;23/02/2025;FAC-2025-005907;CLI0570;VEN05;SUC05;Venta Telefónica;Financiación Propia;Completada
VTA005908;18/02/2025;FAC-2025-005908;CLI0489;VEN15;SUC03;Web;Financiación Propia;Completada
VTA005909;11/01/2026;FAC-2026-005909;CLI0456;VEN05;SUC05;WhatsApp;Efectivo;Completada
VTA005910;21/06/2026;FAC-2026-005910;CLI0164;VEN13;SUC01;Venta Telefónica;Efectivo;Completada
VTA005911;27/09/2025;FAC-2025-005911;CLI0521;VEN01;SUC01;WhatsApp;Transferencia;Completada
VTA005912;05/11/2025;FAC-2025-005912;CLI0518;VEN10;SUC04;Local;Financiación Propia;Completada
VTA005913;06/11/2025;FAC-2025-005913;CLI0023;VEN13;SUC01;Local;Tarjeta Débito;Completada
VTA005914;21/07/2026;FAC-2026-005914;CLI0132;VEN18;SUC06;Web;Efectivo;Completada
VTA005915;01/07/2025;FAC-2025-005915;CLI0008;VEN01;SUC01;Web;Transferencia;Completada
VTA005916;14/10/2025;FAC-2025-005916;CLI0261;VEN08;SUC02;Web;Tarjeta Crédito;Completada
VTA005917;02/02/2025;FAC-2025-005917;CLI0341;VEN01;SUC01;Marketplace;Tarjeta Débito;Completada
VTA005918;13/03/2025;FAC-2025-005918;CLI0152;VEN02;SUC02;Local;Tarjeta Débito;Completada
VTA005919;08/03/2026;FAC-2026-005919;CLI0289;VEN13;SUC01;Venta Telefónica;Tarjeta Débito;Cancelada
VTA005920;09/01/2025;FAC-2025-005920;CLI0352;VEN05;SUC05;Marketplace;Tarjeta Crédito;Completada
VTA005921;16/10/2025;FAC-2025-005921;CLI0510;VEN11;SUC05;WhatsApp;Tarjeta Débito;Completada
VTA005922;15/11/2025;FAC-2025-005922;CLI0177;VEN18;SUC06;Local;Tarjeta Crédito;Completada
VTA005923;20/03/2026;FAC-2026-005923;CLI0407;VEN18;SUC06;Venta Telefónica;Transferencia;Completada
VTA005924;25/01/2025;FAC-2025-005924;CLI0267;VEN04;SUC04;Venta Telefónica;Financiación Propia;Completada
VTA005925;15/05/2025;FAC-2025-005925;CLI0134;VEN02;SUC02;Web;Tarjeta Débito;Completada
VTA005926;17/06/2025;FAC-2025-005926;CLI0488;VEN03;SUC03;Marketplace;Efectivo;Completada
VTA005927;19/02/2026;FAC-2026-005927;CLI0202;VEN01;SUC01;WhatsApp;Transferencia;Pendiente
VTA005928;20/07/2026;FAC-2026-005928;CLI0323;VEN07;SUC01;WhatsApp;Tarjeta Débito;Completada
VTA005929;08/04/2026;FAC-2026-005929;CLI0508;VEN05;SUC05;Marketplace;Financiación Propia;Completada
VTA005930;09/05/2025;FAC-2025-005930;CLI0243;VEN16;SUC04;Local;Financiación Propia;Completada
VTA005931;09/07/2025;FAC-2025-005931;CLI0148;VEN15;SUC03;Local;Transferencia;Completada
VTA005932;12/02/2025;FAC-2025-005932;CLI0566;VEN01;SUC01;Venta Telefónica;Tarjeta Crédito;Completada
VTA005933;05/07/2025;FAC-2025-005933;CLI0020;VEN16;SUC04;Local;Tarjeta Crédito;Completada
VTA005934;01/02/2026;FAC-2026-005934;CLI0496;VEN06;SUC06;Venta Telefónica;Tarjeta Débito;Completada
VTA005935;25/10/2025;FAC-2025-005935;CLI0539;VEN11;SUC05;Venta Telefónica;Efectivo;Completada
VTA005936;18/06/2025;FAC-2025-005936;CLI0371;VEN02;SUC02;Web;Tarjeta Crédito;Completada
VTA005937;21/12/2025;FAC-2025-005937;CLI0312;VEN14;SUC02;WhatsApp;Efectivo;Completada
VTA005938;24/03/2025;FAC-2025-005938;CLI0426;VEN12;SUC06;Venta Telefónica;Tarjeta Crédito;Completada
VTA005939;06/09/2025;FAC-2025-005939;CLI0476;VEN12;SUC06;Marketplace;Efectivo;Completada
VTA005940;23/08/2025;FAC-2025-005940;CLI0059;VEN05;SUC05;Web;Financiación Propia;Completada
VTA005941;04/04/2025;FAC-2025-005941;CLI0193;VEN10;SUC04;Local;Transferencia;Completada
VTA005942;16/05/2026;FAC-2026-005942;CLI0369;VEN14;SUC02;Venta Telefónica;Transferencia;Completada
VTA005943;11/06/2026;FAC-2026-005943;CLI0374;VEN03;SUC03;Web;Transferencia;Completada
VTA005944;02/03/2025;FAC-2025-005944;CLI0239;VEN09;SUC03;Web;Tarjeta Débito;Completada
VTA005945;08/01/2025;FAC-2025-005945;CLI0213;VEN16;SUC04;WhatsApp;Tarjeta Débito;Completada
VTA005946;23/03/2025;FAC-2025-005946;CLI0506;VEN14;SUC02;WhatsApp;Tarjeta Crédito;Completada
VTA005947;10/03/2025;FAC-2025-005947;CLI0445;VEN13;SUC01;Marketplace;Tarjeta Crédito;Completada
VTA005948;07/10/2025;FAC-2025-005948;CLI0230;VEN12;SUC06;WhatsApp;Tarjeta Crédito;Completada
VTA005949;13/03/2026;FAC-2026-005949;CLI0560;VEN01;SUC01;Web;Tarjeta Débito;Completada
VTA005950;10/11/2025;FAC-2025-005950;CLI0487;VEN15;SUC03;WhatsApp;Tarjeta Débito;Completada
VTA005951;26/06/2025;FAC-2025-005951;CLI0502;VEN03;SUC03;Web;Tarjeta Débito;Completada
VTA005952;19/11/2025;FAC-2025-005952;CLI0430;VEN02;SUC02;Venta Telefónica;Tarjeta Débito;Completada
VTA005953;20/01/2026;FAC-2026-005953;CLI0500;VEN04;SUC04;Venta Telefónica;Efectivo;Completada
VTA005954;24/11/2025;FAC-2025-005954;CLI0365;VEN02;SUC02;Marketplace;Efectivo;Completada
VTA005955;19/06/2025;FAC-2025-005955;CLI0511;VEN08;SUC02;Venta Telefónica;Transferencia;Completada
VTA005956;15/08/2025;FAC-2025-005956;CLI0155;VEN12;SUC06;WhatsApp;Financiación Propia;Completada
VTA005957;29/06/2025;FAC-2025-005957;CLI0585;VEN10;SUC04;Venta Telefónica;Financiación Propia;Completada
VTA005958;19/06/2025;FAC-2025-005958;CLI0008;VEN09;SUC03;Venta Telefónica;Financiación Propia;Completada
VTA005959;01/12/2025;FAC-2025-005959;CLI0293;VEN10;SUC04;WhatsApp;Tarjeta Débito;Completada
VTA005960;16/02/2025;FAC-2025-005960;CLI0381;VEN18;SUC06;Venta Telefónica;Efectivo;Completada
VTA005961;03/02/2025;FAC-2025-005961;CLI0517;VEN17;SUC05;Venta Telefónica;Financiación Propia;Completada
VTA005962;04/02/2025;FAC-2025-005962;CLI0476;VEN07;SUC01;Marketplace;Tarjeta Crédito;Completada
VTA005963;24/07/2025;FAC-2025-005963;CLI0025;VEN13;SUC01;Marketplace;Tarjeta Débito;Completada
VTA005964;27/01/2026;FAC-2026-005964;CLI0301;VEN17;SUC05;Local;Transferencia;Completada
VTA005965;08/03/2025;FAC-2025-005965;CLI0156;VEN07;SUC01;WhatsApp;Efectivo;Completada
VTA005966;05/03/2026;FAC-2026-005966;CLI0401;VEN07;SUC01;Web;Efectivo;Cancelada
VTA005967;16/08/2025;FAC-2025-005967;CLI0011;VEN04;SUC04;WhatsApp;Tarjeta Débito;Completada
VTA005968;24/06/2026;FAC-2026-005968;CLI0367;VEN06;SUC06;Web;Tarjeta Crédito;Completada
VTA005969;22/05/2025;FAC-2025-005969;CLI0174;VEN11;SUC05;Local;Financiación Propia;Completada
VTA005970;13/06/2026;FAC-2026-005970;CLI0065;VEN01;SUC01;Venta Telefónica;Financiación Propia;Completada
VTA005971;17/02/2026;FAC-2026-005971;CLI0203;VEN09;SUC03;Local;Tarjeta Débito;Completada
VTA005972;21/02/2026;FAC-2026-005972;CLI0007;VEN13;SUC01;Local;Tarjeta Crédito;Completada
VTA005973;31/10/2025;FAC-2025-005973;CLI0538;VEN07;SUC01;Marketplace;Tarjeta Crédito;Completada
VTA005974;07/08/2025;FAC-2025-005974;CLI0394;VEN13;SUC01;WhatsApp;Transferencia;Completada
VTA005975;02/10/2025;FAC-2025-005975;CLI0469;VEN18;SUC06;Venta Telefónica;Financiación Propia;Completada
VTA005976;02/05/2025;FAC-2025-005976;CLI0572;VEN14;SUC02;WhatsApp;Efectivo;Completada
VTA005977;03/06/2025;FAC-2025-005977;CLI0445;VEN07;SUC01;Web;Financiación Propia;Completada
VTA005978;13/03/2025;FAC-2025-005978;CLI0384;VEN12;SUC06;Marketplace;Tarjeta Crédito;Completada
VTA005979;08/02/2026;FAC-2026-005979;CLI0169;VEN08;SUC02;Marketplace;Tarjeta Débito;Completada
VTA005980;20/09/2025;FAC-2025-005980;CLI0312;VEN10;SUC04;Venta Telefónica;Financiación Propia;Completada
VTA005981;21/07/2026;FAC-2026-005981;CLI0071;VEN03;SUC03;WhatsApp;Transferencia;Completada
VTA005982;11/01/2026;FAC-2026-005982;CLI0471;VEN08;SUC02;Marketplace;Financiación Propia;Completada
VTA005983;30/03/2025;FAC-2025-005983;CLI0142;VEN09;SUC03;WhatsApp;Transferencia;Completada
VTA005984;05/06/2026;FAC-2026-005984;CLI0470;VEN03;SUC03;Local;Tarjeta Crédito;Completada
VTA005985;12/05/2026;FAC-2026-005985;CLI0172;VEN05;SUC05;WhatsApp;Efectivo;Completada
VTA005986;12/05/2025;FAC-2025-005986;CLI0340;VEN15;SUC03;Web;Tarjeta Crédito;Completada
VTA005987;21/02/2026;FAC-2026-005987;CLI0362;VEN16;SUC04;Venta Telefónica;Tarjeta Débito;Completada
VTA005988;18/04/2026;FAC-2026-005988;CLI0553;VEN02;SUC02;Venta Telefónica;Tarjeta Débito;Completada
VTA005989;03/02/2025;FAC-2025-005989;CLI0496;VEN07;SUC01;Venta Telefónica;Tarjeta Crédito;Completada
VTA005990;24/06/2026;FAC-2026-005990;CLI0584;VEN02;SUC02;Web;Tarjeta Crédito;Completada
VTA005991;03/03/2026;FAC-2026-005991;CLI0316;VEN10;SUC04;Marketplace;Efectivo;Completada
VTA005992;09/06/2025;FAC-2025-005992;CLI0089;VEN11;SUC05;Marketplace;Tarjeta Débito;Completada
VTA005993;17/07/2025;FAC-2025-005993;CLI0573;VEN10;SUC04;Marketplace;Efectivo;Completada
VTA005994;29/03/2026;FAC-2026-005994;CLI0189;VEN01;SUC01;WhatsApp;Tarjeta Débito;Completada
VTA005995;16/03/2026;FAC-2026-005995;CLI0033;VEN13;SUC01;Local;Efectivo;Completada
VTA005996;28/04/2025;FAC-2025-005996;CLI0253;VEN04;SUC04;Local;Efectivo;Completada
VTA005997;21/11/2025;FAC-2025-005997;CLI0098;VEN04;SUC04;WhatsApp;Tarjeta Débito;Completada
VTA005998;14/02/2026;FAC-2026-005998;CLI0002;VEN13;SUC01;Marketplace;Efectivo;Completada
VTA005999;21/04/2025;FAC-2025-005999;CLI0284;VEN01;SUC01;Marketplace;Financiación Propia;Completada
VTA006000;14/02/2025;FAC-2025-006000;CLI0466;VEN10;SUC04;Local;Efectivo;Completada
VTA006001;25/10/2025;FAC-2025-006001;CLI0512;VEN06;SUC06;Venta Telefónica;Efectivo;Completada
VTA006002;28/03/2025;FAC-2025-006002;CLI0445;VEN12;SUC06;Venta Telefónica;Efectivo;Completada
VTA006003;24/09/2025;FAC-2025-006003;CLI0325;VEN06;SUC06;Local;Financiación Propia;Completada
VTA006004;06/02/2026;FAC-2026-006004;CLI0389;VEN12;SUC06;Venta Telefónica;Tarjeta Crédito;Completada
VTA006005;26/03/2026;FAC-2026-006005;CLI0021;VEN08;SUC02;Marketplace;Tarjeta Débito;Completada
VTA006006;21/01/2026;FAC-2026-006006;CLI0475;VEN13;SUC01;Marketplace;Tarjeta Débito;Completada
VTA006007;26/01/2026;FAC-2026-006007;CLI0435;VEN13;SUC01;Venta Telefónica;Tarjeta Débito;Completada
VTA006008;25/06/2025;FAC-2025-006008;CLI0275;VEN17;SUC05;WhatsApp;Tarjeta Crédito;Completada
VTA006009;18/10/2025;FAC-2025-006009;CLI0008;VEN01;SUC01;WhatsApp;Tarjeta Débito;Completada
VTA006010;24/02/2026;FAC-2026-006010;CLI0186;VEN18;SUC06;Venta Telefónica;Transferencia;Completada
VTA006011;01/04/2025;FAC-2025-006011;CLI0142;VEN17;SUC05;WhatsApp;Efectivo;Completada
VTA006012;06/03/2025;FAC-2025-006012;CLI0448;VEN02;SUC02;WhatsApp;Tarjeta Débito;Completada
VTA006013;07/02/2026;FAC-2026-006013;CLI0203;VEN16;SUC04;WhatsApp;Financiación Propia;Completada
VTA006014;01/01/2025;FAC-2025-006014;CLI0032;VEN14;SUC02;Web;Efectivo;Completada
VTA006015;15/02/2026;FAC-2026-006015;CLI0499;VEN14;SUC02;Venta Telefónica;Transferencia;Completada
VTA006016;10/05/2025;FAC-2025-006016;CLI0342;VEN07;SUC01;Venta Telefónica;Financiación Propia;Completada
VTA006017;29/07/2026;FAC-2026-006017;CLI0223;VEN06;SUC06;WhatsApp;Financiación Propia;Completada
VTA006018;30/09/2025;FAC-2025-006018;CLI0573;VEN16;SUC04;WhatsApp;Efectivo;Cancelada
VTA006019;08/01/2026;FAC-2026-006019;CLI0461;VEN17;SUC05;Web;Tarjeta Débito;Completada
VTA006020;05/04/2026;FAC-2026-006020;CLI0058;VEN16;SUC04;Local;Transferencia;Completada
VTA006021;04/03/2026;FAC-2026-006021;CLI0279;VEN15;SUC03;Web;Financiación Propia;Completada
VTA006022;24/12/2025;FAC-2025-006022;CLI0073;VEN15;SUC03;WhatsApp;Financiación Propia;Completada
VTA006023;15/06/2026;FAC-2026-006023;CLI0431;VEN01;SUC01;Local;Efectivo;Completada
VTA006024;07/05/2025;FAC-2025-006024;CLI0086;VEN01;SUC01;Web;Transferencia;Completada
VTA006025;01/05/2025;FAC-2025-006025;CLI0570;VEN12;SUC06;Venta Telefónica;Tarjeta Débito;Completada
VTA006026;01/09/2025;FAC-2025-006026;CLI0180;VEN16;SUC04;Local;Financiación Propia;Completada
VTA006027;17/07/2025;FAC-2025-006027;CLI0405;VEN11;SUC05;Local;Transferencia;Completada
VTA006028;25/11/2025;FAC-2025-006028;CLI0361;VEN12;SUC06;Venta Telefónica;Transferencia;Completada
VTA006029;07/04/2025;FAC-2025-006029;CLI0094;VEN15;SUC03;WhatsApp;Tarjeta Débito;Completada
VTA006030;15/03/2025;FAC-2025-006030;CLI0429;VEN09;SUC03;Marketplace;Tarjeta Crédito;Completada
VTA006031;10/10/2025;FAC-2025-006031;CLI0242;VEN16;SUC04;WhatsApp;Efectivo;Completada
VTA006032;09/12/2025;FAC-2025-006032;CLI0097;VEN17;SUC05;WhatsApp;Transferencia;Completada
VTA006033;20/12/2025;FAC-2025-006033;CLI0002;VEN08;SUC02;Marketplace;Tarjeta Crédito;Completada
VTA006034;12/11/2025;FAC-2025-006034;CLI0337;VEN18;SUC06;Local;Transferencia;Completada
VTA006035;15/04/2025;FAC-2025-006035;CLI0361;VEN11;SUC05;Venta Telefónica;Tarjeta Crédito;Completada
VTA006036;09/01/2025;FAC-2025-006036;CLI0014;VEN10;SUC04;Venta Telefónica;Financiación Propia;Completada
VTA006037;17/12/2025;FAC-2025-006037;CLI0482;VEN12;SUC06;Venta Telefónica;Financiación Propia;Completada
VTA006038;03/03/2025;FAC-2025-006038;CLI0325;VEN06;SUC06;WhatsApp;Transferencia;Completada
VTA006039;05/12/2025;FAC-2025-006039;CLI0232;VEN10;SUC04;Web;Efectivo;Completada
VTA006040;01/03/2026;FAC-2026-006040;CLI0308;VEN11;SUC05;Web;Transferencia;Completada
VTA006041;17/03/2026;FAC-2026-006041;CLI0489;VEN17;SUC05;Local;Transferencia;Completada
VTA006042;25/09/2025;FAC-2025-006042;CLI0225;VEN12;SUC06;Web;Financiación Propia;Completada
VTA006043;30/05/2026;FAC-2026-006043;CLI0056;VEN09;SUC03;Web;Efectivo;Completada
VTA006044;14/03/2026;FAC-2026-006044;CLI0371;VEN09;SUC03;Venta Telefónica;Tarjeta Débito;Completada
VTA006045;09/02/2025;FAC-2025-006045;CLI0089;VEN12;SUC06;WhatsApp;Financiación Propia;Completada
VTA006046;28/07/2026;FAC-2026-006046;CLI0089;VEN10;SUC04;Web;Tarjeta Crédito;Completada
VTA006047;20/06/2025;FAC-2025-006047;CLI0301;VEN08;SUC02;Local;Tarjeta Débito;Completada
VTA006048;03/06/2025;FAC-2025-006048;CLI0378;VEN06;SUC06;WhatsApp;Efectivo;Completada
VTA006049;02/10/2025;FAC-2025-006049;CLI0541;VEN08;SUC02;Venta Telefónica;Transferencia;Completada
VTA006050;21/11/2025;FAC-2025-006050;CLI0039;VEN08;SUC02;Web;Financiación Propia;Completada
VTA006051;29/03/2025;FAC-2025-006051;CLI0271;VEN07;SUC01;Marketplace;Efectivo;Completada
VTA006052;04/06/2025;FAC-2025-006052;CLI0039;VEN08;SUC02;Marketplace;Tarjeta Crédito;Completada
VTA006053;08/03/2025;FAC-2025-006053;CLI0557;VEN13;SUC01;Local;Financiación Propia;Completada
VTA006054;16/06/2026;FAC-2026-006054;CLI0449;VEN06;SUC06;WhatsApp;Tarjeta Débito;Completada
VTA006055;25/02/2025;FAC-2025-006055;CLI0484;VEN09;SUC03;Local;Tarjeta Débito;Completada
VTA006056;28/03/2026;FAC-2026-006056;CLI0354;VEN12;SUC06;Local;Tarjeta Crédito;Completada
VTA006057;10/03/2026;FAC-2026-006057;CLI0159;VEN09;SUC03;Marketplace;Transferencia;Completada
VTA006058;21/09/2025;FAC-2025-006058;CLI0058;VEN05;SUC05;Local;Efectivo;Completada
VTA006059;04/11/2025;FAC-2025-006059;CLI0352;VEN15;SUC03;WhatsApp;Transferencia;Completada
VTA006060;29/12/2025;FAC-2025-006060;CLI0092;VEN13;SUC01;Marketplace;Transferencia;Completada
VTA006061;22/11/2025;FAC-2025-006061;CLI0251;VEN09;SUC03;Web;Efectivo;Completada
VTA006062;02/05/2025;FAC-2025-006062;CLI0231;VEN07;SUC01;WhatsApp;Financiación Propia;Completada
VTA006063;05/04/2026;FAC-2026-006063;CLI0362;VEN09;SUC03;Local;Tarjeta Crédito;Completada
VTA006064;15/02/2025;FAC-2025-006064;CLI0017;VEN12;SUC06;Web;Financiación Propia;Completada
VTA006065;14/03/2025;FAC-2025-006065;CLI0112;VEN03;SUC03;WhatsApp;Transferencia;Completada
VTA006066;22/07/2025;FAC-2025-006066;CLI0168;VEN08;SUC02;Web;Tarjeta Débito;Completada
VTA006067;15/01/2025;FAC-2025-006067;CLI0119;VEN01;SUC01;Marketplace;Tarjeta Crédito;Completada
VTA006068;03/07/2026;FAC-2026-006068;CLI0412;VEN03;SUC03;Web;Tarjeta Crédito;Completada
VTA006069;27/04/2025;FAC-2025-006069;CLI0368;VEN02;SUC02;Web;Financiación Propia;Completada
VTA006070;26/01/2026;FAC-2026-006070;CLI0562;VEN12;SUC06;Venta Telefónica;Tarjeta Crédito;Completada
VTA006071;01/12/2025;FAC-2025-006071;CLI0224;VEN14;SUC02;Local;Efectivo;Completada
VTA006072;31/12/2025;FAC-2025-006072;CLI0243;VEN14;SUC02;WhatsApp;Efectivo;Completada
VTA006073;29/05/2026;FAC-2026-006073;CLI0467;VEN02;SUC02;Marketplace;Transferencia;Completada
VTA006074;30/05/2026;FAC-2026-006074;CLI0417;VEN02;SUC02;Venta Telefónica;Financiación Propia;Completada
VTA006075;02/04/2026;FAC-2026-006075;CLI0111;VEN05;SUC05;Marketplace;Efectivo;Completada
VTA006076;03/05/2025;FAC-2025-006076;CLI0256;VEN09;SUC03;Marketplace;Tarjeta Débito;Completada
VTA006077;25/09/2025;FAC-2025-006077;CLI0016;VEN05;SUC05;Web;Efectivo;Completada
VTA006078;05/03/2025;FAC-2025-006078;CLI0437;VEN17;SUC05;WhatsApp;Tarjeta Débito;Completada
VTA006079;12/05/2025;FAC-2025-006079;CLI0403;VEN07;SUC01;Venta Telefónica;Tarjeta Crédito;Completada
VTA006080;11/06/2026;FAC-2026-006080;CLI0100;VEN05;SUC05;Local;Transferencia;Completada
VTA006081;18/04/2026;FAC-2026-006081;CLI0112;VEN01;SUC01;Venta Telefónica;Transferencia;Completada
VTA006082;11/05/2026;FAC-2026-006082;CLI0139;VEN07;SUC01;Web;Financiación Propia;Completada
VTA006083;06/05/2025;FAC-2025-006083;CLI0457;VEN02;SUC02;Venta Telefónica;Tarjeta Débito;Completada
VTA006084;09/05/2026;FAC-2026-006084;CLI0334;VEN18;SUC06;WhatsApp;Transferencia;Completada
VTA006085;22/07/2025;FAC-2025-006085;CLI0276;VEN03;SUC03;Venta Telefónica;Financiación Propia;Cancelada
VTA006086;16/10/2025;FAC-2025-006086;CLI0184;VEN15;SUC03;WhatsApp;Tarjeta Crédito;Completada
VTA006087;28/06/2025;FAC-2025-006087;CLI0377;VEN01;SUC01;Local;Transferencia;Completada
VTA006088;23/04/2025;FAC-2025-006088;CLI0380;VEN06;SUC06;Marketplace;Tarjeta Crédito;Completada
VTA006089;27/04/2026;FAC-2026-006089;CLI0564;VEN11;SUC05;Marketplace;Financiación Propia;Completada
VTA006090;20/12/2025;FAC-2025-006090;CLI0100;VEN11;SUC05;Marketplace;Tarjeta Crédito;Completada
VTA006091;07/06/2025;FAC-2025-006091;CLI0584;VEN06;SUC06;WhatsApp;Transferencia;Completada
VTA006092;11/06/2026;FAC-2026-006092;CLI0331;VEN08;SUC02;Venta Telefónica;Financiación Propia;Completada
VTA006093;01/05/2026;FAC-2026-006093;CLI0016;VEN13;SUC01;Venta Telefónica;Efectivo;Completada
VTA006094;04/04/2026;FAC-2026-006094;CLI0217;VEN07;SUC01;Local;Tarjeta Débito;Completada
VTA006095;21/03/2025;FAC-2025-006095;CLI0546;VEN15;SUC03;Local;Tarjeta Crédito;Completada
VTA006096;10/09/2025;FAC-2025-006096;CLI0398;VEN18;SUC06;Venta Telefónica;Financiación Propia;Completada
VTA006097;13/05/2026;FAC-2026-006097;CLI0369;VEN03;SUC03;Local;Transferencia;Completada
VTA006098;12/01/2025;FAC-2025-006098;CLI0229;VEN02;SUC02;Marketplace;Efectivo;Completada
VTA006099;14/07/2026;FAC-2026-006099;CLI0505;VEN14;SUC02;WhatsApp;Tarjeta Crédito;Completada
VTA006100;11/06/2026;FAC-2026-006100;CLI0281;VEN01;SUC01;WhatsApp;Transferencia;Completada
VTA006101;22/04/2026;FAC-2026-006101;CLI0045;VEN07;SUC01;Venta Telefónica;Tarjeta Crédito;Pendiente
VTA006102;26/02/2025;FAC-2025-006102;CLI0539;VEN15;SUC03;Web;Tarjeta Crédito;Completada
VTA006103;27/01/2025;FAC-2025-006103;CLI0198;VEN11;SUC05;WhatsApp;Efectivo;Completada
VTA006104;20/01/2026;FAC-2026-006104;CLI0472;VEN16;SUC04;Venta Telefónica;Tarjeta Crédito;Completada
VTA006105;11/11/2025;FAC-2025-006105;CLI0327;VEN07;SUC01;WhatsApp;Tarjeta Crédito;Completada
VTA006106;20/09/2025;FAC-2025-006106;CLI0223;VEN01;SUC01;Venta Telefónica;Efectivo;Completada
VTA006107;05/10/2025;FAC-2025-006107;CLI0591;VEN08;SUC02;Venta Telefónica;Transferencia;Completada
VTA006108;03/12/2025;FAC-2025-006108;CLI0192;VEN12;SUC06;Marketplace;Efectivo;Completada
VTA006109;18/04/2026;FAC-2026-006109;CLI0009;VEN09;SUC03;WhatsApp;Transferencia;Completada
VTA006110;06/06/2026;FAC-2026-006110;CLI0071;VEN17;SUC05;Web;Transferencia;Completada
VTA006111;09/06/2025;FAC-2025-006111;CLI0019;VEN16;SUC04;Marketplace;Financiación Propia;Completada
VTA006112;25/01/2025;FAC-2025-006112;CLI0496;VEN14;SUC02;Venta Telefónica;Financiación Propia;Completada
VTA006113;16/03/2025;FAC-2025-006113;CLI0201;VEN17;SUC05;Local;Financiación Propia;Completada
VTA006114;06/11/2025;FAC-2025-006114;CLI0191;VEN06;SUC06;Web;Tarjeta Crédito;Completada
VTA006115;26/01/2025;FAC-2025-006115;CLI0287;VEN03;SUC03;Local;Tarjeta Crédito;Completada
VTA006116;08/05/2026;FAC-2026-006116;CLI0343;VEN14;SUC02;Local;Transferencia;Completada
VTA006117;17/06/2026;FAC-2026-006117;CLI0204;VEN18;SUC06;Marketplace;Tarjeta Débito;Completada
VTA006118;29/03/2026;FAC-2026-006118;CLI0111;VEN06;SUC06;Marketplace;Efectivo;Completada
VTA006119;13/04/2026;FAC-2026-006119;CLI0344;VEN05;SUC05;WhatsApp;Tarjeta Crédito;Completada
VTA006120;27/02/2025;FAC-2025-006120;CLI0398;VEN16;SUC04;Marketplace;Transferencia;Completada
VTA006121;30/01/2026;FAC-2026-006121;CLI0257;VEN15;SUC03;Marketplace;Tarjeta Débito;Completada
VTA006122;26/05/2026;FAC-2026-006122;CLI0343;VEN12;SUC06;Web;Tarjeta Débito;Completada
VTA006123;18/07/2026;FAC-2026-006123;CLI0336;VEN14;SUC02;Venta Telefónica;Financiación Propia;Completada
VTA006124;16/06/2026;FAC-2026-006124;CLI0149;VEN13;SUC01;Web;Transferencia;Pendiente
VTA006125;19/01/2026;FAC-2026-006125;CLI0509;VEN01;SUC01;Local;Tarjeta Crédito;Completada
VTA006126;18/07/2026;FAC-2026-006126;CLI0164;VEN03;SUC03;Venta Telefónica;Financiación Propia;Completada
VTA006127;03/06/2026;FAC-2026-006127;CLI0338;VEN11;SUC05;Venta Telefónica;Efectivo;Completada
VTA006128;21/05/2026;FAC-2026-006128;CLI0255;VEN02;SUC02;Web;Financiación Propia;Completada
VTA006129;08/04/2025;FAC-2025-006129;CLI0256;VEN07;SUC01;Local;Efectivo;Completada
VTA006130;07/03/2026;FAC-2026-006130;CLI0299;VEN11;SUC05;Venta Telefónica;Tarjeta Crédito;Completada
VTA006131;26/03/2025;FAC-2025-006131;CLI0185;VEN15;SUC03;WhatsApp;Financiación Propia;Completada
VTA006132;26/06/2025;FAC-2025-006132;CLI0207;VEN16;SUC04;Venta Telefónica;Financiación Propia;Completada
VTA006133;21/04/2026;FAC-2026-006133;CLI0265;VEN17;SUC05;Web;Financiación Propia;Completada
VTA006134;29/06/2026;FAC-2026-006134;CLI0091;VEN08;SUC02;Venta Telefónica;Financiación Propia;Completada
VTA006135;23/12/2025;FAC-2025-006135;CLI0130;VEN05;SUC05;Marketplace;Financiación Propia;Completada
VTA006136;16/06/2026;FAC-2026-006136;CLI0463;VEN12;SUC06;Local;Financiación Propia;Completada
VTA006137;27/02/2025;FAC-2025-006137;CLI0514;VEN12;SUC06;Local;Tarjeta Débito;Pendiente
VTA006138;15/06/2026;FAC-2026-006138;CLI0388;VEN06;SUC06;Marketplace;Financiación Propia;Completada
VTA006139;26/04/2026;FAC-2026-006139;CLI0299;VEN06;SUC06;Marketplace;Efectivo;Completada
VTA006140;29/09/2025;FAC-2025-006140;CLI0237;VEN06;SUC06;Local;Tarjeta Débito;Completada
VTA006141;22/05/2026;FAC-2026-006141;CLI0512;VEN18;SUC06;WhatsApp;Efectivo;Completada
VTA006142;22/02/2026;FAC-2026-006142;CLI0566;VEN17;SUC05;Marketplace;Efectivo;Completada
VTA006143;22/03/2026;FAC-2026-006143;CLI0032;VEN04;SUC04;Web;Efectivo;Completada
VTA006144;05/01/2025;FAC-2025-006144;CLI0062;VEN08;SUC02;Web;Efectivo;Completada
VTA006145;22/08/2025;FAC-2025-006145;CLI0494;VEN16;SUC04;Web;Tarjeta Crédito;Completada
VTA006146;27/07/2025;FAC-2025-006146;CLI0165;VEN15;SUC03;Local;Tarjeta Débito;Completada
VTA006147;23/07/2025;FAC-2025-006147;CLI0394;VEN14;SUC02;WhatsApp;Transferencia;Completada
VTA006148;04/12/2025;FAC-2025-006148;CLI0367;VEN11;SUC05;Local;Efectivo;Completada
VTA006149;04/05/2025;FAC-2025-006149;CLI0274;VEN03;SUC03;Local;Tarjeta Crédito;Completada
VTA006150;04/02/2026;FAC-2026-006150;CLI0178;VEN03;SUC03;Web;Financiación Propia;Completada
VTA006151;06/03/2026;FAC-2026-006151;CLI0206;VEN14;SUC02;Web;Transferencia;Completada
VTA006152;03/05/2025;FAC-2025-006152;CLI0510;VEN09;SUC03;Venta Telefónica;Efectivo;Pendiente
VTA006153;18/10/2025;FAC-2025-006153;CLI0133;VEN01;SUC01;WhatsApp;Efectivo;Completada
VTA006154;05/09/2025;FAC-2025-006154;CLI0466;VEN04;SUC04;Venta Telefónica;Efectivo;Cancelada
VTA006155;01/01/2026;FAC-2026-006155;CLI0211;VEN07;SUC01;Web;Financiación Propia;Completada
VTA006156;25/09/2025;FAC-2025-006156;CLI0048;VEN04;SUC04;Web;Efectivo;Completada
VTA006157;09/04/2026;FAC-2026-006157;CLI0590;VEN11;SUC05;Marketplace;Efectivo;Completada
VTA006158;31/07/2026;FAC-2026-006158;CLI0450;VEN05;SUC05;Marketplace;Tarjeta Débito;Completada
VTA006159;14/06/2025;FAC-2025-006159;CLI0322;VEN08;SUC02;Venta Telefónica;Efectivo;Completada
VTA006160;14/12/2025;FAC-2025-006160;CLI0368;VEN07;SUC01;Venta Telefónica;Financiación Propia;Completada
VTA006161;19/10/2025;FAC-2025-006161;CLI0341;VEN11;SUC05;Web;Tarjeta Crédito;Completada
VTA006162;20/03/2026;FAC-2026-006162;CLI0569;VEN09;SUC03;Local;Tarjeta Débito;Completada
VTA006163;22/09/2025;FAC-2025-006163;CLI0312;VEN11;SUC05;Local;Financiación Propia;Completada
VTA006164;17/03/2026;FAC-2026-006164;CLI0341;VEN06;SUC06;WhatsApp;Financiación Propia;Completada
VTA006165;18/08/2025;FAC-2025-006165;CLI0050;VEN09;SUC03;Venta Telefónica;Efectivo;Completada
VTA006166;12/01/2026;FAC-2026-006166;CLI0295;VEN02;SUC02;WhatsApp;Tarjeta Crédito;Completada
VTA006167;27/04/2026;FAC-2026-006167;CLI0136;VEN16;SUC04;WhatsApp;Tarjeta Crédito;Completada
VTA006168;24/02/2026;FAC-2026-006168;CLI0562;VEN13;SUC01;Local;Financiación Propia;Completada
VTA006169;10/02/2026;FAC-2026-006169;CLI0331;VEN02;SUC02;Marketplace;Transferencia;Completada
VTA006170;05/01/2025;FAC-2025-006170;CLI0504;VEN16;SUC04;Venta Telefónica;Tarjeta Débito;Completada
VTA006171;04/07/2026;FAC-2026-006171;CLI0422;VEN03;SUC03;Local;Efectivo;Completada
VTA006172;19/01/2026;FAC-2026-006172;CLI0305;VEN18;SUC06;WhatsApp;Tarjeta Crédito;Cancelada
VTA006173;02/06/2026;FAC-2026-006173;CLI0174;VEN10;SUC04;Local;Efectivo;Completada
VTA006174;23/09/2025;FAC-2025-006174;CLI0499;VEN18;SUC06;Venta Telefónica;Efectivo;Pendiente
VTA006175;31/12/2025;FAC-2025-006175;CLI0568;VEN06;SUC06;Local;Efectivo;Completada
VTA006176;15/04/2025;FAC-2025-006176;CLI0137;VEN18;SUC06;Web;Tarjeta Crédito;Completada
VTA006177;14/07/2025;FAC-2025-006177;CLI0291;VEN07;SUC01;Venta Telefónica;Transferencia;Completada
VTA006178;15/08/2025;FAC-2025-006178;CLI0168;VEN01;SUC01;Local;Transferencia;Completada
VTA006179;08/07/2026;FAC-2026-006179;CLI0095;VEN06;SUC06;Web;Tarjeta Débito;Completada
VTA006180;31/05/2026;FAC-2026-006180;CLI0562;VEN07;SUC01;Venta Telefónica;Tarjeta Crédito;Completada
VTA006181;18/02/2025;FAC-2025-006181;CLI0335;VEN09;SUC03;WhatsApp;Tarjeta Crédito;Completada
VTA006182;26/05/2026;FAC-2026-006182;CLI0598;VEN02;SUC02;WhatsApp;Tarjeta Crédito;Completada
VTA006183;29/09/2025;FAC-2025-006183;CLI0167;VEN03;SUC03;Marketplace;Efectivo;Completada
VTA006184;26/05/2025;FAC-2025-006184;CLI0124;VEN11;SUC05;WhatsApp;Financiación Propia;Completada
VTA006185;08/07/2025;FAC-2025-006185;CLI0327;VEN10;SUC04;Local;Financiación Propia;Completada
VTA006186;05/01/2026;FAC-2026-006186;CLI0421;VEN13;SUC01;Local;Tarjeta Débito;Completada
VTA006187;08/07/2026;FAC-2026-006187;CLI0255;VEN04;SUC04;Local;Tarjeta Débito;Completada
VTA006188;22/10/2025;FAC-2025-006188;CLI0487;VEN07;SUC01;Marketplace;Financiación Propia;Completada
VTA006189;25/03/2025;FAC-2025-006189;CLI0378;VEN18;SUC06;Marketplace;Tarjeta Crédito;Completada
VTA006190;13/05/2025;FAC-2025-006190;CLI0504;VEN07;SUC01;Local;Tarjeta Crédito;Completada
VTA006191;23/03/2026;FAC-2026-006191;CLI0178;VEN05;SUC05;Web;Efectivo;Completada
VTA006192;02/10/2025;FAC-2025-006192;CLI0181;VEN02;SUC02;Local;Efectivo;Completada
VTA006193;14/06/2025;FAC-2025-006193;CLI0084;VEN18;SUC06;Web;Tarjeta Débito;Completada
VTA006194;06/07/2026;FAC-2026-006194;CLI0123;VEN07;SUC01;WhatsApp;Efectivo;Completada
VTA006195;14/07/2025;FAC-2025-006195;CLI0123;VEN06;SUC06;Venta Telefónica;Transferencia;Completada
VTA006196;14/07/2025;FAC-2025-006196;CLI0381;VEN08;SUC02;Venta Telefónica;Transferencia;Completada
VTA006197;26/06/2026;FAC-2026-006197;CLI0148;VEN12;SUC06;Local;Tarjeta Débito;Completada
VTA006198;10/01/2026;FAC-2026-006198;CLI0550;VEN18;SUC06;Web;Financiación Propia;Completada
VTA006199;30/07/2026;FAC-2026-006199;CLI0153;VEN02;SUC02;Local;Tarjeta Crédito;Completada
VTA006200;14/11/2025;FAC-2025-006200;CLI0355;VEN04;SUC04;Marketplace;Tarjeta Débito;Completada
VTA006201;07/03/2025;FAC-2025-006201;CLI0338;VEN13;SUC01;Local;Tarjeta Crédito;Completada
VTA006202;23/06/2026;FAC-2026-006202;CLI0202;VEN03;SUC03;Marketplace;Tarjeta Crédito;Completada
VTA006203;19/10/2025;FAC-2025-006203;CLI0372;VEN02;SUC02;Web;Transferencia;Completada
VTA006204;12/02/2026;FAC-2026-006204;CLI0569;VEN12;SUC06;Local;Tarjeta Débito;Completada
VTA006205;07/04/2026;FAC-2026-006205;CLI0523;VEN01;SUC01;Local;Efectivo;Completada
VTA006206;27/03/2025;FAC-2025-006206;CLI0289;VEN02;SUC02;WhatsApp;Tarjeta Crédito;Completada
VTA006207;29/03/2026;FAC-2026-006207;CLI0100;VEN07;SUC01;WhatsApp;Tarjeta Débito;Completada
VTA006208;02/10/2025;FAC-2025-006208;CLI0468;VEN05;SUC05;Venta Telefónica;Financiación Propia;Completada
VTA006209;25/01/2026;FAC-2026-006209;CLI0399;VEN12;SUC06;WhatsApp;Efectivo;Completada
VTA006210;03/05/2026;FAC-2026-006210;CLI0094;VEN06;SUC06;Marketplace;Tarjeta Débito;Completada
VTA006211;15/04/2025;FAC-2025-006211;CLI0578;VEN01;SUC01;WhatsApp;Financiación Propia;Completada
VTA006212;22/11/2025;FAC-2025-006212;CLI0164;VEN10;SUC04;Venta Telefónica;Transferencia;Completada
VTA006213;13/06/2026;FAC-2026-006213;CLI0384;VEN16;SUC04;Marketplace;Tarjeta Débito;Completada
VTA006214;23/03/2026;FAC-2026-006214;CLI0191;VEN18;SUC06;Venta Telefónica;Tarjeta Crédito;Completada
VTA006215;05/01/2025;FAC-2025-006215;CLI0389;VEN03;SUC03;Web;Tarjeta Crédito;Completada
VTA006216;04/08/2025;FAC-2025-006216;CLI0365;VEN01;SUC01;Web;Financiación Propia;Completada
VTA006217;28/12/2025;FAC-2025-006217;CLI0381;VEN15;SUC03;Local;Transferencia;Completada
VTA006218;27/01/2025;FAC-2025-006218;CLI0303;VEN06;SUC06;WhatsApp;Tarjeta Crédito;Completada
VTA006219;14/01/2025;FAC-2025-006219;CLI0584;VEN14;SUC02;WhatsApp;Financiación Propia;Completada
VTA006220;16/08/2025;FAC-2025-006220;CLI0010;VEN13;SUC01;Web;Tarjeta Crédito;Completada
VTA006221;15/03/2025;FAC-2025-006221;CLI0103;VEN05;SUC05;Web;Efectivo;Completada
VTA006222;12/12/2025;FAC-2025-006222;CLI0057;VEN04;SUC04;Web;Tarjeta Débito;Completada
VTA006223;13/04/2025;FAC-2025-006223;CLI0063;VEN12;SUC06;Local;Transferencia;Completada
VTA006224;18/12/2025;FAC-2025-006224;CLI0067;VEN11;SUC05;WhatsApp;Financiación Propia;Completada
VTA006225;28/03/2026;FAC-2026-006225;CLI0378;VEN17;SUC05;Local;Tarjeta Crédito;Completada
VTA006226;27/01/2026;FAC-2026-006226;CLI0424;VEN14;SUC02;Marketplace;Efectivo;Completada
VTA006227;31/08/2025;FAC-2025-006227;CLI0082;VEN04;SUC04;Marketplace;Financiación Propia;Completada
VTA006228;02/06/2025;FAC-2025-006228;CLI0093;VEN05;SUC05;Marketplace;Transferencia;Completada
VTA006229;26/10/2025;FAC-2025-006229;CLI0332;VEN04;SUC04;Marketplace;Tarjeta Crédito;Completada
VTA006230;17/04/2026;FAC-2026-006230;CLI0166;VEN07;SUC01;WhatsApp;Efectivo;Completada
VTA006231;15/11/2025;FAC-2025-006231;CLI0021;VEN16;SUC04;WhatsApp;Efectivo;Completada
VTA006232;08/06/2025;FAC-2025-006232;CLI0544;VEN13;SUC01;Web;Transferencia;Completada
VTA006233;10/08/2025;FAC-2025-006233;CLI0161;VEN08;SUC02;Web;Tarjeta Crédito;Completada
VTA006234;20/01/2025;FAC-2025-006234;CLI0104;VEN14;SUC02;Marketplace;Financiación Propia;Completada
VTA006235;21/07/2025;FAC-2025-006235;CLI0386;VEN15;SUC03;Marketplace;Transferencia;Completada
VTA006236;18/02/2025;FAC-2025-006236;CLI0583;VEN16;SUC04;Marketplace;Tarjeta Débito;Completada
VTA006237;22/02/2025;FAC-2025-006237;CLI0277;VEN08;SUC02;Web;Financiación Propia;Completada
VTA006238;23/08/2025;FAC-2025-006238;CLI0083;VEN13;SUC01;Marketplace;Transferencia;Completada
VTA006239;11/05/2025;FAC-2025-006239;CLI0118;VEN15;SUC03;WhatsApp;Transferencia;Completada
VTA006240;16/12/2025;FAC-2025-006240;CLI0456;VEN12;SUC06;Marketplace;Transferencia;Completada
VTA006241;10/06/2026;FAC-2026-006241;CLI0039;VEN10;SUC04;Venta Telefónica;Efectivo;Pendiente
VTA006242;09/04/2025;FAC-2025-006242;CLI0377;VEN01;SUC01;Web;Tarjeta Débito;Completada
VTA006243;17/03/2026;FAC-2026-006243;CLI0120;VEN11;SUC05;Web;Tarjeta Crédito;Completada
VTA006244;14/03/2025;FAC-2025-006244;CLI0169;VEN09;SUC03;Venta Telefónica;Financiación Propia;Completada
VTA006245;14/07/2025;FAC-2025-006245;CLI0307;VEN09;SUC03;Local;Financiación Propia;Completada
VTA006246;18/08/2025;FAC-2025-006246;CLI0510;VEN18;SUC06;Local;Transferencia;Completada
VTA006247;22/03/2025;FAC-2025-006247;CLI0334;VEN17;SUC05;Web;Tarjeta Débito;Completada
VTA006248;21/03/2026;FAC-2026-006248;CLI0283;VEN11;SUC05;Marketplace;Transferencia;Completada
VTA006249;24/06/2026;FAC-2026-006249;CLI0459;VEN04;SUC04;Web;Tarjeta Débito;Completada
VTA006250;29/05/2026;FAC-2026-006250;CLI0436;VEN02;SUC02;Marketplace;Efectivo;Completada
VTA006251;08/12/2025;FAC-2025-006251;CLI0540;VEN11;SUC05;Marketplace;Financiación Propia;Completada
VTA006252;03/07/2026;FAC-2026-006252;CLI0462;VEN15;SUC03;WhatsApp;Financiación Propia;Completada
VTA006253;29/01/2026;FAC-2026-006253;CLI0423;VEN16;SUC04;WhatsApp;Efectivo;Completada
VTA006254;30/04/2025;FAC-2025-006254;CLI0371;VEN09;SUC03;Venta Telefónica;Tarjeta Débito;Completada
VTA006255;03/06/2025;FAC-2025-006255;CLI0573;VEN11;SUC05;WhatsApp;Financiación Propia;Completada
VTA006256;15/04/2026;FAC-2026-006256;CLI0585;VEN04;SUC04;Marketplace;Transferencia;Completada
VTA006257;27/05/2025;FAC-2025-006257;CLI0544;VEN05;SUC05;Venta Telefónica;Transferencia;Completada
VTA006258;20/05/2026;FAC-2026-006258;CLI0199;VEN05;SUC05;Local;Efectivo;Completada
VTA006259;02/11/2025;FAC-2025-006259;CLI0550;VEN11;SUC05;Venta Telefónica;Efectivo;Completada
VTA006260;31/07/2026;FAC-2026-006260;CLI0529;VEN18;SUC06;WhatsApp;Efectivo;Completada
VTA006261;05/06/2026;FAC-2026-006261;CLI0432;VEN06;SUC06;Venta Telefónica;Transferencia;Completada
VTA006262;11/01/2026;FAC-2026-006262;CLI0425;VEN10;SUC04;Web;Financiación Propia;Pendiente
VTA006263;03/05/2025;FAC-2025-006263;CLI0411;VEN05;SUC05;Venta Telefónica;Transferencia;Completada
VTA006264;04/07/2026;FAC-2026-006264;CLI0141;VEN17;SUC05;WhatsApp;Transferencia;Completada
VTA006265;28/11/2025;FAC-2025-006265;CLI0076;VEN13;SUC01;WhatsApp;Tarjeta Crédito;Completada
VTA006266;22/06/2026;FAC-2026-006266;CLI0569;VEN14;SUC02;Venta Telefónica;Efectivo;Completada
VTA006267;06/04/2026;FAC-2026-006267;CLI0415;VEN12;SUC06;WhatsApp;Transferencia;Completada
VTA006268;16/05/2025;FAC-2025-006268;CLI0332;VEN13;SUC01;Venta Telefónica;Financiación Propia;Completada
VTA006269;08/07/2026;FAC-2026-006269;CLI0448;VEN01;SUC01;Marketplace;Efectivo;Completada
VTA006270;26/01/2025;FAC-2025-006270;CLI0148;VEN17;SUC05;Marketplace;Tarjeta Débito;Completada
VTA006271;03/07/2026;FAC-2026-006271;CLI0453;VEN02;SUC02;Web;Tarjeta Crédito;Completada
VTA006272;27/01/2026;FAC-2026-006272;CLI0340;VEN01;SUC01;Marketplace;Tarjeta Débito;Completada
VTA006273;08/06/2026;FAC-2026-006273;CLI0334;VEN16;SUC04;Venta Telefónica;Tarjeta Crédito;Pendiente
VTA006274;14/05/2025;FAC-2025-006274;CLI0428;VEN10;SUC04;WhatsApp;Efectivo;Completada
VTA006275;30/07/2026;FAC-2026-006275;CLI0409;VEN01;SUC01;Local;Efectivo;Completada
VTA006276;01/05/2025;FAC-2025-006276;CLI0425;VEN16;SUC04;Web;Transferencia;Completada
VTA006277;24/01/2026;FAC-2026-006277;CLI0467;VEN07;SUC01;Venta Telefónica;Efectivo;Completada
VTA006278;22/06/2026;FAC-2026-006278;CLI0380;VEN13;SUC01;WhatsApp;Transferencia;Completada
VTA006279;04/12/2025;FAC-2025-006279;CLI0574;VEN08;SUC02;Marketplace;Tarjeta Crédito;Completada
VTA006280;02/06/2026;FAC-2026-006280;CLI0372;VEN11;SUC05;WhatsApp;Financiación Propia;Completada
VTA006281;17/03/2025;FAC-2025-006281;CLI0081;VEN10;SUC04;Local;Transferencia;Completada
VTA006282;23/05/2026;FAC-2026-006282;CLI0468;VEN16;SUC04;Marketplace;Financiación Propia;Completada
VTA006283;05/07/2025;FAC-2025-006283;CLI0534;VEN03;SUC03;Marketplace;Transferencia;Completada
VTA006284;19/03/2025;FAC-2025-006284;CLI0015;VEN16;SUC04;Web;Financiación Propia;Completada
VTA006285;05/04/2025;FAC-2025-006285;CLI0142;VEN10;SUC04;Venta Telefónica;Tarjeta Crédito;Completada
VTA006286;05/08/2025;FAC-2025-006286;CLI0554;VEN09;SUC03;Marketplace;Financiación Propia;Completada
VTA006287;19/08/2025;FAC-2025-006287;CLI0161;VEN08;SUC02;Web;Efectivo;Completada
VTA006288;04/06/2026;FAC-2026-006288;CLI0284;VEN14;SUC02;Marketplace;Tarjeta Débito;Completada
VTA006289;07/01/2025;FAC-2025-006289;CLI0470;VEN12;SUC06;Local;Financiación Propia;Completada
VTA006290;06/07/2026;FAC-2026-006290;CLI0498;VEN12;SUC06;Venta Telefónica;Tarjeta Débito;Completada
VTA006291;04/03/2025;FAC-2025-006291;CLI0161;VEN02;SUC02;Local;Tarjeta Crédito;Completada
VTA006292;27/01/2025;FAC-2025-006292;CLI0251;VEN11;SUC05;Web;Efectivo;Completada
VTA006293;28/03/2026;FAC-2026-006293;CLI0111;VEN01;SUC01;Marketplace;Tarjeta Débito;Completada
VTA006294;26/06/2026;FAC-2026-006294;CLI0526;VEN09;SUC03;Venta Telefónica;Tarjeta Crédito;Completada
VTA006295;18/04/2026;FAC-2026-006295;CLI0267;VEN04;SUC04;Venta Telefónica;Efectivo;Completada
VTA006296;06/06/2025;FAC-2025-006296;CLI0094;VEN16;SUC04;Web;Tarjeta Débito;Completada
VTA006297;02/06/2025;FAC-2025-006297;CLI0116;VEN07;SUC01;Venta Telefónica;Tarjeta Crédito;Completada
VTA006298;03/07/2026;FAC-2026-006298;CLI0006;VEN12;SUC06;Web;Tarjeta Débito;Completada
VTA006299;16/06/2026;FAC-2026-006299;CLI0454;VEN03;SUC03;WhatsApp;Transferencia;Completada
VTA006300;28/02/2026;FAC-2026-006300;CLI0378;VEN03;SUC03;WhatsApp;Tarjeta Débito;Completada
VTA006301;12/01/2026;FAC-2026-006301;CLI0440;VEN12;SUC06;Marketplace;Financiación Propia;Completada
VTA006302;25/08/2025;FAC-2025-006302;CLI0231;VEN18;SUC06;Marketplace;Tarjeta Débito;Cancelada
VTA006303;25/01/2025;FAC-2025-006303;CLI0314;VEN01;SUC01;Venta Telefónica;Efectivo;Completada
VTA006304;19/10/2025;FAC-2025-006304;CLI0199;VEN09;SUC03;WhatsApp;Efectivo;Cancelada
VTA006305;26/05/2026;FAC-2026-006305;CLI0066;VEN03;SUC03;Marketplace;Tarjeta Débito;Completada
VTA006306;04/09/2025;FAC-2025-006306;CLI0050;VEN02;SUC02;Venta Telefónica;Financiación Propia;Completada
VTA006307;21/06/2025;FAC-2025-006307;CLI0562;VEN06;SUC06;WhatsApp;Transferencia;Completada
VTA006308;25/06/2025;FAC-2025-006308;CLI0053;VEN18;SUC06;WhatsApp;Efectivo;Completada
VTA006309;19/04/2025;FAC-2025-006309;CLI0372;VEN09;SUC03;Local;Transferencia;Completada
VTA006310;05/02/2026;FAC-2026-006310;CLI0534;VEN04;SUC04;WhatsApp;Tarjeta Débito;Completada
VTA006311;15/03/2026;FAC-2026-006311;CLI0215;VEN05;SUC05;Venta Telefónica;Tarjeta Crédito;Completada
VTA006312;28/10/2025;FAC-2025-006312;CLI0335;VEN03;SUC03;Venta Telefónica;Transferencia;Completada
VTA006313;04/12/2025;FAC-2025-006313;CLI0072;VEN11;SUC05;Marketplace;Financiación Propia;Completada
VTA006314;12/03/2025;FAC-2025-006314;CLI0365;VEN09;SUC03;Local;Tarjeta Crédito;Completada
VTA006315;03/01/2025;FAC-2025-006315;CLI0415;VEN11;SUC05;Web;Efectivo;Completada
VTA006316;22/05/2026;FAC-2026-006316;CLI0093;VEN08;SUC02;WhatsApp;Tarjeta Débito;Completada
VTA006317;28/01/2026;FAC-2026-006317;CLI0220;VEN06;SUC06;Venta Telefónica;Efectivo;Completada
VTA006318;05/03/2025;FAC-2025-006318;CLI0462;VEN03;SUC03;Marketplace;Financiación Propia;Completada
VTA006319;31/12/2025;FAC-2025-006319;CLI0569;VEN10;SUC04;Web;Tarjeta Débito;Completada
VTA006320;21/01/2025;FAC-2025-006320;CLI0383;VEN02;SUC02;Venta Telefónica;Financiación Propia;Completada
VTA006321;06/03/2026;FAC-2026-006321;CLI0381;VEN06;SUC06;Marketplace;Efectivo;Completada
VTA006322;26/03/2026;FAC-2026-006322;CLI0122;VEN17;SUC05;Venta Telefónica;Efectivo;Completada
VTA006323;28/02/2025;FAC-2025-006323;CLI0425;VEN13;SUC01;Marketplace;Transferencia;Completada
VTA006324;10/11/2025;FAC-2025-006324;CLI0369;VEN06;SUC06;Marketplace;Efectivo;Completada
VTA006325;04/03/2025;FAC-2025-006325;CLI0205;VEN16;SUC04;Marketplace;Transferencia;Completada
VTA006326;11/01/2026;FAC-2026-006326;CLI0564;VEN15;SUC03;Web;Tarjeta Débito;Completada
VTA006327;28/08/2025;FAC-2025-006327;CLI0156;VEN05;SUC05;Local;Transferencia;Pendiente
VTA006328;10/04/2026;FAC-2026-006328;CLI0229;VEN03;SUC03;WhatsApp;Tarjeta Crédito;Completada
VTA006329;14/04/2025;FAC-2025-006329;CLI0540;VEN06;SUC06;Web;Tarjeta Débito;Completada
VTA006330;18/05/2025;FAC-2025-006330;CLI0223;VEN09;SUC03;Local;Tarjeta Débito;Completada
VTA006331;11/06/2026;FAC-2026-006331;CLI0127;VEN02;SUC02;Marketplace;Transferencia;Completada
VTA006332;24/09/2025;FAC-2025-006332;CLI0311;VEN18;SUC06;Marketplace;Transferencia;Completada
VTA006333;04/12/2025;FAC-2025-006333;CLI0574;VEN18;SUC06;Web;Financiación Propia;Cancelada
VTA006334;23/07/2026;FAC-2026-006334;CLI0358;VEN17;SUC05;Web;Tarjeta Débito;Completada
VTA006335;23/05/2026;FAC-2026-006335;CLI0413;VEN17;SUC05;WhatsApp;Financiación Propia;Completada
VTA006336;08/10/2025;FAC-2025-006336;CLI0514;VEN02;SUC02;WhatsApp;Tarjeta Débito;Completada
VTA006337;07/02/2025;FAC-2025-006337;CLI0180;VEN14;SUC02;Venta Telefónica;Tarjeta Crédito;Completada
VTA006338;20/04/2025;FAC-2025-006338;CLI0092;VEN15;SUC03;Venta Telefónica;Transferencia;Completada
VTA006339;16/11/2025;FAC-2025-006339;CLI0471;VEN06;SUC06;Venta Telefónica;Transferencia;Completada
VTA006340;13/09/2025;FAC-2025-006340;CLI0407;VEN02;SUC02;Local;Financiación Propia;Completada
VTA006341;13/05/2026;FAC-2026-006341;CLI0487;VEN13;SUC01;Venta Telefónica;Transferencia;Pendiente
VTA006342;17/04/2026;FAC-2026-006342;CLI0073;VEN11;SUC05;Marketplace;Efectivo;Completada
VTA006343;16/03/2026;FAC-2026-006343;CLI0230;VEN02;SUC02;Venta Telefónica;Transferencia;Completada
VTA006344;04/04/2025;FAC-2025-006344;CLI0587;VEN10;SUC04;Marketplace;Transferencia;Completada
VTA006345;21/02/2025;FAC-2025-006345;CLI0495;VEN11;SUC05;Web;Transferencia;Completada
VTA006346;19/02/2026;FAC-2026-006346;CLI0526;VEN17;SUC05;WhatsApp;Transferencia;Completada
VTA006347;08/01/2025;FAC-2025-006347;CLI0267;VEN12;SUC06;WhatsApp;Tarjeta Débito;Completada
VTA006348;11/04/2026;FAC-2026-006348;CLI0475;VEN09;SUC03;Web;Tarjeta Débito;Completada
VTA006349;05/07/2025;FAC-2025-006349;CLI0351;VEN15;SUC03;WhatsApp;Tarjeta Débito;Completada
VTA006350;17/02/2026;FAC-2026-006350;CLI0068;VEN02;SUC02;Local;Financiación Propia;Completada
VTA006351;04/04/2025;FAC-2025-006351;CLI0399;VEN16;SUC04;WhatsApp;Tarjeta Crédito;Completada
VTA006352;23/09/2025;FAC-2025-006352;CLI0009;VEN01;SUC01;Local;Transferencia;Completada
VTA006353;08/07/2026;FAC-2026-006353;CLI0370;VEN05;SUC05;Marketplace;Tarjeta Crédito;Completada
VTA006354;24/08/2025;FAC-2025-006354;CLI0257;VEN02;SUC02;Venta Telefónica;Financiación Propia;Completada
VTA006355;03/03/2025;FAC-2025-006355;CLI0331;VEN16;SUC04;Local;Transferencia;Completada
VTA006356;15/12/2025;FAC-2025-006356;CLI0200;VEN15;SUC03;Marketplace;Financiación Propia;Completada
VTA006357;16/07/2025;FAC-2025-006357;CLI0522;VEN07;SUC01;Web;Transferencia;Completada
VTA006358;10/03/2026;FAC-2026-006358;CLI0266;VEN12;SUC06;WhatsApp;Tarjeta Débito;Completada
VTA006359;05/02/2025;FAC-2025-006359;CLI0582;VEN15;SUC03;Marketplace;Tarjeta Débito;Completada
VTA006360;23/11/2025;FAC-2025-006360;CLI0186;VEN15;SUC03;Web;Financiación Propia;Completada
VTA006361;16/12/2025;FAC-2025-006361;CLI0472;VEN01;SUC01;Local;Efectivo;Completada
VTA006362;08/09/2025;FAC-2025-006362;CLI0481;VEN04;SUC04;Venta Telefónica;Tarjeta Crédito;Completada
VTA006363;09/05/2025;FAC-2025-006363;CLI0379;VEN11;SUC05;Venta Telefónica;Financiación Propia;Completada
VTA006364;18/07/2025;FAC-2025-006364;CLI0096;VEN02;SUC02;WhatsApp;Transferencia;Cancelada
VTA006365;07/07/2025;FAC-2025-006365;CLI0400;VEN07;SUC01;Web;Tarjeta Crédito;Completada
VTA006366;26/01/2026;FAC-2026-006366;CLI0357;VEN07;SUC01;WhatsApp;Transferencia;Completada
VTA006367;05/04/2025;FAC-2025-006367;CLI0254;VEN10;SUC04;Web;Financiación Propia;Completada
VTA006368;15/01/2025;FAC-2025-006368;CLI0579;VEN09;SUC03;WhatsApp;Efectivo;Pendiente
VTA006369;16/07/2026;FAC-2026-006369;CLI0565;VEN05;SUC05;Web;Transferencia;Completada
VTA006370;06/12/2025;FAC-2025-006370;CLI0549;VEN10;SUC04;Local;Tarjeta Crédito;Completada
VTA006371;04/07/2025;FAC-2025-006371;CLI0492;VEN17;SUC05;Venta Telefónica;Transferencia;Completada
VTA006372;27/05/2026;FAC-2026-006372;CLI0082;VEN06;SUC06;Web;Tarjeta Débito;Completada
VTA006373;02/03/2026;FAC-2026-006373;CLI0360;VEN07;SUC01;Marketplace;Tarjeta Débito;Completada
VTA006374;10/03/2026;FAC-2026-006374;CLI0472;VEN09;SUC03;Marketplace;Transferencia;Completada
VTA006375;02/04/2025;FAC-2025-006375;CLI0355;VEN14;SUC02;WhatsApp;Transferencia;Completada
VTA006376;01/07/2026;FAC-2026-006376;CLI0355;VEN01;SUC01;Marketplace;Transferencia;Completada
VTA006377;25/02/2025;FAC-2025-006377;CLI0170;VEN16;SUC04;Local;Tarjeta Débito;Completada
VTA006378;18/03/2025;FAC-2025-006378;CLI0108;VEN11;SUC05;Marketplace;Tarjeta Débito;Completada
VTA006379;13/04/2026;FAC-2026-006379;CLI0372;VEN18;SUC06;Marketplace;Efectivo;Completada
VTA006380;03/05/2026;FAC-2026-006380;CLI0494;VEN09;SUC03;WhatsApp;Tarjeta Crédito;Completada
VTA006381;09/05/2025;FAC-2025-006381;CLI0541;VEN09;SUC03;WhatsApp;Efectivo;Completada
VTA006382;11/11/2025;FAC-2025-006382;CLI0378;VEN16;SUC04;Venta Telefónica;Transferencia;Completada
VTA006383;12/11/2025;FAC-2025-006383;CLI0514;VEN04;SUC04;WhatsApp;Tarjeta Crédito;Completada
VTA006384;15/09/2025;FAC-2025-006384;CLI0380;VEN14;SUC02;Local;Tarjeta Crédito;Completada
VTA006385;12/11/2025;FAC-2025-006385;CLI0545;VEN12;SUC06;Venta Telefónica;Financiación Propia;Completada
VTA006386;18/06/2025;FAC-2025-006386;CLI0069;VEN12;SUC06;WhatsApp;Efectivo;Completada
VTA006387;06/04/2025;FAC-2025-006387;CLI0066;VEN10;SUC04;Local;Tarjeta Débito;Completada
VTA006388;20/02/2026;FAC-2026-006388;CLI0014;VEN05;SUC05;Marketplace;Tarjeta Débito;Completada
VTA006389;02/06/2026;FAC-2026-006389;CLI0432;VEN17;SUC05;Local;Tarjeta Débito;Completada
VTA006390;27/02/2026;FAC-2026-006390;CLI0551;VEN07;SUC01;Web;Transferencia;Completada
VTA006391;13/06/2026;FAC-2026-006391;CLI0448;VEN18;SUC06;Marketplace;Financiación Propia;Completada
VTA006392;02/10/2025;FAC-2025-006392;CLI0193;VEN18;SUC06;Local;Financiación Propia;Completada
VTA006393;15/04/2025;FAC-2025-006393;CLI0463;VEN04;SUC04;WhatsApp;Transferencia;Completada
VTA006394;03/05/2025;FAC-2025-006394;CLI0232;VEN02;SUC02;Marketplace;Tarjeta Crédito;Completada
VTA006395;06/03/2025;FAC-2025-006395;CLI0494;VEN10;SUC04;Marketplace;Efectivo;Completada
VTA006396;24/04/2025;FAC-2025-006396;CLI0553;VEN02;SUC02;Web;Financiación Propia;Completada
VTA006397;07/02/2026;FAC-2026-006397;CLI0127;VEN11;SUC05;WhatsApp;Tarjeta Débito;Completada
VTA006398;08/07/2025;FAC-2025-006398;CLI0135;VEN18;SUC06;WhatsApp;Tarjeta Crédito;Pendiente
VTA006399;09/07/2025;FAC-2025-006399;CLI0043;VEN01;SUC01;Web;Efectivo;Completada
VTA006400;02/02/2026;FAC-2026-006400;CLI0269;VEN18;SUC06;Venta Telefónica;Tarjeta Crédito;Pendiente
VTA006401;10/08/2025;FAC-2025-006401;CLI0457;VEN03;SUC03;Local;Efectivo;Completada
VTA006402;11/01/2025;FAC-2025-006402;CLI0549;VEN16;SUC04;Venta Telefónica;Efectivo;Completada
VTA006403;15/04/2026;FAC-2026-006403;CLI0329;VEN01;SUC01;Marketplace;Transferencia;Completada
VTA006404;18/01/2026;FAC-2026-006404;CLI0083;VEN03;SUC03;Marketplace;Tarjeta Crédito;Completada
VTA006405;20/07/2025;FAC-2025-006405;CLI0027;VEN17;SUC05;Venta Telefónica;Transferencia;Completada
VTA006406;14/01/2026;FAC-2026-006406;CLI0167;VEN14;SUC02;Local;Financiación Propia;Pendiente
VTA006407;10/07/2025;FAC-2025-006407;CLI0200;VEN18;SUC06;Marketplace;Transferencia;Completada
VTA006408;24/09/2025;FAC-2025-006408;CLI0325;VEN01;SUC01;Local;Tarjeta Crédito;Completada
VTA006409;05/06/2025;FAC-2025-006409;CLI0397;VEN05;SUC05;Venta Telefónica;Tarjeta Crédito;Completada
VTA006410;30/12/2025;FAC-2025-006410;CLI0125;VEN11;SUC05;Local;Efectivo;Completada
VTA006411;30/07/2025;FAC-2025-006411;CLI0348;VEN18;SUC06;Web;Efectivo;Completada
VTA006412;23/05/2025;FAC-2025-006412;CLI0040;VEN11;SUC05;Venta Telefónica;Tarjeta Crédito;Completada
VTA006413;11/02/2026;FAC-2026-006413;CLI0336;VEN06;SUC06;WhatsApp;Tarjeta Débito;Completada
VTA006414;28/05/2025;FAC-2025-006414;CLI0312;VEN11;SUC05;Local;Efectivo;Completada
VTA006415;07/01/2026;FAC-2026-006415;CLI0395;VEN11;SUC05;Web;Efectivo;Completada
VTA006416;31/12/2025;FAC-2025-006416;CLI0118;VEN17;SUC05;WhatsApp;Tarjeta Crédito;Completada
VTA006417;28/08/2025;FAC-2025-006417;CLI0307;VEN13;SUC01;Marketplace;Tarjeta Débito;Completada
VTA006418;07/03/2025;FAC-2025-006418;CLI0506;VEN09;SUC03;WhatsApp;Efectivo;Completada
VTA006419;19/04/2025;FAC-2025-006419;CLI0071;VEN12;SUC06;Local;Financiación Propia;Completada
VTA006420;26/01/2026;FAC-2026-006420;CLI0513;VEN07;SUC01;Local;Transferencia;Completada
VTA006421;19/07/2026;FAC-2026-006421;CLI0016;VEN03;SUC03;WhatsApp;Tarjeta Débito;Completada
VTA006422;27/02/2026;FAC-2026-006422;CLI0302;VEN01;SUC01;Venta Telefónica;Transferencia;Pendiente
VTA006423;08/05/2026;FAC-2026-006423;CLI0236;VEN14;SUC02;Marketplace;Tarjeta Crédito;Completada
VTA006424;22/04/2025;FAC-2025-006424;CLI0337;VEN12;SUC06;WhatsApp;Financiación Propia;Completada
VTA006425;26/04/2026;FAC-2026-006425;CLI0435;VEN01;SUC01;Local;Tarjeta Crédito;Completada
VTA006426;24/04/2026;FAC-2026-006426;CLI0307;VEN07;SUC01;Venta Telefónica;Efectivo;Completada
VTA006427;10/11/2025;FAC-2025-006427;CLI0494;VEN15;SUC03;Local;Tarjeta Débito;Completada
VTA006428;27/12/2025;FAC-2025-006428;CLI0277;VEN18;SUC06;Venta Telefónica;Financiación Propia;Completada
VTA006429;13/01/2025;FAC-2025-006429;CLI0313;VEN06;SUC06;Local;Tarjeta Crédito;Completada
VTA006430;04/08/2025;FAC-2025-006430;CLI0140;VEN10;SUC04;Venta Telefónica;Tarjeta Crédito;Completada
VTA006431;05/12/2025;FAC-2025-006431;CLI0486;VEN03;SUC03;Venta Telefónica;Tarjeta Crédito;Completada
VTA006432;22/10/2025;FAC-2025-006432;CLI0526;VEN07;SUC01;WhatsApp;Efectivo;Completada
VTA006433;15/07/2025;FAC-2025-006433;CLI0111;VEN03;SUC03;Local;Efectivo;Completada
VTA006434;03/06/2026;FAC-2026-006434;CLI0587;VEN15;SUC03;Venta Telefónica;Efectivo;Completada
VTA006435;04/09/2025;FAC-2025-006435;CLI0114;VEN06;SUC06;Marketplace;Tarjeta Débito;Completada
VTA006436;27/07/2025;FAC-2025-006436;CLI0025;VEN06;SUC06;Local;Efectivo;Completada
VTA006437;14/01/2025;FAC-2025-006437;CLI0478;VEN13;SUC01;Local;Efectivo;Completada
VTA006438;16/02/2026;FAC-2026-006438;CLI0413;VEN08;SUC02;WhatsApp;Transferencia;Completada
VTA006439;24/07/2026;FAC-2026-006439;CLI0087;VEN07;SUC01;Local;Efectivo;Completada
VTA006440;26/06/2026;FAC-2026-006440;CLI0386;VEN05;SUC05;Local;Tarjeta Crédito;Completada
VTA006441;11/07/2025;FAC-2025-006441;CLI0460;VEN01;SUC01;Local;Tarjeta Crédito;Completada
VTA006442;27/03/2026;FAC-2026-006442;CLI0136;VEN14;SUC02;WhatsApp;Financiación Propia;Completada
VTA006443;13/02/2026;FAC-2026-006443;CLI0581;VEN08;SUC02;Venta Telefónica;Transferencia;Completada
VTA006444;18/11/2025;FAC-2025-006444;CLI0474;VEN12;SUC06;Web;Efectivo;Completada
VTA006445;29/03/2026;FAC-2026-006445;CLI0265;VEN09;SUC03;WhatsApp;Financiación Propia;Completada
VTA006446;03/07/2025;FAC-2025-006446;CLI0449;VEN06;SUC06;WhatsApp;Tarjeta Crédito;Completada
VTA006447;16/10/2025;FAC-2025-006447;CLI0429;VEN14;SUC02;Venta Telefónica;Tarjeta Crédito;Completada
VTA006448;03/12/2025;FAC-2025-006448;CLI0215;VEN04;SUC04;Venta Telefónica;Transferencia;Completada
VTA006449;20/09/2025;FAC-2025-006449;CLI0182;VEN06;SUC06;WhatsApp;Transferencia;Completada
VTA006450;18/06/2025;FAC-2025-006450;CLI0594;VEN07;SUC01;Local;Tarjeta Crédito;Completada
VTA006451;04/11/2025;FAC-2025-006451;CLI0127;VEN04;SUC04;Local;Tarjeta Débito;Completada
VTA006452;27/04/2026;FAC-2026-006452;CLI0173;VEN16;SUC04;Web;Tarjeta Débito;Completada
VTA006453;22/07/2025;FAC-2025-006453;CLI0199;VEN04;SUC04;Local;Tarjeta Débito;Completada
VTA006454;21/03/2025;FAC-2025-006454;CLI0343;VEN16;SUC04;Marketplace;Tarjeta Crédito;Completada
VTA006455;11/06/2026;FAC-2026-006455;CLI0381;VEN06;SUC06;Marketplace;Transferencia;Completada
VTA006456;22/04/2025;FAC-2025-006456;CLI0195;VEN04;SUC04;Web;Financiación Propia;Completada
VTA006457;21/04/2026;FAC-2026-006457;CLI0175;VEN06;SUC06;Web;Financiación Propia;Completada
VTA006458;31/08/2025;FAC-2025-006458;CLI0074;VEN09;SUC03;Marketplace;Transferencia;Completada
VTA006459;05/10/2025;FAC-2025-006459;CLI0083;VEN08;SUC02;Venta Telefónica;Tarjeta Crédito;Completada
VTA006460;11/06/2025;FAC-2025-006460;CLI0075;VEN01;SUC01;Local;Transferencia;Completada
VTA006461;05/03/2026;FAC-2026-006461;CLI0400;VEN01;SUC01;Web;Transferencia;Completada
VTA006462;19/09/2025;FAC-2025-006462;CLI0287;VEN15;SUC03;Web;Transferencia;Completada
VTA006463;05/06/2025;FAC-2025-006463;CLI0043;VEN18;SUC06;Marketplace;Tarjeta Crédito;Completada
VTA006464;27/01/2025;FAC-2025-006464;CLI0575;VEN15;SUC03;Venta Telefónica;Tarjeta Crédito;Completada
VTA006465;13/03/2025;FAC-2025-006465;CLI0553;VEN04;SUC04;Marketplace;Transferencia;Completada
VTA006466;06/02/2026;FAC-2026-006466;CLI0259;VEN18;SUC06;Marketplace;Tarjeta Crédito;Completada
VTA006467;07/08/2025;FAC-2025-006467;CLI0535;VEN09;SUC03;Web;Transferencia;Completada
VTA006468;19/01/2026;FAC-2026-006468;CLI0288;VEN09;SUC03;Venta Telefónica;Tarjeta Crédito;Completada
VTA006469;22/07/2026;FAC-2026-006469;CLI0245;VEN04;SUC04;Local;Financiación Propia;Completada
VTA006470;18/04/2025;FAC-2025-006470;CLI0523;VEN05;SUC05;Venta Telefónica;Tarjeta Crédito;Completada
VTA006471;13/02/2026;FAC-2026-006471;CLI0501;VEN02;SUC02;Web;Tarjeta Crédito;Completada
VTA006472;20/07/2026;FAC-2026-006472;CLI0052;VEN18;SUC06;Venta Telefónica;Financiación Propia;Completada
VTA006473;18/03/2026;FAC-2026-006473;CLI0172;VEN03;SUC03;Web;Transferencia;Completada
VTA006474;30/04/2025;FAC-2025-006474;CLI0276;VEN07;SUC01;Local;Financiación Propia;Completada
VTA006475;16/02/2026;FAC-2026-006475;CLI0563;VEN11;SUC05;WhatsApp;Transferencia;Completada
VTA006476;20/05/2026;FAC-2026-006476;CLI0349;VEN17;SUC05;WhatsApp;Efectivo;Completada
VTA006477;09/08/2025;FAC-2025-006477;CLI0591;VEN16;SUC04;Venta Telefónica;Tarjeta Débito;Completada
VTA006478;19/01/2025;FAC-2025-006478;CLI0282;VEN17;SUC05;Web;Financiación Propia;Completada
VTA006479;03/09/2025;FAC-2025-006479;CLI0526;VEN13;SUC01;Web;Transferencia;Completada
VTA006480;17/06/2026;FAC-2026-006480;CLI0486;VEN18;SUC06;Marketplace;Tarjeta Débito;Completada
VTA006481;29/06/2026;FAC-2026-006481;CLI0202;VEN13;SUC01;Marketplace;Transferencia;Completada
VTA006482;07/04/2026;FAC-2026-006482;CLI0071;VEN16;SUC04;Venta Telefónica;Efectivo;Completada
VTA006483;20/06/2025;FAC-2025-006483;CLI0361;VEN13;SUC01;Local;Tarjeta Crédito;Completada
VTA006484;23/06/2025;FAC-2025-006484;CLI0555;VEN16;SUC04;Marketplace;Tarjeta Débito;Completada
VTA006485;14/06/2026;FAC-2026-006485;CLI0126;VEN17;SUC05;WhatsApp;Transferencia;Completada
VTA006486;16/11/2025;FAC-2025-006486;CLI0027;VEN03;SUC03;Web;Financiación Propia;Completada
VTA006487;12/06/2025;FAC-2025-006487;CLI0022;VEN09;SUC03;Web;Efectivo;Completada
VTA006488;06/09/2025;FAC-2025-006488;CLI0503;VEN17;SUC05;Marketplace;Financiación Propia;Completada
VTA006489;12/04/2026;FAC-2026-006489;CLI0558;VEN17;SUC05;Venta Telefónica;Transferencia;Completada
VTA006490;08/04/2025;FAC-2025-006490;CLI0382;VEN03;SUC03;Local;Tarjeta Débito;Completada
VTA006491;20/05/2026;FAC-2026-006491;CLI0333;VEN12;SUC06;Web;Tarjeta Débito;Completada
VTA006492;29/03/2026;FAC-2026-006492;CLI0042;VEN04;SUC04;Marketplace;Efectivo;Completada
VTA006493;05/05/2026;FAC-2026-006493;CLI0038;VEN11;SUC05;Web;Tarjeta Crédito;Completada
VTA006494;20/10/2025;FAC-2025-006494;CLI0140;VEN16;SUC04;WhatsApp;Tarjeta Crédito;Completada
VTA006495;15/01/2026;FAC-2026-006495;CLI0228;VEN18;SUC06;Venta Telefónica;Tarjeta Crédito;Completada
VTA006496;20/01/2025;FAC-2025-006496;CLI0461;VEN12;SUC06;Marketplace;Tarjeta Débito;Completada
VTA006497;05/08/2025;FAC-2025-006497;CLI0328;VEN17;SUC05;Local;Financiación Propia;Completada
VTA006498;07/06/2025;FAC-2025-006498;CLI0235;VEN08;SUC02;Local;Financiación Propia;Completada
VTA006499;20/06/2025;FAC-2025-006499;CLI0232;VEN14;SUC02;Web;Tarjeta Débito;Cancelada
VTA006500;01/12/2025;FAC-2025-006500;CLI0078;VEN11;SUC05;Venta Telefónica;Financiación Propia;Pendiente
VTA006501;24/10/2025;FAC-2025-006501;CLI0442;VEN17;SUC05;Venta Telefónica;Transferencia;Completada
VTA006502;27/04/2025;FAC-2025-006502;CLI0032;VEN08;SUC02;Web;Efectivo;Completada
VTA006503;30/05/2026;FAC-2026-006503;CLI0122;VEN01;SUC01;Venta Telefónica;Financiación Propia;Completada
VTA006504;06/03/2026;FAC-2026-006504;CLI0232;VEN14;SUC02;Venta Telefónica;Tarjeta Débito;Pendiente
VTA006505;29/01/2025;FAC-2025-006505;CLI0353;VEN02;SUC02;WhatsApp;Efectivo;Completada
VTA006506;12/04/2025;FAC-2025-006506;CLI0515;VEN05;SUC05;WhatsApp;Tarjeta Crédito;Completada
VTA006507;15/11/2025;FAC-2025-006507;CLI0497;VEN01;SUC01;Venta Telefónica;Transferencia;Completada
VTA006508;28/11/2025;FAC-2025-006508;CLI0026;VEN07;SUC01;Venta Telefónica;Tarjeta Débito;Completada
VTA006509;11/06/2025;FAC-2025-006509;CLI0067;VEN02;SUC02;Marketplace;Tarjeta Crédito;Completada
VTA006510;10/03/2025;FAC-2025-006510;CLI0590;VEN10;SUC04;Marketplace;Efectivo;Completada
VTA006511;02/05/2026;FAC-2026-006511;CLI0495;VEN06;SUC06;Marketplace;Financiación Propia;Completada
VTA006512;08/06/2025;FAC-2025-006512;CLI0140;VEN02;SUC02;Venta Telefónica;Efectivo;Completada
VTA006513;07/04/2026;FAC-2026-006513;CLI0222;VEN05;SUC05;Venta Telefónica;Transferencia;Completada
VTA006514;10/06/2026;FAC-2026-006514;CLI0196;VEN18;SUC06;Venta Telefónica;Financiación Propia;Completada
VTA006515;17/03/2025;FAC-2025-006515;CLI0164;VEN01;SUC01;Local;Financiación Propia;Completada
VTA006516;27/01/2026;FAC-2026-006516;CLI0409;VEN05;SUC05;Venta Telefónica;Transferencia;Completada
VTA006517;04/10/2025;FAC-2025-006517;CLI0402;VEN04;SUC04;Marketplace;Tarjeta Crédito;Completada
VTA006518;20/06/2025;FAC-2025-006518;CLI0167;VEN16;SUC04;Marketplace;Tarjeta Crédito;Completada
VTA006519;07/04/2025;FAC-2025-006519;CLI0142;VEN03;SUC03;WhatsApp;Financiación Propia;Cancelada
VTA006520;21/10/2025;FAC-2025-006520;CLI0215;VEN03;SUC03;Local;Financiación Propia;Completada
VTA006521;02/07/2025;FAC-2025-006521;CLI0035;VEN15;SUC03;Marketplace;Tarjeta Crédito;Completada
VTA006522;08/02/2026;FAC-2026-006522;CLI0503;VEN03;SUC03;WhatsApp;Financiación Propia;Completada
VTA006523;20/07/2025;FAC-2025-006523;CLI0534;VEN10;SUC04;WhatsApp;Tarjeta Débito;Completada
VTA006524;02/09/2025;FAC-2025-006524;CLI0488;VEN08;SUC02;Venta Telefónica;Tarjeta Crédito;Pendiente
VTA006525;16/07/2025;FAC-2025-006525;CLI0305;VEN15;SUC03;Local;Tarjeta Crédito;Completada
VTA006526;14/04/2025;FAC-2025-006526;CLI0581;VEN16;SUC04;Web;Transferencia;Completada
VTA006527;22/06/2025;FAC-2025-006527;CLI0225;VEN14;SUC02;Marketplace;Tarjeta Débito;Completada
VTA006528;30/06/2026;FAC-2026-006528;CLI0044;VEN04;SUC04;Local;Efectivo;Completada
VTA006529;13/04/2026;FAC-2026-006529;CLI0046;VEN16;SUC04;WhatsApp;Tarjeta Débito;Completada
VTA006530;24/09/2025;FAC-2025-006530;CLI0120;VEN18;SUC06;Marketplace;Efectivo;Completada
VTA006531;24/05/2026;FAC-2026-006531;CLI0014;VEN08;SUC02;Marketplace;Tarjeta Crédito;Completada
VTA006532;14/02/2026;FAC-2026-006532;CLI0169;VEN07;SUC01;Local;Efectivo;Completada
VTA006533;28/02/2026;FAC-2026-006533;CLI0190;VEN15;SUC03;Web;Financiación Propia;Completada
VTA006534;22/04/2025;FAC-2025-006534;CLI0255;VEN12;SUC06;Marketplace;Tarjeta Crédito;Completada
VTA006535;04/07/2026;FAC-2026-006535;CLI0493;VEN01;SUC01;Venta Telefónica;Financiación Propia;Completada
VTA006536;31/05/2026;FAC-2026-006536;CLI0075;VEN04;SUC04;Web;Transferencia;Completada
VTA006537;12/08/2025;FAC-2025-006537;CLI0292;VEN09;SUC03;WhatsApp;Tarjeta Crédito;Completada
VTA006538;28/06/2025;FAC-2025-006538;CLI0331;VEN06;SUC06;Venta Telefónica;Transferencia;Completada
VTA006539;29/11/2025;FAC-2025-006539;CLI0293;VEN05;SUC05;Web;Efectivo;Completada
VTA006540;21/07/2025;FAC-2025-006540;CLI0223;VEN16;SUC04;Web;Financiación Propia;Completada
VTA006541;13/12/2025;FAC-2025-006541;CLI0067;VEN02;SUC02;WhatsApp;Tarjeta Débito;Completada
VTA006542;26/06/2025;FAC-2025-006542;CLI0403;VEN16;SUC04;Web;Tarjeta Débito;Completada
VTA006543;06/06/2026;FAC-2026-006543;CLI0381;VEN13;SUC01;Web;Tarjeta Crédito;Completada
VTA006544;13/04/2026;FAC-2026-006544;CLI0118;VEN12;SUC06;Web;Tarjeta Crédito;Completada
VTA006545;19/06/2025;FAC-2025-006545;CLI0317;VEN15;SUC03;Web;Financiación Propia;Completada
VTA006546;01/05/2025;FAC-2025-006546;CLI0230;VEN13;SUC01;WhatsApp;Transferencia;Completada
VTA006547;08/04/2026;FAC-2026-006547;CLI0584;VEN17;SUC05;WhatsApp;Tarjeta Crédito;Cancelada
VTA006548;30/03/2025;FAC-2025-006548;CLI0512;VEN14;SUC02;WhatsApp;Tarjeta Crédito;Completada
VTA006549;17/09/2025;FAC-2025-006549;CLI0465;VEN15;SUC03;Local;Tarjeta Crédito;Pendiente
VTA006550;24/04/2025;FAC-2025-006550;CLI0134;VEN11;SUC05;Marketplace;Tarjeta Débito;Completada
VTA006551;13/01/2025;FAC-2025-006551;CLI0084;VEN06;SUC06;WhatsApp;Tarjeta Crédito;Completada
VTA006552;19/04/2025;FAC-2025-006552;CLI0572;VEN02;SUC02;WhatsApp;Transferencia;Completada
VTA006553;31/10/2025;FAC-2025-006553;CLI0356;VEN11;SUC05;Web;Tarjeta Débito;Completada
VTA006554;06/12/2025;FAC-2025-006554;CLI0145;VEN07;SUC01;Local;Efectivo;Completada
VTA006555;14/03/2025;FAC-2025-006555;CLI0165;VEN05;SUC05;Local;Transferencia;Completada
VTA006556;31/07/2025;FAC-2025-006556;CLI0488;VEN11;SUC05;Local;Financiación Propia;Completada
VTA006557;22/01/2025;FAC-2025-006557;CLI0543;VEN09;SUC03;Venta Telefónica;Transferencia;Completada
VTA006558;05/06/2025;FAC-2025-006558;CLI0189;VEN05;SUC05;WhatsApp;Financiación Propia;Completada
VTA006559;23/03/2026;FAC-2026-006559;CLI0093;VEN18;SUC06;Web;Tarjeta Crédito;Completada
VTA006560;02/12/2025;FAC-2025-006560;CLI0090;VEN08;SUC02;Local;Tarjeta Crédito;Completada
VTA006561;14/07/2026;FAC-2026-006561;CLI0273;VEN11;SUC05;Web;Transferencia;Completada
VTA006562;28/01/2025;FAC-2025-006562;CLI0472;VEN04;SUC04;Marketplace;Financiación Propia;Completada
VTA006563;09/10/2025;FAC-2025-006563;CLI0304;VEN17;SUC05;Web;Tarjeta Débito;Completada
VTA006564;26/01/2025;FAC-2025-006564;CLI0526;VEN02;SUC02;Marketplace;Tarjeta Crédito;Completada
VTA006565;05/05/2025;FAC-2025-006565;CLI0569;VEN06;SUC06;Local;Tarjeta Débito;Completada
VTA006566;27/04/2026;FAC-2026-006566;CLI0244;VEN17;SUC05;Web;Efectivo;Completada
VTA006567;24/03/2025;FAC-2025-006567;CLI0572;VEN11;SUC05;WhatsApp;Efectivo;Completada
VTA006568;12/02/2025;FAC-2025-006568;CLI0037;VEN04;SUC04;Web;Tarjeta Crédito;Completada
VTA006569;21/06/2025;FAC-2025-006569;CLI0381;VEN05;SUC05;Venta Telefónica;Tarjeta Débito;Completada
VTA006570;23/07/2025;FAC-2025-006570;CLI0122;VEN06;SUC06;Marketplace;Tarjeta Débito;Completada
VTA006571;12/04/2026;FAC-2026-006571;CLI0361;VEN08;SUC02;Web;Financiación Propia;Completada
VTA006572;07/03/2025;FAC-2025-006572;CLI0141;VEN01;SUC01;Venta Telefónica;Tarjeta Crédito;Completada
VTA006573;15/06/2025;FAC-2025-006573;CLI0588;VEN14;SUC02;Marketplace;Efectivo;Completada
VTA006574;17/05/2025;FAC-2025-006574;CLI0367;VEN03;SUC03;Web;Financiación Propia;Completada
VTA006575;07/12/2025;FAC-2025-006575;CLI0037;VEN17;SUC05;Local;Financiación Propia;Completada
VTA006576;11/03/2025;FAC-2025-006576;CLI0570;VEN15;SUC03;WhatsApp;Financiación Propia;Completada
VTA006577;11/02/2026;FAC-2026-006577;CLI0143;VEN13;SUC01;Local;Financiación Propia;Completada
VTA006578;23/07/2025;FAC-2025-006578;CLI0002;VEN11;SUC05;Web;Financiación Propia;Completada
VTA006579;11/04/2026;FAC-2026-006579;CLI0573;VEN18;SUC06;Venta Telefónica;Transferencia;Completada
VTA006580;14/04/2025;FAC-2025-006580;CLI0199;VEN17;SUC05;WhatsApp;Financiación Propia;Completada
VTA006581;16/04/2025;FAC-2025-006581;CLI0239;VEN07;SUC01;Web;Tarjeta Crédito;Completada
VTA006582;01/06/2025;FAC-2025-006582;CLI0204;VEN09;SUC03;Local;Transferencia;Completada
VTA006583;08/07/2025;FAC-2025-006583;CLI0180;VEN09;SUC03;Marketplace;Efectivo;Completada
VTA006584;24/03/2026;FAC-2026-006584;CLI0023;VEN07;SUC01;WhatsApp;Tarjeta Débito;Completada
VTA006585;19/10/2025;FAC-2025-006585;CLI0041;VEN13;SUC01;Local;Efectivo;Completada
VTA006586;19/06/2025;FAC-2025-006586;CLI0533;VEN08;SUC02;Web;Tarjeta Débito;Completada
VTA006587;09/09/2025;FAC-2025-006587;CLI0257;VEN08;SUC02;WhatsApp;Tarjeta Débito;Completada
VTA006588;17/01/2025;FAC-2025-006588;CLI0026;VEN06;SUC06;Marketplace;Tarjeta Débito;Completada
VTA006589;19/01/2025;FAC-2025-006589;CLI0053;VEN12;SUC06;Marketplace;Transferencia;Completada
VTA006590;07/03/2025;FAC-2025-006590;CLI0492;VEN09;SUC03;Local;Financiación Propia;Completada
VTA006591;07/07/2025;FAC-2025-006591;CLI0119;VEN18;SUC06;Local;Transferencia;Completada
VTA006592;14/12/2025;FAC-2025-006592;CLI0065;VEN09;SUC03;WhatsApp;Transferencia;Completada
VTA006593;02/10/2025;FAC-2025-006593;CLI0365;VEN14;SUC02;Local;Tarjeta Débito;Completada
VTA006594;23/06/2025;FAC-2025-006594;CLI0062;VEN08;SUC02;Web;Transferencia;Completada
VTA006595;30/04/2025;FAC-2025-006595;CLI0392;VEN06;SUC06;Local;Financiación Propia;Completada
VTA006596;22/07/2025;FAC-2025-006596;CLI0547;VEN09;SUC03;Venta Telefónica;Efectivo;Completada
VTA006597;07/02/2025;FAC-2025-006597;CLI0103;VEN08;SUC02;Web;Tarjeta Débito;Completada
VTA006598;11/08/2025;FAC-2025-006598;CLI0258;VEN06;SUC06;Marketplace;Financiación Propia;Completada
VTA006599;23/10/2025;FAC-2025-006599;CLI0397;VEN09;SUC03;WhatsApp;Efectivo;Completada
VTA006600;21/05/2026;FAC-2026-006600;CLI0400;VEN07;SUC01;Venta Telefónica;Financiación Propia;Completada
VTA006601;08/09/2025;FAC-2025-006601;CLI0141;VEN13;SUC01;Venta Telefónica;Financiación Propia;Pendiente
VTA006602;14/09/2025;FAC-2025-006602;CLI0218;VEN14;SUC02;Venta Telefónica;Financiación Propia;Completada
VTA006603;26/05/2025;FAC-2025-006603;CLI0283;VEN06;SUC06;WhatsApp;Transferencia;Completada
VTA006604;19/04/2025;FAC-2025-006604;CLI0305;VEN01;SUC01;Web;Efectivo;Completada
VTA006605;20/05/2025;FAC-2025-006605;CLI0006;VEN11;SUC05;Local;Financiación Propia;Completada
VTA006606;14/05/2025;FAC-2025-006606;CLI0165;VEN03;SUC03;WhatsApp;Transferencia;Completada
VTA006607;01/05/2025;FAC-2025-006607;CLI0413;VEN10;SUC04;Marketplace;Financiación Propia;Completada
VTA006608;16/05/2025;FAC-2025-006608;CLI0491;VEN13;SUC01;Web;Efectivo;Completada
VTA006609;25/05/2025;FAC-2025-006609;CLI0529;VEN07;SUC01;Marketplace;Financiación Propia;Completada
VTA006610;29/06/2025;FAC-2025-006610;CLI0511;VEN07;SUC01;Web;Tarjeta Crédito;Completada
VTA006611;30/08/2025;FAC-2025-006611;CLI0530;VEN11;SUC05;Venta Telefónica;Tarjeta Débito;Completada
VTA006612;27/03/2025;FAC-2025-006612;CLI0311;VEN14;SUC02;Web;Tarjeta Débito;Completada
VTA006613;14/06/2026;FAC-2026-006613;CLI0324;VEN02;SUC02;WhatsApp;Financiación Propia;Completada
VTA006614;07/05/2026;FAC-2026-006614;CLI0282;VEN15;SUC03;Local;Transferencia;Completada
VTA006615;25/08/2025;FAC-2025-006615;CLI0241;VEN04;SUC04;WhatsApp;Financiación Propia;Completada
VTA006616;14/06/2026;FAC-2026-006616;CLI0035;VEN04;SUC04;Venta Telefónica;Transferencia;Completada
VTA006617;09/05/2026;FAC-2026-006617;CLI0400;VEN02;SUC02;Web;Tarjeta Débito;Completada
VTA006618;26/02/2025;FAC-2025-006618;CLI0061;VEN09;SUC03;WhatsApp;Financiación Propia;Completada
VTA006619;14/11/2025;FAC-2025-006619;CLI0176;VEN17;SUC05;WhatsApp;Transferencia;Completada
VTA006620;31/12/2025;FAC-2025-006620;CLI0200;VEN02;SUC02;Web;Efectivo;Completada
VTA006621;08/06/2026;FAC-2026-006621;CLI0197;VEN14;SUC02;Marketplace;Efectivo;Completada
VTA006622;09/05/2026;FAC-2026-006622;CLI0232;VEN06;SUC06;Local;Tarjeta Débito;Completada
VTA006623;20/05/2026;FAC-2026-006623;CLI0474;VEN05;SUC05;Local;Tarjeta Débito;Completada
VTA006624;27/12/2025;FAC-2025-006624;CLI0162;VEN05;SUC05;Marketplace;Financiación Propia;Completada
VTA006625;17/11/2025;FAC-2025-006625;CLI0341;VEN18;SUC06;Venta Telefónica;Financiación Propia;Completada
VTA006626;02/01/2025;FAC-2025-006626;CLI0060;VEN12;SUC06;Web;Tarjeta Crédito;Completada
VTA006627;15/05/2026;FAC-2026-006627;CLI0162;VEN05;SUC05;Web;Financiación Propia;Completada
VTA006628;07/02/2026;FAC-2026-006628;CLI0417;VEN08;SUC02;Marketplace;Financiación Propia;Completada
VTA006629;23/01/2026;FAC-2026-006629;CLI0404;VEN07;SUC01;Venta Telefónica;Transferencia;Completada
VTA006630;10/05/2026;FAC-2026-006630;CLI0126;VEN04;SUC04;Marketplace;Financiación Propia;Completada
VTA006631;23/01/2026;FAC-2026-006631;CLI0096;VEN01;SUC01;Venta Telefónica;Tarjeta Débito;Completada
VTA006632;22/04/2025;FAC-2025-006632;CLI0289;VEN06;SUC06;Marketplace;Tarjeta Débito;Completada
VTA006633;28/02/2025;FAC-2025-006633;CLI0368;VEN07;SUC01;Local;Financiación Propia;Completada
VTA006634;25/01/2025;FAC-2025-006634;CLI0001;VEN10;SUC04;Web;Efectivo;Completada
VTA006635;29/01/2026;FAC-2026-006635;CLI0087;VEN12;SUC06;Web;Tarjeta Crédito;Completada
VTA006636;26/02/2026;FAC-2026-006636;CLI0530;VEN10;SUC04;Local;Tarjeta Débito;Completada
VTA006637;01/01/2026;FAC-2026-006637;CLI0003;VEN12;SUC06;Web;Efectivo;Completada
VTA006638;20/06/2025;FAC-2025-006638;CLI0261;VEN10;SUC04;WhatsApp;Efectivo;Completada
VTA006639;24/05/2026;FAC-2026-006639;CLI0438;VEN17;SUC05;Marketplace;Tarjeta Crédito;Completada
VTA006640;13/03/2026;FAC-2026-006640;CLI0304;VEN03;SUC03;WhatsApp;Tarjeta Débito;Completada
VTA006641;20/09/2025;FAC-2025-006641;CLI0056;VEN11;SUC05;Web;Financiación Propia;Completada
VTA006642;11/06/2025;FAC-2025-006642;CLI0103;VEN15;SUC03;Venta Telefónica;Financiación Propia;Completada
VTA006643;07/10/2025;FAC-2025-006643;CLI0337;VEN04;SUC04;WhatsApp;Transferencia;Completada
VTA006644;25/04/2025;FAC-2025-006644;CLI0028;VEN11;SUC05;Web;Tarjeta Débito;Completada
VTA006645;26/03/2026;FAC-2026-006645;CLI0376;VEN13;SUC01;Marketplace;Efectivo;Completada
VTA006646;14/03/2025;FAC-2025-006646;CLI0509;VEN05;SUC05;WhatsApp;Tarjeta Débito;Completada
VTA006647;18/03/2026;FAC-2026-006647;CLI0160;VEN08;SUC02;Venta Telefónica;Financiación Propia;Completada
VTA006648;19/01/2025;FAC-2025-006648;CLI0323;VEN09;SUC03;Web;Transferencia;Completada
VTA006649;26/12/2025;FAC-2025-006649;CLI0256;VEN10;SUC04;WhatsApp;Tarjeta Débito;Completada
VTA006650;13/01/2026;FAC-2026-006650;CLI0375;VEN06;SUC06;Local;Financiación Propia;Completada
VTA006651;07/03/2026;FAC-2026-006651;CLI0321;VEN18;SUC06;Marketplace;Tarjeta Débito;Completada
VTA006652;31/05/2026;FAC-2026-006652;CLI0487;VEN13;SUC01;WhatsApp;Efectivo;Completada
VTA006653;23/10/2025;FAC-2025-006653;CLI0496;VEN18;SUC06;Local;Financiación Propia;Completada
VTA006654;22/09/2025;FAC-2025-006654;CLI0549;VEN05;SUC05;Venta Telefónica;Efectivo;Completada
VTA006655;25/08/2025;FAC-2025-006655;CLI0590;VEN12;SUC06;Marketplace;Transferencia;Completada
VTA006656;04/07/2025;FAC-2025-006656;CLI0271;VEN04;SUC04;Marketplace;Financiación Propia;Completada
VTA006657;16/01/2025;FAC-2025-006657;CLI0453;VEN04;SUC04;Marketplace;Tarjeta Crédito;Completada
VTA006658;03/12/2025;FAC-2025-006658;CLI0234;VEN17;SUC05;WhatsApp;Tarjeta Crédito;Completada
VTA006659;31/03/2026;FAC-2026-006659;CLI0180;VEN14;SUC02;WhatsApp;Financiación Propia;Completada
VTA006660;14/08/2025;FAC-2025-006660;CLI0463;VEN07;SUC01;Local;Financiación Propia;Completada
VTA006661;12/02/2025;FAC-2025-006661;CLI0287;VEN07;SUC01;Marketplace;Transferencia;Completada
VTA006662;14/06/2026;FAC-2026-006662;CLI0174;VEN16;SUC04;WhatsApp;Efectivo;Completada
VTA006663;10/02/2026;FAC-2026-006663;CLI0262;VEN17;SUC05;Local;Tarjeta Débito;Completada
VTA006664;26/04/2026;FAC-2026-006664;CLI0461;VEN08;SUC02;Web;Tarjeta Débito;Completada
VTA006665;09/11/2025;FAC-2025-006665;CLI0459;VEN15;SUC03;WhatsApp;Tarjeta Crédito;Completada
VTA006666;21/02/2026;FAC-2026-006666;CLI0065;VEN10;SUC04;Local;Transferencia;Completada
VTA006667;17/04/2026;FAC-2026-006667;CLI0314;VEN11;SUC05;WhatsApp;Tarjeta Débito;Completada
VTA006668;26/02/2025;FAC-2025-006668;CLI0460;VEN03;SUC03;Marketplace;Efectivo;Completada
VTA006669;25/08/2025;FAC-2025-006669;CLI0163;VEN13;SUC01;Marketplace;Financiación Propia;Completada
VTA006670;18/07/2025;FAC-2025-006670;CLI0174;VEN04;SUC04;Marketplace;Tarjeta Crédito;Completada
VTA006671;02/01/2026;FAC-2026-006671;CLI0352;VEN01;SUC01;Venta Telefónica;Financiación Propia;Completada
VTA006672;25/03/2026;FAC-2026-006672;CLI0155;VEN13;SUC01;Local;Tarjeta Débito;Completada
VTA006673;18/08/2025;FAC-2025-006673;CLI0391;VEN06;SUC06;Marketplace;Transferencia;Completada
VTA006674;12/01/2025;FAC-2025-006674;CLI0129;VEN12;SUC06;Web;Financiación Propia;Completada
VTA006675;12/04/2026;FAC-2026-006675;CLI0212;VEN08;SUC02;Local;Transferencia;Completada
VTA006676;23/06/2026;FAC-2026-006676;CLI0509;VEN13;SUC01;Web;Financiación Propia;Completada
VTA006677;13/05/2025;FAC-2025-006677;CLI0296;VEN12;SUC06;Marketplace;Efectivo;Completada
VTA006678;16/04/2026;FAC-2026-006678;CLI0553;VEN03;SUC03;Venta Telefónica;Tarjeta Crédito;Completada
VTA006679;21/10/2025;FAC-2025-006679;CLI0108;VEN14;SUC02;WhatsApp;Transferencia;Completada
VTA006680;24/01/2025;FAC-2025-006680;CLI0379;VEN15;SUC03;Web;Tarjeta Débito;Completada
VTA006681;13/10/2025;FAC-2025-006681;CLI0427;VEN02;SUC02;Web;Transferencia;Completada
VTA006682;09/05/2026;FAC-2026-006682;CLI0027;VEN01;SUC01;Venta Telefónica;Tarjeta Débito;Completada
VTA006683;10/05/2025;FAC-2025-006683;CLI0214;VEN02;SUC02;Local;Transferencia;Pendiente
VTA006684;31/03/2025;FAC-2025-006684;CLI0554;VEN16;SUC04;Web;Tarjeta Débito;Completada
VTA006685;20/02/2026;FAC-2026-006685;CLI0086;VEN01;SUC01;Venta Telefónica;Financiación Propia;Completada
VTA006686;05/08/2025;FAC-2025-006686;CLI0324;VEN12;SUC06;Marketplace;Efectivo;Completada
VTA006687;16/02/2025;FAC-2025-006687;CLI0484;VEN02;SUC02;WhatsApp;Efectivo;Completada
VTA006688;08/03/2025;FAC-2025-006688;CLI0324;VEN18;SUC06;Venta Telefónica;Tarjeta Crédito;Completada
VTA006689;03/02/2025;FAC-2025-006689;CLI0070;VEN15;SUC03;Marketplace;Tarjeta Débito;Completada
VTA006690;29/05/2026;FAC-2026-006690;CLI0311;VEN02;SUC02;Local;Efectivo;Completada
VTA006691;07/08/2025;FAC-2025-006691;CLI0509;VEN17;SUC05;Web;Transferencia;Completada
VTA006692;02/01/2026;FAC-2026-006692;CLI0068;VEN13;SUC01;Marketplace;Tarjeta Crédito;Completada
VTA006693;04/02/2026;FAC-2026-006693;CLI0576;VEN16;SUC04;Web;Financiación Propia;Completada
VTA006694;03/02/2026;FAC-2026-006694;CLI0120;VEN05;SUC05;Marketplace;Efectivo;Completada
VTA006695;30/07/2026;FAC-2026-006695;CLI0274;VEN06;SUC06;Marketplace;Transferencia;Completada
VTA006696;02/05/2026;FAC-2026-006696;CLI0086;VEN12;SUC06;Local;Financiación Propia;Completada
VTA006697;21/02/2025;FAC-2025-006697;CLI0470;VEN15;SUC03;Venta Telefónica;Tarjeta Crédito;Completada
VTA006698;22/07/2026;FAC-2026-006698;CLI0278;VEN09;SUC03;Venta Telefónica;Financiación Propia;Completada
VTA006699;17/03/2025;FAC-2025-006699;CLI0287;VEN17;SUC05;Local;Tarjeta Crédito;Completada
VTA006700;14/03/2026;FAC-2026-006700;CLI0382;VEN18;SUC06;WhatsApp;Transferencia;Completada
VTA006701;05/01/2026;FAC-2026-006701;CLI0324;VEN18;SUC06;WhatsApp;Tarjeta Crédito;Completada
VTA006702;09/04/2026;FAC-2026-006702;CLI0049;VEN04;SUC04;Venta Telefónica;Tarjeta Crédito;Completada
VTA006703;24/08/2025;FAC-2025-006703;CLI0255;VEN12;SUC06;Local;Financiación Propia;Completada
VTA006704;18/07/2026;FAC-2026-006704;CLI0484;VEN02;SUC02;Web;Transferencia;Completada
VTA006705;21/07/2025;FAC-2025-006705;CLI0424;VEN16;SUC04;Web;Financiación Propia;Completada
VTA006706;14/04/2026;FAC-2026-006706;CLI0476;VEN08;SUC02;Web;Tarjeta Crédito;Completada
VTA006707;20/01/2025;FAC-2025-006707;CLI0408;VEN10;SUC04;Local;Financiación Propia;Completada
VTA006708;30/06/2025;FAC-2025-006708;CLI0531;VEN01;SUC01;Web;Financiación Propia;Completada
VTA006709;14/07/2026;FAC-2026-006709;CLI0191;VEN14;SUC02;Venta Telefónica;Financiación Propia;Completada
VTA006710;22/12/2025;FAC-2025-006710;CLI0543;VEN18;SUC06;Venta Telefónica;Tarjeta Débito;Completada
VTA006711;01/05/2026;FAC-2026-006711;CLI0062;VEN11;SUC05;Web;Tarjeta Débito;Completada
VTA006712;16/06/2026;FAC-2026-006712;CLI0484;VEN09;SUC03;Marketplace;Transferencia;Completada
VTA006713;23/09/2025;FAC-2025-006713;CLI0278;VEN15;SUC03;Web;Transferencia;Completada
VTA006714;30/08/2025;FAC-2025-006714;CLI0264;VEN01;SUC01;Marketplace;Transferencia;Completada
VTA006715;22/06/2026;FAC-2026-006715;CLI0089;VEN03;SUC03;WhatsApp;Financiación Propia;Completada
VTA006716;28/03/2025;FAC-2025-006716;CLI0068;VEN16;SUC04;Venta Telefónica;Efectivo;Completada
VTA006717;15/01/2025;FAC-2025-006717;CLI0244;VEN08;SUC02;Web;Transferencia;Completada
VTA006718;18/02/2025;FAC-2025-006718;CLI0122;VEN09;SUC03;Venta Telefónica;Efectivo;Completada
VTA006719;09/05/2025;FAC-2025-006719;CLI0179;VEN16;SUC04;WhatsApp;Financiación Propia;Completada
VTA006720;15/02/2025;FAC-2025-006720;CLI0284;VEN04;SUC04;WhatsApp;Efectivo;Completada
VTA006721;23/01/2025;FAC-2025-006721;CLI0424;VEN01;SUC01;Marketplace;Efectivo;Completada
VTA006722;15/07/2025;FAC-2025-006722;CLI0470;VEN10;SUC04;Local;Tarjeta Débito;Completada
VTA006723;21/10/2025;FAC-2025-006723;CLI0072;VEN14;SUC02;Local;Tarjeta Crédito;Completada
VTA006724;25/06/2026;FAC-2026-006724;CLI0075;VEN01;SUC01;Web;Transferencia;Completada
VTA006725;27/01/2026;FAC-2026-006725;CLI0374;VEN11;SUC05;Venta Telefónica;Tarjeta Débito;Completada
VTA006726;23/11/2025;FAC-2025-006726;CLI0277;VEN02;SUC02;Web;Tarjeta Débito;Completada
VTA006727;27/03/2026;FAC-2026-006727;CLI0127;VEN11;SUC05;WhatsApp;Transferencia;Completada
VTA006728;18/06/2026;FAC-2026-006728;CLI0459;VEN13;SUC01;Marketplace;Financiación Propia;Completada
VTA006729;01/02/2026;FAC-2026-006729;CLI0253;VEN18;SUC06;Web;Transferencia;Completada
VTA006730;06/04/2026;FAC-2026-006730;CLI0456;VEN07;SUC01;Venta Telefónica;Tarjeta Débito;Completada
VTA006731;07/01/2025;FAC-2025-006731;CLI0475;VEN09;SUC03;Venta Telefónica;Tarjeta Débito;Completada
VTA006732;18/12/2025;FAC-2025-006732;CLI0157;VEN17;SUC05;Local;Financiación Propia;Completada
VTA006733;22/06/2026;FAC-2026-006733;CLI0252;VEN09;SUC03;Web;Tarjeta Débito;Completada
VTA006734;11/09/2025;FAC-2025-006734;CLI0590;VEN05;SUC05;WhatsApp;Tarjeta Débito;Completada
VTA006735;16/11/2025;FAC-2025-006735;CLI0483;VEN06;SUC06;Marketplace;Efectivo;Completada
VTA006736;02/06/2026;FAC-2026-006736;CLI0381;VEN04;SUC04;Venta Telefónica;Tarjeta Débito;Completada
VTA006737;18/04/2025;FAC-2025-006737;CLI0220;VEN06;SUC06;Venta Telefónica;Efectivo;Completada
VTA006738;21/06/2026;FAC-2026-006738;CLI0309;VEN05;SUC05;Marketplace;Transferencia;Completada
VTA006739;23/07/2025;FAC-2025-006739;CLI0369;VEN18;SUC06;Marketplace;Efectivo;Completada
VTA006740;02/10/2025;FAC-2025-006740;CLI0228;VEN12;SUC06;Web;Tarjeta Débito;Completada
VTA006741;23/03/2026;FAC-2026-006741;CLI0557;VEN13;SUC01;Local;Efectivo;Completada
VTA006742;12/03/2026;FAC-2026-006742;CLI0163;VEN18;SUC06;Marketplace;Tarjeta Crédito;Completada
VTA006743;30/12/2025;FAC-2025-006743;CLI0594;VEN18;SUC06;WhatsApp;Tarjeta Débito;Completada
VTA006744;29/01/2025;FAC-2025-006744;CLI0266;VEN06;SUC06;Venta Telefónica;Tarjeta Crédito;Cancelada
VTA006745;03/09/2025;FAC-2025-006745;CLI0114;VEN05;SUC05;Marketplace;Financiación Propia;Completada
VTA006746;29/03/2025;FAC-2025-006746;CLI0336;VEN14;SUC02;WhatsApp;Efectivo;Completada
VTA006747;06/01/2025;FAC-2025-006747;CLI0439;VEN09;SUC03;Local;Transferencia;Completada
VTA006748;23/03/2025;FAC-2025-006748;CLI0355;VEN14;SUC02;Marketplace;Efectivo;Completada
VTA006749;23/11/2025;FAC-2025-006749;CLI0574;VEN10;SUC04;Web;Transferencia;Completada
VTA006750;24/01/2026;FAC-2026-006750;CLI0190;VEN07;SUC01;Local;Efectivo;Completada
VTA006751;29/08/2025;FAC-2025-006751;CLI0160;VEN02;SUC02;Local;Tarjeta Débito;Completada
VTA006752;18/03/2025;FAC-2025-006752;CLI0479;VEN16;SUC04;Marketplace;Efectivo;Completada
VTA006753;16/01/2025;FAC-2025-006753;CLI0193;VEN07;SUC01;Local;Efectivo;Completada
VTA006754;12/06/2025;FAC-2025-006754;CLI0216;VEN14;SUC02;Marketplace;Efectivo;Completada
VTA006755;16/05/2025;FAC-2025-006755;CLI0206;VEN15;SUC03;Local;Tarjeta Débito;Completada
VTA006756;25/12/2025;FAC-2025-006756;CLI0513;VEN15;SUC03;WhatsApp;Financiación Propia;Completada
VTA006757;15/04/2025;FAC-2025-006757;CLI0298;VEN13;SUC01;Web;Efectivo;Completada
VTA006758;29/03/2026;FAC-2026-006758;CLI0557;VEN11;SUC05;WhatsApp;Efectivo;Completada
VTA006759;15/03/2025;FAC-2025-006759;CLI0549;VEN02;SUC02;Local;Financiación Propia;Completada
VTA006760;07/10/2025;FAC-2025-006760;CLI0596;VEN18;SUC06;Marketplace;Tarjeta Débito;Completada
VTA006761;11/01/2026;FAC-2026-006761;CLI0249;VEN02;SUC02;WhatsApp;Tarjeta Débito;Completada
VTA006762;13/07/2025;FAC-2025-006762;CLI0322;VEN17;SUC05;WhatsApp;Efectivo;Completada
VTA006763;13/11/2025;FAC-2025-006763;CLI0025;VEN11;SUC05;Local;Transferencia;Completada
VTA006764;11/06/2025;FAC-2025-006764;CLI0453;VEN18;SUC06;Venta Telefónica;Efectivo;Completada
VTA006765;28/09/2025;FAC-2025-006765;CLI0049;VEN10;SUC04;Web;Transferencia;Completada
VTA006766;26/01/2025;FAC-2025-006766;CLI0316;VEN07;SUC01;Marketplace;Efectivo;Completada
VTA006767;12/05/2025;FAC-2025-006767;CLI0390;VEN07;SUC01;WhatsApp;Tarjeta Débito;Completada
VTA006768;30/04/2026;FAC-2026-006768;CLI0255;VEN05;SUC05;Local;Efectivo;Completada
VTA006769;19/04/2025;FAC-2025-006769;CLI0006;VEN14;SUC02;Venta Telefónica;Tarjeta Crédito;Completada
VTA006770;23/03/2026;FAC-2026-006770;CLI0023;VEN13;SUC01;Local;Efectivo;Completada
VTA006771;08/05/2025;FAC-2025-006771;CLI0577;VEN14;SUC02;Local;Tarjeta Débito;Completada
VTA006772;07/10/2025;FAC-2025-006772;CLI0205;VEN02;SUC02;Web;Tarjeta Débito;Completada
VTA006773;15/09/2025;FAC-2025-006773;CLI0301;VEN10;SUC04;Local;Tarjeta Crédito;Completada
VTA006774;08/03/2026;FAC-2026-006774;CLI0504;VEN05;SUC05;Venta Telefónica;Tarjeta Crédito;Completada
VTA006775;22/02/2025;FAC-2025-006775;CLI0364;VEN09;SUC03;Marketplace;Financiación Propia;Completada
VTA006776;11/06/2026;FAC-2026-006776;CLI0075;VEN11;SUC05;WhatsApp;Tarjeta Crédito;Completada
VTA006777;14/03/2026;FAC-2026-006777;CLI0414;VEN12;SUC06;Local;Tarjeta Crédito;Completada
VTA006778;11/06/2025;FAC-2025-006778;CLI0258;VEN03;SUC03;Web;Tarjeta Crédito;Completada
VTA006779;03/05/2025;FAC-2025-006779;CLI0565;VEN12;SUC06;Marketplace;Transferencia;Completada
VTA006780;21/03/2025;FAC-2025-006780;CLI0440;VEN14;SUC02;WhatsApp;Financiación Propia;Completada
VTA006781;15/08/2025;FAC-2025-006781;CLI0590;VEN07;SUC01;Marketplace;Transferencia;Completada
VTA006782;05/04/2025;FAC-2025-006782;CLI0280;VEN07;SUC01;Web;Financiación Propia;Completada
VTA006783;16/01/2026;FAC-2026-006783;CLI0519;VEN16;SUC04;WhatsApp;Efectivo;Completada
VTA006784;22/12/2025;FAC-2025-006784;CLI0181;VEN09;SUC03;WhatsApp;Tarjeta Débito;Completada
VTA006785;08/10/2025;FAC-2025-006785;CLI0077;VEN17;SUC05;Marketplace;Efectivo;Completada
VTA006786;31/01/2026;FAC-2026-006786;CLI0348;VEN14;SUC02;WhatsApp;Transferencia;Pendiente
VTA006787;10/10/2025;FAC-2025-006787;CLI0105;VEN05;SUC05;Marketplace;Tarjeta Crédito;Completada
VTA006788;29/07/2026;FAC-2026-006788;CLI0569;VEN15;SUC03;WhatsApp;Efectivo;Completada
VTA006789;16/01/2025;FAC-2025-006789;CLI0479;VEN02;SUC02;Web;Transferencia;Completada
VTA006790;23/09/2025;FAC-2025-006790;CLI0079;VEN04;SUC04;Marketplace;Tarjeta Crédito;Completada
VTA006791;06/02/2026;FAC-2026-006791;CLI0054;VEN18;SUC06;Marketplace;Tarjeta Débito;Completada
VTA006792;16/04/2026;FAC-2026-006792;CLI0250;VEN01;SUC01;Marketplace;Efectivo;Completada
VTA006793;18/06/2025;FAC-2025-006793;CLI0200;VEN14;SUC02;WhatsApp;Financiación Propia;Completada
VTA006794;13/02/2026;FAC-2026-006794;CLI0303;VEN03;SUC03;Local;Tarjeta Crédito;Completada
VTA006795;21/03/2025;FAC-2025-006795;CLI0170;VEN11;SUC05;Web;Transferencia;Completada
VTA006796;05/01/2026;FAC-2026-006796;CLI0324;VEN12;SUC06;WhatsApp;Transferencia;Completada
VTA006797;11/08/2025;FAC-2025-006797;CLI0227;VEN13;SUC01;WhatsApp;Transferencia;Completada
VTA006798;31/05/2026;FAC-2026-006798;CLI0262;VEN14;SUC02;Web;Tarjeta Débito;Completada
VTA006799;27/08/2025;FAC-2025-006799;CLI0161;VEN04;SUC04;WhatsApp;Tarjeta Crédito;Completada
VTA006800;02/01/2025;FAC-2025-006800;CLI0388;VEN04;SUC04;Web;Transferencia;Completada
VTA006801;14/05/2025;FAC-2025-006801;CLI0450;VEN02;SUC02;Local;Financiación Propia;Completada
VTA006802;12/06/2025;FAC-2025-006802;CLI0148;VEN01;SUC01;WhatsApp;Efectivo;Completada
VTA006803;24/11/2025;FAC-2025-006803;CLI0026;VEN11;SUC05;Web;Efectivo;Completada
VTA006804;02/02/2025;FAC-2025-006804;CLI0382;VEN01;SUC01;Venta Telefónica;Financiación Propia;Completada
VTA006805;25/09/2025;FAC-2025-006805;CLI0505;VEN07;SUC01;Web;Tarjeta Crédito;Completada
VTA006806;30/08/2025;FAC-2025-006806;CLI0064;VEN03;SUC03;Marketplace;Tarjeta Débito;Completada
VTA006807;01/01/2025;FAC-2025-006807;CLI0333;VEN05;SUC05;Web;Financiación Propia;Completada
VTA006808;06/07/2026;FAC-2026-006808;CLI0013;VEN18;SUC06;Local;Transferencia;Completada
VTA006809;26/08/2025;FAC-2025-006809;CLI0599;VEN15;SUC03;WhatsApp;Transferencia;Completada
VTA006810;22/10/2025;FAC-2025-006810;CLI0463;VEN14;SUC02;Venta Telefónica;Tarjeta Crédito;Completada
VTA006811;05/09/2025;FAC-2025-006811;CLI0397;VEN07;SUC01;Web;Efectivo;Completada
VTA006812;18/06/2026;FAC-2026-006812;CLI0215;VEN13;SUC01;Marketplace;Efectivo;Completada
VTA006813;25/07/2025;FAC-2025-006813;CLI0582;VEN03;SUC03;Venta Telefónica;Efectivo;Completada
VTA006814;17/01/2026;FAC-2026-006814;CLI0575;VEN04;SUC04;WhatsApp;Financiación Propia;Completada
VTA006815;01/07/2026;FAC-2026-006815;CLI0324;VEN05;SUC05;Local;Tarjeta Crédito;Completada
VTA006816;22/04/2025;FAC-2025-006816;CLI0196;VEN13;SUC01;Venta Telefónica;Efectivo;Completada
VTA006817;06/07/2025;FAC-2025-006817;CLI0091;VEN06;SUC06;Web;Efectivo;Completada
VTA006818;30/06/2026;FAC-2026-006818;CLI0146;VEN14;SUC02;Marketplace;Transferencia;Completada
VTA006819;06/07/2026;FAC-2026-006819;CLI0259;VEN17;SUC05;Local;Financiación Propia;Completada
VTA006820;16/09/2025;FAC-2025-006820;CLI0597;VEN09;SUC03;Web;Efectivo;Completada
VTA006821;18/03/2025;FAC-2025-006821;CLI0120;VEN01;SUC01;Web;Transferencia;Completada
VTA006822;07/03/2026;FAC-2026-006822;CLI0227;VEN16;SUC04;Marketplace;Tarjeta Débito;Completada
VTA006823;26/10/2025;FAC-2025-006823;CLI0437;VEN18;SUC06;Web;Transferencia;Completada
VTA006824;29/09/2025;FAC-2025-006824;CLI0117;VEN11;SUC05;WhatsApp;Transferencia;Completada
VTA006825;21/07/2026;FAC-2026-006825;CLI0314;VEN02;SUC02;WhatsApp;Financiación Propia;Completada
VTA006826;29/12/2025;FAC-2025-006826;CLI0432;VEN09;SUC03;Local;Efectivo;Completada
VTA006827;31/10/2025;FAC-2025-006827;CLI0461;VEN15;SUC03;WhatsApp;Tarjeta Débito;Completada
VTA006828;14/03/2025;FAC-2025-006828;CLI0081;VEN05;SUC05;Local;Tarjeta Débito;Completada
VTA006829;16/07/2026;FAC-2026-006829;CLI0324;VEN13;SUC01;Local;Transferencia;Completada
VTA006830;01/07/2026;FAC-2026-006830;CLI0112;VEN08;SUC02;Web;Financiación Propia;Completada
VTA006831;27/07/2025;FAC-2025-006831;CLI0122;VEN04;SUC04;WhatsApp;Financiación Propia;Completada
VTA006832;28/02/2026;FAC-2026-006832;CLI0080;VEN05;SUC05;Marketplace;Tarjeta Crédito;Completada
VTA006833;17/03/2025;FAC-2025-006833;CLI0571;VEN18;SUC06;Venta Telefónica;Tarjeta Crédito;Completada
VTA006834;10/02/2026;FAC-2026-006834;CLI0443;VEN18;SUC06;Local;Tarjeta Crédito;Completada
VTA006835;18/07/2026;FAC-2026-006835;CLI0118;VEN13;SUC01;Web;Tarjeta Crédito;Completada
VTA006836;28/08/2025;FAC-2025-006836;CLI0242;VEN02;SUC02;Web;Efectivo;Completada
VTA006837;13/03/2026;FAC-2026-006837;CLI0528;VEN17;SUC05;WhatsApp;Financiación Propia;Completada
VTA006838;22/11/2025;FAC-2025-006838;CLI0162;VEN16;SUC04;Marketplace;Tarjeta Crédito;Completada
VTA006839;19/07/2026;FAC-2026-006839;CLI0452;VEN14;SUC02;WhatsApp;Tarjeta Crédito;Completada
VTA006840;02/03/2026;FAC-2026-006840;CLI0457;VEN15;SUC03;Web;Transferencia;Completada
VTA006841;22/05/2025;FAC-2025-006841;CLI0599;VEN03;SUC03;Venta Telefónica;Efectivo;Completada
VTA006842;25/01/2026;FAC-2026-006842;CLI0382;VEN01;SUC01;WhatsApp;Tarjeta Débito;Pendiente
VTA006843;22/05/2025;FAC-2025-006843;CLI0186;VEN04;SUC04;Marketplace;Transferencia;Completada
VTA006844;30/09/2025;FAC-2025-006844;CLI0346;VEN17;SUC05;Marketplace;Tarjeta Crédito;Cancelada
VTA006845;06/07/2025;FAC-2025-006845;CLI0396;VEN18;SUC06;Web;Financiación Propia;Completada
VTA006846;24/12/2025;FAC-2025-006846;CLI0511;VEN11;SUC05;Web;Tarjeta Crédito;Completada
VTA006847;15/04/2026;FAC-2026-006847;CLI0018;VEN10;SUC04;Web;Efectivo;Completada
VTA006848;02/03/2026;FAC-2026-006848;CLI0539;VEN12;SUC06;WhatsApp;Tarjeta Crédito;Completada
VTA006849;20/06/2026;FAC-2026-006849;CLI0295;VEN14;SUC02;Local;Efectivo;Completada
VTA006850;24/05/2026;FAC-2026-006850;CLI0304;VEN06;SUC06;Web;Tarjeta Débito;Completada
VTA006851;12/03/2025;FAC-2025-006851;CLI0003;VEN12;SUC06;Web;Tarjeta Débito;Completada
VTA006852;29/05/2025;FAC-2025-006852;CLI0089;VEN14;SUC02;Marketplace;Efectivo;Completada
VTA006853;11/07/2025;FAC-2025-006853;CLI0016;VEN09;SUC03;Marketplace;Transferencia;Completada
VTA006854;03/02/2025;FAC-2025-006854;CLI0292;VEN18;SUC06;Marketplace;Tarjeta Crédito;Completada
VTA006855;28/03/2025;FAC-2025-006855;CLI0297;VEN10;SUC04;Local;Tarjeta Débito;Completada
VTA006856;01/12/2025;FAC-2025-006856;CLI0051;VEN03;SUC03;Marketplace;Tarjeta Débito;Completada
VTA006857;24/05/2026;FAC-2026-006857;CLI0002;VEN13;SUC01;Venta Telefónica;Tarjeta Crédito;Completada
VTA006858;06/07/2026;FAC-2026-006858;CLI0395;VEN02;SUC02;WhatsApp;Financiación Propia;Completada
VTA006859;07/02/2026;FAC-2026-006859;CLI0211;VEN14;SUC02;Web;Transferencia;Completada
VTA006860;22/04/2026;FAC-2026-006860;CLI0325;VEN06;SUC06;Venta Telefónica;Tarjeta Crédito;Completada
VTA006861;05/03/2026;FAC-2026-006861;CLI0143;VEN07;SUC01;Local;Transferencia;Completada
VTA006862;08/04/2025;FAC-2025-006862;CLI0057;VEN11;SUC05;Local;Efectivo;Completada
VTA006863;20/12/2025;FAC-2025-006863;CLI0013;VEN18;SUC06;Venta Telefónica;Tarjeta Débito;Completada
VTA006864;12/05/2026;FAC-2026-006864;CLI0224;VEN14;SUC02;Local;Financiación Propia;Completada
VTA006865;16/10/2025;FAC-2025-006865;CLI0084;VEN13;SUC01;Local;Tarjeta Débito;Completada
VTA006866;12/11/2025;FAC-2025-006866;CLI0205;VEN06;SUC06;Marketplace;Financiación Propia;Completada
VTA006867;23/03/2025;FAC-2025-006867;CLI0238;VEN14;SUC02;Venta Telefónica;Financiación Propia;Completada
VTA006868;05/02/2026;FAC-2026-006868;CLI0257;VEN15;SUC03;WhatsApp;Efectivo;Completada
VTA006869;30/01/2025;FAC-2025-006869;CLI0598;VEN10;SUC04;Local;Tarjeta Crédito;Completada
VTA006870;03/02/2026;FAC-2026-006870;CLI0089;VEN10;SUC04;Local;Tarjeta Débito;Completada
VTA006871;22/08/2025;FAC-2025-006871;CLI0334;VEN09;SUC03;Marketplace;Financiación Propia;Completada
VTA006872;01/03/2026;FAC-2026-006872;CLI0050;VEN05;SUC05;Marketplace;Financiación Propia;Completada
VTA006873;31/01/2026;FAC-2026-006873;CLI0184;VEN07;SUC01;WhatsApp;Tarjeta Débito;Completada
VTA006874;03/02/2025;FAC-2025-006874;CLI0475;VEN07;SUC01;Local;Financiación Propia;Completada
VTA006875;20/12/2025;FAC-2025-006875;CLI0037;VEN13;SUC01;Local;Tarjeta Débito;Completada
VTA006876;18/06/2025;FAC-2025-006876;CLI0076;VEN13;SUC01;Web;Tarjeta Crédito;Completada
VTA006877;27/11/2025;FAC-2025-006877;CLI0454;VEN16;SUC04;WhatsApp;Efectivo;Cancelada
VTA006878;14/02/2026;FAC-2026-006878;CLI0240;VEN16;SUC04;WhatsApp;Transferencia;Completada
VTA006879;28/02/2026;FAC-2026-006879;CLI0304;VEN06;SUC06;WhatsApp;Tarjeta Crédito;Completada
VTA006880;04/11/2025;FAC-2025-006880;CLI0488;VEN12;SUC06;Web;Transferencia;Completada
VTA006881;14/08/2025;FAC-2025-006881;CLI0108;VEN10;SUC04;Marketplace;Tarjeta Crédito;Completada
VTA006882;02/03/2026;FAC-2026-006882;CLI0397;VEN05;SUC05;Marketplace;Efectivo;Completada
VTA006883;20/01/2025;FAC-2025-006883;CLI0095;VEN15;SUC03;Web;Tarjeta Débito;Completada
VTA006884;24/10/2025;FAC-2025-006884;CLI0174;VEN12;SUC06;WhatsApp;Tarjeta Crédito;Completada
VTA006885;31/03/2025;FAC-2025-006885;CLI0245;VEN15;SUC03;Local;Financiación Propia;Completada
VTA006886;21/12/2025;FAC-2025-006886;CLI0412;VEN02;SUC02;Web;Efectivo;Completada
VTA006887;21/02/2026;FAC-2026-006887;CLI0598;VEN11;SUC05;Venta Telefónica;Financiación Propia;Completada
VTA006888;20/04/2025;FAC-2025-006888;CLI0075;VEN16;SUC04;Venta Telefónica;Tarjeta Crédito;Completada
VTA006889;23/05/2025;FAC-2025-006889;CLI0011;VEN16;SUC04;Local;Efectivo;Completada
VTA006890;31/03/2025;FAC-2025-006890;CLI0179;VEN07;SUC01;Marketplace;Efectivo;Completada
VTA006891;14/06/2025;FAC-2025-006891;CLI0338;VEN16;SUC04;Venta Telefónica;Transferencia;Completada
VTA006892;18/07/2025;FAC-2025-006892;CLI0020;VEN03;SUC03;Local;Financiación Propia;Completada
VTA006893;09/04/2025;FAC-2025-006893;CLI0248;VEN11;SUC05;Local;Financiación Propia;Completada
VTA006894;08/01/2025;FAC-2025-006894;CLI0460;VEN10;SUC04;Web;Transferencia;Completada
VTA006895;20/02/2025;FAC-2025-006895;CLI0216;VEN01;SUC01;Venta Telefónica;Transferencia;Completada
VTA006896;18/03/2025;FAC-2025-006896;CLI0220;VEN12;SUC06;Venta Telefónica;Tarjeta Débito;Completada
VTA006897;24/04/2026;FAC-2026-006897;CLI0380;VEN04;SUC04;WhatsApp;Transferencia;Completada
VTA006898;24/06/2026;FAC-2026-006898;CLI0164;VEN14;SUC02;Web;Tarjeta Débito;Completada
VTA006899;12/06/2025;FAC-2025-006899;CLI0264;VEN18;SUC06;Marketplace;Financiación Propia;Completada
VTA006900;15/02/2026;FAC-2026-006900;CLI0354;VEN04;SUC04;Venta Telefónica;Efectivo;Completada
VTA006901;30/09/2025;FAC-2025-006901;CLI0193;VEN02;SUC02;Marketplace;Tarjeta Crédito;Completada
VTA006902;14/06/2026;FAC-2026-006902;CLI0272;VEN10;SUC04;Venta Telefónica;Tarjeta Débito;Completada
VTA006903;29/01/2026;FAC-2026-006903;CLI0440;VEN16;SUC04;WhatsApp;Tarjeta Débito;Completada
VTA006904;11/01/2025;FAC-2025-006904;CLI0125;VEN13;SUC01;Venta Telefónica;Tarjeta Débito;Completada
VTA006905;03/07/2025;FAC-2025-006905;CLI0034;VEN16;SUC04;Marketplace;Financiación Propia;Completada
VTA006906;12/09/2025;FAC-2025-006906;CLI0009;VEN10;SUC04;Web;Tarjeta Débito;Completada
VTA006907;15/09/2025;FAC-2025-006907;CLI0555;VEN03;SUC03;Venta Telefónica;Financiación Propia;Completada
VTA006908;21/06/2026;FAC-2026-006908;CLI0569;VEN17;SUC05;WhatsApp;Transferencia;Pendiente
VTA006909;12/01/2025;FAC-2025-006909;CLI0586;VEN11;SUC05;WhatsApp;Efectivo;Completada
VTA006910;11/06/2025;FAC-2025-006910;CLI0106;VEN06;SUC06;Web;Efectivo;Completada
VTA006911;01/01/2026;FAC-2026-006911;CLI0430;VEN18;SUC06;Web;Efectivo;Completada
VTA006912;24/05/2026;FAC-2026-006912;CLI0279;VEN15;SUC03;WhatsApp;Transferencia;Completada
VTA006913;04/08/2025;FAC-2025-006913;CLI0574;VEN01;SUC01;WhatsApp;Transferencia;Completada
VTA006914;22/05/2026;FAC-2026-006914;CLI0382;VEN12;SUC06;Web;Tarjeta Débito;Completada
VTA006915;25/06/2025;FAC-2025-006915;CLI0575;VEN15;SUC03;Venta Telefónica;Financiación Propia;Completada
VTA006916;06/12/2025;FAC-2025-006916;CLI0079;VEN01;SUC01;Web;Efectivo;Completada
VTA006917;11/07/2026;FAC-2026-006917;CLI0307;VEN05;SUC05;Local;Tarjeta Débito;Completada
VTA006918;11/07/2025;FAC-2025-006918;CLI0552;VEN14;SUC02;WhatsApp;Tarjeta Crédito;Completada
VTA006919;20/10/2025;FAC-2025-006919;CLI0166;VEN03;SUC03;WhatsApp;Tarjeta Crédito;Completada
VTA006920;18/02/2025;FAC-2025-006920;CLI0330;VEN16;SUC04;Marketplace;Efectivo;Completada
VTA006921;29/08/2025;FAC-2025-006921;CLI0407;VEN12;SUC06;Venta Telefónica;Financiación Propia;Completada
VTA006922;04/01/2025;FAC-2025-006922;CLI0230;VEN10;SUC04;Marketplace;Tarjeta Crédito;Completada
VTA006923;06/04/2025;FAC-2025-006923;CLI0017;VEN03;SUC03;Marketplace;Transferencia;Completada
VTA006924;04/08/2025;FAC-2025-006924;CLI0551;VEN05;SUC05;Venta Telefónica;Tarjeta Débito;Completada
VTA006925;20/09/2025;FAC-2025-006925;CLI0266;VEN10;SUC04;Local;Financiación Propia;Completada
VTA006926;21/03/2026;FAC-2026-006926;CLI0292;VEN03;SUC03;Web;Tarjeta Crédito;Completada
VTA006927;02/07/2025;FAC-2025-006927;CLI0440;VEN02;SUC02;Web;Transferencia;Completada
VTA006928;25/04/2026;FAC-2026-006928;CLI0216;VEN15;SUC03;Marketplace;Transferencia;Completada
VTA006929;14/03/2026;FAC-2026-006929;CLI0026;VEN08;SUC02;WhatsApp;Transferencia;Completada
VTA006930;31/07/2026;FAC-2026-006930;CLI0066;VEN16;SUC04;Marketplace;Tarjeta Débito;Completada
VTA006931;31/08/2025;FAC-2025-006931;CLI0050;VEN03;SUC03;Web;Efectivo;Completada
VTA006932;21/11/2025;FAC-2025-006932;CLI0539;VEN17;SUC05;Local;Tarjeta Crédito;Completada
VTA006933;04/11/2025;FAC-2025-006933;CLI0117;VEN07;SUC01;Local;Efectivo;Completada
VTA006934;16/01/2026;FAC-2026-006934;CLI0382;VEN01;SUC01;Local;Efectivo;Completada
VTA006935;29/01/2026;FAC-2026-006935;CLI0075;VEN02;SUC02;Marketplace;Tarjeta Crédito;Completada
VTA006936;24/05/2026;FAC-2026-006936;CLI0001;VEN15;SUC03;Venta Telefónica;Financiación Propia;Completada
VTA006937;07/04/2026;FAC-2026-006937;CLI0449;VEN13;SUC01;Web;Transferencia;Completada
VTA006938;14/04/2025;FAC-2025-006938;CLI0127;VEN05;SUC05;WhatsApp;Financiación Propia;Completada
VTA006939;09/12/2025;FAC-2025-006939;CLI0599;VEN15;SUC03;Local;Financiación Propia;Completada
VTA006940;21/09/2025;FAC-2025-006940;CLI0447;VEN17;SUC05;Venta Telefónica;Tarjeta Crédito;Completada
VTA006941;22/07/2026;FAC-2026-006941;CLI0309;VEN12;SUC06;Local;Transferencia;Pendiente
VTA006942;02/04/2026;FAC-2026-006942;CLI0598;VEN16;SUC04;Venta Telefónica;Financiación Propia;Completada
VTA006943;25/06/2025;FAC-2025-006943;CLI0364;VEN03;SUC03;Local;Efectivo;Completada
VTA006944;24/01/2025;FAC-2025-006944;CLI0415;VEN05;SUC05;Marketplace;Transferencia;Completada
VTA006945;16/01/2025;FAC-2025-006945;CLI0568;VEN17;SUC05;Local;Transferencia;Completada
VTA006946;11/07/2025;FAC-2025-006946;CLI0590;VEN12;SUC06;WhatsApp;Transferencia;Completada
VTA006947;12/04/2026;FAC-2026-006947;CLI0342;VEN18;SUC06;Marketplace;Financiación Propia;Completada
VTA006948;31/01/2025;FAC-2025-006948;CLI0043;VEN12;SUC06;Venta Telefónica;Financiación Propia;Completada
VTA006949;17/02/2026;FAC-2026-006949;CLI0235;VEN07;SUC01;Web;Tarjeta Débito;Completada
VTA006950;09/03/2025;FAC-2025-006950;CLI0393;VEN04;SUC04;Web;Tarjeta Débito;Completada
VTA006951;19/01/2026;FAC-2026-006951;CLI0407;VEN13;SUC01;WhatsApp;Efectivo;Pendiente
VTA006952;20/01/2026;FAC-2026-006952;CLI0437;VEN14;SUC02;Marketplace;Efectivo;Completada
VTA006953;23/01/2025;FAC-2025-006953;CLI0031;VEN16;SUC04;Local;Transferencia;Completada
VTA006954;14/02/2026;FAC-2026-006954;CLI0403;VEN04;SUC04;Venta Telefónica;Tarjeta Crédito;Completada
VTA006955;13/11/2025;FAC-2025-006955;CLI0398;VEN02;SUC02;Marketplace;Efectivo;Completada
VTA006956;10/09/2025;FAC-2025-006956;CLI0092;VEN05;SUC05;Local;Tarjeta Crédito;Completada
VTA006957;30/09/2025;FAC-2025-006957;CLI0233;VEN04;SUC04;Web;Tarjeta Débito;Completada
VTA006958;12/01/2026;FAC-2026-006958;CLI0050;VEN07;SUC01;Local;Financiación Propia;Completada
VTA006959;01/04/2026;FAC-2026-006959;CLI0212;VEN09;SUC03;WhatsApp;Transferencia;Completada
VTA006960;05/02/2026;FAC-2026-006960;CLI0017;VEN18;SUC06;Web;Tarjeta Crédito;Completada
VTA006961;01/05/2025;FAC-2025-006961;CLI0059;VEN05;SUC05;Venta Telefónica;Efectivo;Completada
VTA006962;21/04/2025;FAC-2025-006962;CLI0193;VEN17;SUC05;WhatsApp;Tarjeta Débito;Completada
VTA006963;22/09/2025;FAC-2025-006963;CLI0543;VEN11;SUC05;Venta Telefónica;Tarjeta Débito;Completada
VTA006964;14/05/2026;FAC-2026-006964;CLI0248;VEN05;SUC05;Venta Telefónica;Financiación Propia;Completada
VTA006965;22/11/2025;FAC-2025-006965;CLI0289;VEN04;SUC04;Local;Transferencia;Completada
VTA006966;03/02/2025;FAC-2025-006966;CLI0180;VEN11;SUC05;Web;Efectivo;Completada
VTA006967;04/02/2025;FAC-2025-006967;CLI0192;VEN12;SUC06;Local;Transferencia;Completada
VTA006968;03/01/2026;FAC-2026-006968;CLI0192;VEN06;SUC06;Local;Tarjeta Débito;Completada
VTA006969;23/12/2025;FAC-2025-006969;CLI0255;VEN11;SUC05;Marketplace;Efectivo;Completada
VTA006970;05/05/2025;FAC-2025-006970;CLI0581;VEN06;SUC06;Local;Tarjeta Débito;Completada
VTA006971;06/01/2026;FAC-2026-006971;CLI0130;VEN09;SUC03;Web;Financiación Propia;Completada
VTA006972;23/04/2025;FAC-2025-006972;CLI0131;VEN05;SUC05;Web;Financiación Propia;Completada
VTA006973;19/07/2026;FAC-2026-006973;CLI0056;VEN09;SUC03;Marketplace;Financiación Propia;Completada
VTA006974;20/07/2025;FAC-2025-006974;CLI0376;VEN11;SUC05;Marketplace;Tarjeta Débito;Completada
VTA006975;29/06/2026;FAC-2026-006975;CLI0048;VEN17;SUC05;WhatsApp;Financiación Propia;Completada
VTA006976;17/06/2026;FAC-2026-006976;CLI0499;VEN10;SUC04;Local;Efectivo;Completada
VTA006977;11/07/2025;FAC-2025-006977;CLI0338;VEN06;SUC06;Web;Tarjeta Crédito;Completada
VTA006978;08/07/2025;FAC-2025-006978;CLI0080;VEN11;SUC05;Venta Telefónica;Tarjeta Crédito;Completada
VTA006979;01/09/2025;FAC-2025-006979;CLI0030;VEN14;SUC02;Local;Tarjeta Crédito;Completada
VTA006980;04/01/2025;FAC-2025-006980;CLI0460;VEN08;SUC02;WhatsApp;Tarjeta Débito;Completada
VTA006981;20/09/2025;FAC-2025-006981;CLI0054;VEN13;SUC01;Marketplace;Transferencia;Completada
VTA006982;03/02/2026;FAC-2026-006982;CLI0017;VEN07;SUC01;Local;Efectivo;Completada
VTA006983;24/07/2026;FAC-2026-006983;CLI0412;VEN07;SUC01;Marketplace;Tarjeta Débito;Completada
VTA006984;27/02/2025;FAC-2025-006984;CLI0295;VEN06;SUC06;Marketplace;Transferencia;Completada
VTA006985;26/04/2026;FAC-2026-006985;CLI0572;VEN15;SUC03;Web;Tarjeta Débito;Completada
VTA006986;10/02/2025;FAC-2025-006986;CLI0364;VEN18;SUC06;Local;Transferencia;Completada
VTA006987;11/03/2025;FAC-2025-006987;CLI0040;VEN07;SUC01;Venta Telefónica;Tarjeta Débito;Completada
VTA006988;02/07/2026;FAC-2026-006988;CLI0020;VEN18;SUC06;WhatsApp;Efectivo;Completada
VTA006989;23/01/2025;FAC-2025-006989;CLI0513;VEN07;SUC01;Marketplace;Tarjeta Crédito;Cancelada
VTA006990;20/12/2025;FAC-2025-006990;CLI0386;VEN12;SUC06;Marketplace;Financiación Propia;Completada
VTA006991;05/08/2025;FAC-2025-006991;CLI0210;VEN08;SUC02;Web;Financiación Propia;Completada
VTA006992;29/04/2026;FAC-2026-006992;CLI0067;VEN08;SUC02;Local;Financiación Propia;Completada
VTA006993;21/01/2025;FAC-2025-006993;CLI0470;VEN09;SUC03;Venta Telefónica;Transferencia;Completada
VTA006994;22/08/2025;FAC-2025-006994;CLI0474;VEN02;SUC02;Marketplace;Tarjeta Crédito;Completada
VTA006995;22/01/2025;FAC-2025-006995;CLI0060;VEN01;SUC01;WhatsApp;Tarjeta Crédito;Completada
VTA006996;27/02/2026;FAC-2026-006996;CLI0224;VEN12;SUC06;Marketplace;Tarjeta Crédito;Completada
VTA006997;20/05/2026;FAC-2026-006997;CLI0087;VEN15;SUC03;Web;Financiación Propia;Completada
VTA006998;15/02/2025;FAC-2025-006998;CLI0087;VEN17;SUC05;Local;Tarjeta Débito;Completada
VTA006999;17/03/2026;FAC-2026-006999;CLI0034;VEN12;SUC06;Web;Tarjeta Crédito;Completada
VTA007000;08/02/2026;FAC-2026-007000;CLI0340;VEN11;SUC05;Venta Telefónica;Tarjeta Débito;Completada
VTA007001;01/05/2026;FAC-2026-007001;CLI0003;VEN18;SUC06;Local;Tarjeta Débito;Completada
VTA007002;27/10/2025;FAC-2025-007002;CLI0020;VEN04;SUC04;WhatsApp;Tarjeta Débito;Completada
VTA007003;18/06/2025;FAC-2025-007003;CLI0518;VEN07;SUC01;Local;Tarjeta Crédito;Completada
VTA007004;26/06/2026;FAC-2026-007004;CLI0483;VEN05;SUC05;Web;Tarjeta Crédito;Completada
VTA007005;20/02/2025;FAC-2025-007005;CLI0456;VEN01;SUC01;Local;Efectivo;Completada
VTA007006;19/02/2026;FAC-2026-007006;CLI0528;VEN04;SUC04;WhatsApp;Tarjeta Débito;Completada
VTA007007;11/09/2025;FAC-2025-007007;CLI0271;VEN05;SUC05;Web;Efectivo;Completada
VTA007008;18/07/2025;FAC-2025-007008;CLI0453;VEN18;SUC06;Venta Telefónica;Efectivo;Completada
VTA007009;08/06/2025;FAC-2025-007009;CLI0590;VEN07;SUC01;Web;Financiación Propia;Pendiente
VTA007010;01/05/2025;FAC-2025-007010;CLI0485;VEN09;SUC03;Venta Telefónica;Financiación Propia;Completada
VTA007011;10/04/2025;FAC-2025-007011;CLI0490;VEN06;SUC06;Marketplace;Transferencia;Pendiente
VTA007012;12/04/2025;FAC-2025-007012;CLI0111;VEN14;SUC02;WhatsApp;Transferencia;Completada
VTA007013;08/02/2025;FAC-2025-007013;CLI0584;VEN01;SUC01;Marketplace;Tarjeta Crédito;Completada
VTA007014;08/02/2026;FAC-2026-007014;CLI0023;VEN18;SUC06;Local;Efectivo;Completada
VTA007015;28/08/2025;FAC-2025-007015;CLI0115;VEN12;SUC06;WhatsApp;Efectivo;Completada
VTA007016;21/05/2026;FAC-2026-007016;CLI0420;VEN17;SUC05;Local;Tarjeta Crédito;Completada
VTA007017;07/11/2025;FAC-2025-007017;CLI0077;VEN17;SUC05;Web;Transferencia;Completada
VTA007018;03/11/2025;FAC-2025-007018;CLI0248;VEN15;SUC03;Web;Tarjeta Crédito;Completada
VTA007019;10/01/2026;FAC-2026-007019;CLI0006;VEN12;SUC06;WhatsApp;Tarjeta Crédito;Completada
VTA007020;07/04/2025;FAC-2025-007020;CLI0336;VEN15;SUC03;Web;Tarjeta Crédito;Completada
VTA007021;17/06/2026;FAC-2026-007021;CLI0195;VEN09;SUC03;Venta Telefónica;Tarjeta Débito;Completada
VTA007022;27/04/2025;FAC-2025-007022;CLI0206;VEN05;SUC05;Venta Telefónica;Tarjeta Crédito;Completada
VTA007023;26/10/2025;FAC-2025-007023;CLI0422;VEN12;SUC06;Web;Transferencia;Completada
VTA007024;15/03/2025;FAC-2025-007024;CLI0521;VEN08;SUC02;Marketplace;Financiación Propia;Completada
VTA007025;17/04/2025;FAC-2025-007025;CLI0488;VEN09;SUC03;Venta Telefónica;Financiación Propia;Completada
VTA007026;04/06/2026;FAC-2026-007026;CLI0167;VEN04;SUC04;Local;Tarjeta Crédito;Completada
VTA007027;15/11/2025;FAC-2025-007027;CLI0482;VEN15;SUC03;WhatsApp;Transferencia;Completada
VTA007028;16/02/2026;FAC-2026-007028;CLI0385;VEN02;SUC02;Marketplace;Efectivo;Completada
VTA007029;13/06/2025;FAC-2025-007029;CLI0552;VEN02;SUC02;Marketplace;Tarjeta Crédito;Completada
VTA007030;04/01/2026;FAC-2026-007030;CLI0200;VEN02;SUC02;Venta Telefónica;Financiación Propia;Completada
VTA007031;20/05/2026;FAC-2026-007031;CLI0360;VEN08;SUC02;Venta Telefónica;Transferencia;Completada
VTA007032;25/03/2025;FAC-2025-007032;CLI0159;VEN10;SUC04;Local;Efectivo;Completada
VTA007033;28/01/2025;FAC-2025-007033;CLI0023;VEN03;SUC03;Marketplace;Financiación Propia;Completada
VTA007034;29/03/2026;FAC-2026-007034;CLI0069;VEN12;SUC06;Local;Transferencia;Completada
VTA007035;06/11/2025;FAC-2025-007035;CLI0541;VEN11;SUC05;Marketplace;Financiación Propia;Completada
VTA007036;22/02/2025;FAC-2025-007036;CLI0473;VEN08;SUC02;Web;Efectivo;Completada
VTA007037;22/12/2025;FAC-2025-007037;CLI0451;VEN04;SUC04;Marketplace;Financiación Propia;Completada
VTA007038;16/02/2026;FAC-2026-007038;CLI0313;VEN15;SUC03;Marketplace;Tarjeta Débito;Cancelada
VTA007039;16/06/2026;FAC-2026-007039;CLI0136;VEN04;SUC04;Local;Transferencia;Completada
VTA007040;29/01/2025;FAC-2025-007040;CLI0458;VEN11;SUC05;Marketplace;Tarjeta Débito;Completada
VTA007041;17/03/2025;FAC-2025-007041;CLI0527;VEN01;SUC01;Local;Financiación Propia;Completada
VTA007042;22/04/2026;FAC-2026-007042;CLI0256;VEN06;SUC06;WhatsApp;Tarjeta Débito;Completada
VTA007043;09/02/2026;FAC-2026-007043;CLI0158;VEN02;SUC02;Local;Tarjeta Crédito;Completada
VTA007044;20/09/2025;FAC-2025-007044;CLI0455;VEN09;SUC03;Local;Financiación Propia;Completada
VTA007045;17/06/2025;FAC-2025-007045;CLI0495;VEN12;SUC06;Web;Efectivo;Completada
VTA007046;20/02/2026;FAC-2026-007046;CLI0384;VEN14;SUC02;Marketplace;Tarjeta Crédito;Completada
VTA007047;04/07/2026;FAC-2026-007047;CLI0094;VEN04;SUC04;WhatsApp;Tarjeta Crédito;Completada
VTA007048;10/04/2026;FAC-2026-007048;CLI0033;VEN03;SUC03;Marketplace;Financiación Propia;Completada
VTA007049;24/03/2025;FAC-2025-007049;CLI0059;VEN11;SUC05;Marketplace;Efectivo;Completada
VTA007050;18/07/2026;FAC-2026-007050;CLI0231;VEN11;SUC05;Local;Tarjeta Crédito;Completada
VTA007051;04/03/2025;FAC-2025-007051;CLI0249;VEN01;SUC01;Marketplace;Efectivo;Completada
VTA007052;22/03/2026;FAC-2026-007052;CLI0022;VEN13;SUC01;Local;Financiación Propia;Completada
VTA007053;30/04/2025;FAC-2025-007053;CLI0061;VEN05;SUC05;Local;Transferencia;Completada
VTA007054;03/02/2026;FAC-2026-007054;CLI0192;VEN02;SUC02;Local;Financiación Propia;Completada
VTA007055;19/10/2025;FAC-2025-007055;CLI0157;VEN11;SUC05;WhatsApp;Financiación Propia;Completada
VTA007056;05/10/2025;FAC-2025-007056;CLI0539;VEN18;SUC06;Web;Efectivo;Completada
VTA007057;28/03/2025;FAC-2025-007057;CLI0516;VEN04;SUC04;Local;Tarjeta Crédito;Completada
VTA007058;07/01/2025;FAC-2025-007058;CLI0062;VEN08;SUC02;Web;Tarjeta Débito;Completada
VTA007059;05/07/2026;FAC-2026-007059;CLI0029;VEN05;SUC05;Venta Telefónica;Tarjeta Débito;Completada
VTA007060;29/11/2025;FAC-2025-007060;CLI0010;VEN15;SUC03;Venta Telefónica;Transferencia;Completada
VTA007061;01/06/2026;FAC-2026-007061;CLI0226;VEN06;SUC06;Marketplace;Transferencia;Completada
VTA007062;29/10/2025;FAC-2025-007062;CLI0183;VEN13;SUC01;Local;Tarjeta Débito;Completada
VTA007063;09/02/2025;FAC-2025-007063;CLI0227;VEN11;SUC05;Marketplace;Efectivo;Completada
VTA007064;13/06/2026;FAC-2026-007064;CLI0388;VEN13;SUC01;Marketplace;Financiación Propia;Completada
VTA007065;20/06/2025;FAC-2025-007065;CLI0370;VEN13;SUC01;Local;Financiación Propia;Completada
VTA007066;08/04/2026;FAC-2026-007066;CLI0329;VEN17;SUC05;Local;Financiación Propia;Completada
VTA007067;09/08/2025;FAC-2025-007067;CLI0150;VEN13;SUC01;Web;Transferencia;Completada
VTA007068;21/06/2026;FAC-2026-007068;CLI0422;VEN11;SUC05;Web;Tarjeta Crédito;Completada
VTA007069;17/01/2025;FAC-2025-007069;CLI0292;VEN10;SUC04;Web;Transferencia;Completada
VTA007070;08/01/2026;FAC-2026-007070;CLI0064;VEN12;SUC06;Local;Efectivo;Completada
VTA007071;26/04/2025;FAC-2025-007071;CLI0507;VEN07;SUC01;WhatsApp;Tarjeta Crédito;Completada
VTA007072;05/09/2025;FAC-2025-007072;CLI0571;VEN13;SUC01;Venta Telefónica;Efectivo;Completada
VTA007073;12/05/2026;FAC-2026-007073;CLI0499;VEN10;SUC04;Web;Tarjeta Débito;Completada
VTA007074;08/07/2025;FAC-2025-007074;CLI0560;VEN14;SUC02;Marketplace;Transferencia;Completada
VTA007075;06/02/2025;FAC-2025-007075;CLI0486;VEN05;SUC05;Venta Telefónica;Efectivo;Completada
VTA007076;08/02/2026;FAC-2026-007076;CLI0109;VEN11;SUC05;Local;Transferencia;Completada
VTA007077;12/02/2025;FAC-2025-007077;CLI0527;VEN03;SUC03;WhatsApp;Tarjeta Débito;Completada
VTA007078;15/04/2025;FAC-2025-007078;CLI0311;VEN06;SUC06;Venta Telefónica;Efectivo;Completada
VTA007079;15/07/2026;FAC-2026-007079;CLI0300;VEN06;SUC06;Venta Telefónica;Tarjeta Crédito;Completada
VTA007080;28/08/2025;FAC-2025-007080;CLI0127;VEN08;SUC02;Venta Telefónica;Transferencia;Completada
VTA007081;12/03/2025;FAC-2025-007081;CLI0469;VEN09;SUC03;Local;Efectivo;Completada
VTA007082;13/12/2025;FAC-2025-007082;CLI0247;VEN06;SUC06;Marketplace;Tarjeta Crédito;Completada
VTA007083;20/11/2025;FAC-2025-007083;CLI0215;VEN03;SUC03;Marketplace;Tarjeta Crédito;Completada
VTA007084;15/04/2026;FAC-2026-007084;CLI0273;VEN11;SUC05;Venta Telefónica;Efectivo;Completada
VTA007085;30/10/2025;FAC-2025-007085;CLI0122;VEN06;SUC06;Marketplace;Tarjeta Crédito;Completada
VTA007086;11/07/2026;FAC-2026-007086;CLI0115;VEN11;SUC05;WhatsApp;Transferencia;Pendiente
VTA007087;15/05/2025;FAC-2025-007087;CLI0298;VEN03;SUC03;Local;Efectivo;Completada
VTA007088;09/08/2025;FAC-2025-007088;CLI0294;VEN06;SUC06;Local;Efectivo;Completada
VTA007089;11/03/2026;FAC-2026-007089;CLI0003;VEN02;SUC02;Venta Telefónica;Transferencia;Completada
VTA007090;20/06/2026;FAC-2026-007090;CLI0304;VEN08;SUC02;Venta Telefónica;Financiación Propia;Completada
VTA007091;30/11/2025;FAC-2025-007091;CLI0594;VEN13;SUC01;Marketplace;Tarjeta Crédito;Completada
VTA007092;22/08/2025;FAC-2025-007092;CLI0074;VEN04;SUC04;Web;Financiación Propia;Completada
VTA007093;30/07/2025;FAC-2025-007093;CLI0249;VEN16;SUC04;Venta Telefónica;Transferencia;Completada
VTA007094;06/04/2026;FAC-2026-007094;CLI0157;VEN09;SUC03;Venta Telefónica;Financiación Propia;Completada
VTA007095;20/04/2026;FAC-2026-007095;CLI0505;VEN03;SUC03;WhatsApp;Transferencia;Completada
VTA007096;09/06/2026;FAC-2026-007096;CLI0311;VEN14;SUC02;Local;Financiación Propia;Completada
VTA007097;14/04/2025;FAC-2025-007097;CLI0021;VEN08;SUC02;WhatsApp;Tarjeta Crédito;Completada
VTA007098;19/07/2026;FAC-2026-007098;CLI0469;VEN17;SUC05;Marketplace;Tarjeta Débito;Completada
VTA007099;06/03/2026;FAC-2026-007099;CLI0141;VEN02;SUC02;Venta Telefónica;Financiación Propia;Completada
VTA007100;26/01/2025;FAC-2025-007100;CLI0023;VEN07;SUC01;Venta Telefónica;Efectivo;Completada
VTA007101;31/05/2025;FAC-2025-007101;CLI0311;VEN18;SUC06;WhatsApp;Transferencia;Completada
VTA007102;27/03/2026;FAC-2026-007102;CLI0324;VEN10;SUC04;Local;Efectivo;Completada
VTA007103;23/05/2025;FAC-2025-007103;CLI0111;VEN18;SUC06;Marketplace;Financiación Propia;Completada
VTA007104;23/07/2025;FAC-2025-007104;CLI0318;VEN13;SUC01;Venta Telefónica;Transferencia;Completada
VTA007105;17/05/2026;FAC-2026-007105;CLI0271;VEN17;SUC05;Venta Telefónica;Tarjeta Débito;Completada
VTA007106;18/03/2026;FAC-2026-007106;CLI0282;VEN15;SUC03;Local;Financiación Propia;Cancelada
VTA007107;13/10/2025;FAC-2025-007107;CLI0495;VEN04;SUC04;WhatsApp;Tarjeta Crédito;Completada
VTA007108;04/03/2026;FAC-2026-007108;CLI0060;VEN04;SUC04;WhatsApp;Tarjeta Crédito;Completada
VTA007109;25/01/2026;FAC-2026-007109;CLI0375;VEN09;SUC03;WhatsApp;Transferencia;Completada
VTA007110;15/03/2026;FAC-2026-007110;CLI0349;VEN02;SUC02;Local;Efectivo;Completada
VTA007111;11/03/2025;FAC-2025-007111;CLI0224;VEN05;SUC05;Marketplace;Transferencia;Completada
VTA007112;30/05/2026;FAC-2026-007112;CLI0281;VEN18;SUC06;WhatsApp;Efectivo;Completada
VTA007113;09/06/2025;FAC-2025-007113;CLI0092;VEN16;SUC04;Marketplace;Tarjeta Débito;Completada
VTA007114;02/01/2025;FAC-2025-007114;CLI0471;VEN11;SUC05;WhatsApp;Tarjeta Débito;Completada
VTA007115;07/07/2025;FAC-2025-007115;CLI0457;VEN06;SUC06;Web;Tarjeta Débito;Completada
VTA007116;20/06/2025;FAC-2025-007116;CLI0316;VEN10;SUC04;Web;Tarjeta Débito;Cancelada
VTA007117;10/11/2025;FAC-2025-007117;CLI0406;VEN05;SUC05;Marketplace;Transferencia;Pendiente
VTA007118;28/02/2025;FAC-2025-007118;CLI0250;VEN18;SUC06;WhatsApp;Tarjeta Débito;Pendiente
VTA007119;30/04/2026;FAC-2026-007119;CLI0268;VEN16;SUC04;Marketplace;Financiación Propia;Completada
VTA007120;09/07/2025;FAC-2025-007120;CLI0483;VEN12;SUC06;Local;Tarjeta Crédito;Completada
VTA007121;09/06/2025;FAC-2025-007121;CLI0102;VEN10;SUC04;Venta Telefónica;Tarjeta Débito;Completada
VTA007122;19/04/2025;FAC-2025-007122;CLI0026;VEN01;SUC01;Local;Efectivo;Completada
VTA007123;19/06/2026;FAC-2026-007123;CLI0256;VEN07;SUC01;Local;Transferencia;Completada
VTA007124;05/07/2026;FAC-2026-007124;CLI0415;VEN15;SUC03;Web;Financiación Propia;Completada
VTA007125;19/03/2026;FAC-2026-007125;CLI0107;VEN10;SUC04;WhatsApp;Tarjeta Débito;Completada
VTA007126;05/01/2026;FAC-2026-007126;CLI0382;VEN12;SUC06;Web;Tarjeta Débito;Completada
VTA007127;25/03/2026;FAC-2026-007127;CLI0034;VEN13;SUC01;Marketplace;Financiación Propia;Completada
VTA007128;26/04/2025;FAC-2025-007128;CLI0488;VEN12;SUC06;Local;Financiación Propia;Completada
VTA007129;02/01/2026;FAC-2026-007129;CLI0219;VEN03;SUC03;WhatsApp;Financiación Propia;Completada
VTA007130;13/01/2026;FAC-2026-007130;CLI0599;VEN16;SUC04;Web;Efectivo;Completada
VTA007131;29/03/2025;FAC-2025-007131;CLI0531;VEN04;SUC04;Venta Telefónica;Tarjeta Débito;Completada
VTA007132;20/01/2025;FAC-2025-007132;CLI0090;VEN03;SUC03;WhatsApp;Tarjeta Débito;Completada
VTA007133;05/02/2026;FAC-2026-007133;CLI0426;VEN10;SUC04;Web;Financiación Propia;Completada
VTA007134;03/07/2026;FAC-2026-007134;CLI0398;VEN09;SUC03;Local;Transferencia;Completada
VTA007135;10/05/2026;FAC-2026-007135;CLI0582;VEN18;SUC06;Local;Efectivo;Completada
VTA007136;27/01/2025;FAC-2025-007136;CLI0434;VEN13;SUC01;Web;Efectivo;Completada
VTA007137;18/04/2025;FAC-2025-007137;CLI0285;VEN05;SUC05;Venta Telefónica;Efectivo;Completada
VTA007138;10/01/2025;FAC-2025-007138;CLI0580;VEN18;SUC06;Venta Telefónica;Financiación Propia;Completada
VTA007139;09/06/2025;FAC-2025-007139;CLI0580;VEN12;SUC06;Web;Financiación Propia;Completada
VTA007140;09/05/2025;FAC-2025-007140;CLI0052;VEN11;SUC05;Web;Financiación Propia;Completada
VTA007141;03/06/2026;FAC-2026-007141;CLI0164;VEN17;SUC05;Local;Tarjeta Crédito;Completada
VTA007142;21/07/2026;FAC-2026-007142;CLI0068;VEN13;SUC01;Web;Transferencia;Completada
VTA007143;27/08/2025;FAC-2025-007143;CLI0438;VEN18;SUC06;WhatsApp;Financiación Propia;Completada
VTA007144;10/02/2026;FAC-2026-007144;CLI0093;VEN16;SUC04;Local;Transferencia;Completada
VTA007145;28/07/2025;FAC-2025-007145;CLI0398;VEN12;SUC06;Marketplace;Transferencia;Completada
VTA007146;10/04/2026;FAC-2026-007146;CLI0522;VEN01;SUC01;WhatsApp;Financiación Propia;Completada
VTA007147;29/04/2025;FAC-2025-007147;CLI0217;VEN01;SUC01;Local;Tarjeta Débito;Completada
VTA007148;28/03/2025;FAC-2025-007148;CLI0456;VEN15;SUC03;Marketplace;Tarjeta Débito;Completada
VTA007149;21/09/2025;FAC-2025-007149;CLI0197;VEN12;SUC06;Web;Financiación Propia;Completada
VTA007150;03/06/2026;FAC-2026-007150;CLI0043;VEN18;SUC06;WhatsApp;Transferencia;Completada
VTA007151;10/10/2025;FAC-2025-007151;CLI0504;VEN07;SUC01;Web;Tarjeta Crédito;Completada
VTA007152;01/02/2026;FAC-2026-007152;CLI0206;VEN05;SUC05;Venta Telefónica;Transferencia;Completada
VTA007153;21/06/2025;FAC-2025-007153;CLI0077;VEN11;SUC05;Local;Tarjeta Crédito;Completada
VTA007154;06/12/2025;FAC-2025-007154;CLI0209;VEN01;SUC01;Marketplace;Transferencia;Pendiente
VTA007155;20/10/2025;FAC-2025-007155;CLI0135;VEN10;SUC04;Venta Telefónica;Financiación Propia;Completada
VTA007156;26/11/2025;FAC-2025-007156;CLI0594;VEN17;SUC05;WhatsApp;Transferencia;Completada
VTA007157;25/08/2025;FAC-2025-007157;CLI0440;VEN02;SUC02;Web;Financiación Propia;Completada
VTA007158;14/04/2025;FAC-2025-007158;CLI0482;VEN02;SUC02;Local;Tarjeta Crédito;Completada
VTA007159;02/02/2025;FAC-2025-007159;CLI0028;VEN01;SUC01;Web;Efectivo;Completada
VTA007160;06/07/2026;FAC-2026-007160;CLI0351;VEN06;SUC06;Venta Telefónica;Financiación Propia;Completada
VTA007161;23/07/2026;FAC-2026-007161;CLI0337;VEN16;SUC04;WhatsApp;Tarjeta Débito;Completada
VTA007162;24/01/2025;FAC-2025-007162;CLI0382;VEN12;SUC06;Venta Telefónica;Transferencia;Completada
VTA007163;25/04/2025;FAC-2025-007163;CLI0113;VEN07;SUC01;Web;Financiación Propia;Completada
VTA007164;18/09/2025;FAC-2025-007164;CLI0254;VEN02;SUC02;Venta Telefónica;Efectivo;Completada
VTA007165;17/03/2026;FAC-2026-007165;CLI0100;VEN17;SUC05;Marketplace;Transferencia;Completada
VTA007166;17/02/2026;FAC-2026-007166;CLI0293;VEN10;SUC04;WhatsApp;Efectivo;Completada
VTA007167;17/02/2025;FAC-2025-007167;CLI0221;VEN09;SUC03;WhatsApp;Efectivo;Completada
VTA007168;04/03/2026;FAC-2026-007168;CLI0464;VEN08;SUC02;Web;Tarjeta Crédito;Completada
VTA007169;23/09/2025;FAC-2025-007169;CLI0463;VEN18;SUC06;Local;Transferencia;Completada
VTA007170;11/05/2026;FAC-2026-007170;CLI0158;VEN03;SUC03;Web;Efectivo;Completada
VTA007171;10/06/2026;FAC-2026-007171;CLI0140;VEN02;SUC02;Marketplace;Transferencia;Completada
VTA007172;28/02/2026;FAC-2026-007172;CLI0223;VEN17;SUC05;Marketplace;Financiación Propia;Completada
VTA007173;09/07/2025;FAC-2025-007173;CLI0227;VEN05;SUC05;Venta Telefónica;Efectivo;Completada
VTA007174;13/03/2025;FAC-2025-007174;CLI0456;VEN06;SUC06;Local;Efectivo;Completada
VTA007175;17/12/2025;FAC-2025-007175;CLI0018;VEN17;SUC05;Marketplace;Tarjeta Débito;Completada
VTA007176;10/05/2025;FAC-2025-007176;CLI0157;VEN18;SUC06;Marketplace;Transferencia;Completada
VTA007177;07/10/2025;FAC-2025-007177;CLI0276;VEN11;SUC05;Marketplace;Tarjeta Crédito;Completada
VTA007178;12/07/2026;FAC-2026-007178;CLI0317;VEN18;SUC06;Venta Telefónica;Transferencia;Completada
VTA007179;25/01/2026;FAC-2026-007179;CLI0274;VEN13;SUC01;Local;Tarjeta Débito;Completada
VTA007180;20/06/2025;FAC-2025-007180;CLI0134;VEN07;SUC01;WhatsApp;Financiación Propia;Completada
VTA007181;24/05/2025;FAC-2025-007181;CLI0258;VEN02;SUC02;WhatsApp;Efectivo;Completada
VTA007182;23/02/2026;FAC-2026-007182;CLI0200;VEN16;SUC04;WhatsApp;Efectivo;Completada
VTA007183;22/07/2026;FAC-2026-007183;CLI0416;VEN15;SUC03;Venta Telefónica;Tarjeta Débito;Completada
VTA007184;22/06/2026;FAC-2026-007184;CLI0247;VEN07;SUC01;Local;Financiación Propia;Completada
VTA007185;28/04/2025;FAC-2025-007185;CLI0133;VEN01;SUC01;Marketplace;Tarjeta Crédito;Completada
VTA007186;08/07/2025;FAC-2025-007186;CLI0225;VEN02;SUC02;WhatsApp;Tarjeta Crédito;Completada
VTA007187;11/10/2025;FAC-2025-007187;CLI0520;VEN14;SUC02;Local;Tarjeta Crédito;Completada
VTA007188;14/06/2025;FAC-2025-007188;CLI0320;VEN05;SUC05;WhatsApp;Transferencia;Completada
VTA007189;14/01/2026;FAC-2026-007189;CLI0595;VEN13;SUC01;Venta Telefónica;Transferencia;Completada
VTA007190;20/05/2026;FAC-2026-007190;CLI0042;VEN07;SUC01;WhatsApp;Transferencia;Completada
VTA007191;12/08/2025;FAC-2025-007191;CLI0090;VEN03;SUC03;Web;Efectivo;Completada
VTA007192;21/12/2025;FAC-2025-007192;CLI0130;VEN05;SUC05;Web;Tarjeta Débito;Completada
VTA007193;06/10/2025;FAC-2025-007193;CLI0121;VEN09;SUC03;Web;Efectivo;Completada
VTA007194;27/11/2025;FAC-2025-007194;CLI0019;VEN02;SUC02;Marketplace;Transferencia;Completada
VTA007195;06/09/2025;FAC-2025-007195;CLI0164;VEN01;SUC01;WhatsApp;Tarjeta Crédito;Completada
VTA007196;23/10/2025;FAC-2025-007196;CLI0134;VEN05;SUC05;WhatsApp;Financiación Propia;Completada
VTA007197;25/03/2026;FAC-2026-007197;CLI0087;VEN17;SUC05;Web;Tarjeta Débito;Completada
VTA007198;11/09/2025;FAC-2025-007198;CLI0584;VEN04;SUC04;WhatsApp;Efectivo;Completada
VTA007199;22/05/2026;FAC-2026-007199;CLI0129;VEN11;SUC05;Venta Telefónica;Tarjeta Crédito;Completada
VTA007200;31/07/2026;FAC-2026-007200;CLI0445;VEN15;SUC03;Web;Financiación Propia;Completada
VTA007201;13/07/2025;FAC-2025-007201;CLI0265;VEN08;SUC02;Venta Telefónica;Financiación Propia;Completada
VTA007202;26/07/2026;FAC-2026-007202;CLI0530;VEN06;SUC06;WhatsApp;Tarjeta Crédito;Completada
VTA007203;08/07/2026;FAC-2026-007203;CLI0142;VEN04;SUC04;Web;Transferencia;Completada
VTA007204;20/02/2026;FAC-2026-007204;CLI0237;VEN03;SUC03;Marketplace;Financiación Propia;Completada
VTA007205;14/08/2025;FAC-2025-007205;CLI0346;VEN14;SUC02;Venta Telefónica;Efectivo;Completada
VTA007206;04/06/2025;FAC-2025-007206;CLI0589;VEN01;SUC01;Marketplace;Financiación Propia;Completada
VTA007207;06/05/2026;FAC-2026-007207;CLI0230;VEN01;SUC01;Web;Tarjeta Crédito;Completada
VTA007208;07/08/2025;FAC-2025-007208;CLI0086;VEN07;SUC01;Marketplace;Efectivo;Completada
VTA007209;08/02/2026;FAC-2026-007209;CLI0365;VEN01;SUC01;WhatsApp;Financiación Propia;Completada
VTA007210;25/07/2025;FAC-2025-007210;CLI0321;VEN15;SUC03;Marketplace;Tarjeta Crédito;Completada
VTA007211;05/02/2026;FAC-2026-007211;CLI0095;VEN02;SUC02;Marketplace;Tarjeta Crédito;Completada
VTA007212;06/03/2026;FAC-2026-007212;CLI0007;VEN16;SUC04;Web;Efectivo;Completada
VTA007213;21/08/2025;FAC-2025-007213;CLI0008;VEN01;SUC01;Marketplace;Efectivo;Completada
VTA007214;06/04/2025;FAC-2025-007214;CLI0112;VEN07;SUC01;Venta Telefónica;Transferencia;Completada
VTA007215;22/03/2025;FAC-2025-007215;CLI0022;VEN11;SUC05;Web;Financiación Propia;Completada
VTA007216;20/04/2025;FAC-2025-007216;CLI0236;VEN10;SUC04;Venta Telefónica;Tarjeta Débito;Completada
VTA007217;03/07/2025;FAC-2025-007217;CLI0094;VEN15;SUC03;Venta Telefónica;Efectivo;Completada
VTA007218;01/04/2025;FAC-2025-007218;CLI0085;VEN13;SUC01;Marketplace;Transferencia;Completada
VTA007219;14/04/2026;FAC-2026-007219;CLI0598;VEN12;SUC06;Marketplace;Financiación Propia;Completada
VTA007220;19/07/2026;FAC-2026-007220;CLI0425;VEN03;SUC03;Marketplace;Tarjeta Débito;Completada
VTA007221;08/12/2025;FAC-2025-007221;CLI0283;VEN13;SUC01;Venta Telefónica;Efectivo;Completada
VTA007222;14/06/2025;FAC-2025-007222;CLI0293;VEN05;SUC05;WhatsApp;Tarjeta Crédito;Completada
VTA007223;04/05/2025;FAC-2025-007223;CLI0557;VEN08;SUC02;Marketplace;Efectivo;Completada
VTA007224;09/06/2025;FAC-2025-007224;CLI0399;VEN03;SUC03;WhatsApp;Efectivo;Completada
VTA007225;08/06/2026;FAC-2026-007225;CLI0111;VEN10;SUC04;Web;Transferencia;Completada
VTA007226;02/10/2025;FAC-2025-007226;CLI0547;VEN18;SUC06;Venta Telefónica;Efectivo;Completada
VTA007227;16/08/2025;FAC-2025-007227;CLI0398;VEN04;SUC04;WhatsApp;Transferencia;Completada
VTA007228;19/11/2025;FAC-2025-007228;CLI0455;VEN18;SUC06;Venta Telefónica;Transferencia;Cancelada
VTA007229;16/05/2025;FAC-2025-007229;CLI0597;VEN11;SUC05;Local;Financiación Propia;Completada
VTA007230;09/03/2026;FAC-2026-007230;CLI0076;VEN03;SUC03;Marketplace;Transferencia;Pendiente
VTA007231;09/01/2025;FAC-2025-007231;CLI0288;VEN18;SUC06;Web;Efectivo;Completada
VTA007232;17/06/2026;FAC-2026-007232;CLI0040;VEN12;SUC06;WhatsApp;Financiación Propia;Completada
VTA007233;11/04/2026;FAC-2026-007233;CLI0002;VEN07;SUC01;Web;Financiación Propia;Completada
VTA007234;19/09/2025;FAC-2025-007234;CLI0563;VEN15;SUC03;Marketplace;Tarjeta Crédito;Completada
VTA007235;01/09/2025;FAC-2025-007235;CLI0152;VEN02;SUC02;Local;Tarjeta Crédito;Completada
VTA007236;21/01/2026;FAC-2026-007236;CLI0040;VEN14;SUC02;Marketplace;Tarjeta Crédito;Completada
VTA007237;02/12/2025;FAC-2025-007237;CLI0249;VEN16;SUC04;Venta Telefónica;Tarjeta Débito;Completada
VTA007238;18/04/2025;FAC-2025-007238;CLI0588;VEN15;SUC03;Marketplace;Financiación Propia;Completada
VTA007239;20/09/2025;FAC-2025-007239;CLI0577;VEN09;SUC03;WhatsApp;Financiación Propia;Completada
VTA007240;05/03/2026;FAC-2026-007240;CLI0337;VEN07;SUC01;Marketplace;Tarjeta Débito;Completada
VTA007241;22/07/2025;FAC-2025-007241;CLI0265;VEN13;SUC01;Local;Efectivo;Pendiente
VTA007242;06/09/2025;FAC-2025-007242;CLI0547;VEN01;SUC01;Web;Tarjeta Débito;Completada
VTA007243;04/08/2025;FAC-2025-007243;CLI0102;VEN08;SUC02;Local;Efectivo;Completada
VTA007244;16/08/2025;FAC-2025-007244;CLI0130;VEN17;SUC05;Local;Tarjeta Crédito;Completada
VTA007245;28/05/2026;FAC-2026-007245;CLI0371;VEN03;SUC03;Web;Tarjeta Crédito;Completada
VTA007246;06/07/2026;FAC-2026-007246;CLI0414;VEN01;SUC01;Venta Telefónica;Transferencia;Completada
VTA007247;17/02/2026;FAC-2026-007247;CLI0312;VEN12;SUC06;Local;Tarjeta Débito;Completada
VTA007248;07/05/2026;FAC-2026-007248;CLI0227;VEN11;SUC05;Local;Financiación Propia;Cancelada
VTA007249;08/10/2025;FAC-2025-007249;CLI0485;VEN07;SUC01;Marketplace;Financiación Propia;Completada
VTA007250;14/07/2025;FAC-2025-007250;CLI0492;VEN04;SUC04;Venta Telefónica;Tarjeta Crédito;Completada
VTA007251;07/03/2025;FAC-2025-007251;CLI0069;VEN01;SUC01;WhatsApp;Tarjeta Débito;Completada
VTA007252;25/03/2026;FAC-2026-007252;CLI0162;VEN13;SUC01;WhatsApp;Tarjeta Crédito;Completada
VTA007253;29/05/2025;FAC-2025-007253;CLI0341;VEN09;SUC03;Web;Tarjeta Crédito;Completada
VTA007254;27/03/2026;FAC-2026-007254;CLI0185;VEN10;SUC04;Local;Efectivo;Completada
VTA007255;08/03/2025;FAC-2025-007255;CLI0106;VEN06;SUC06;Marketplace;Tarjeta Crédito;Completada
VTA007256;03/08/2025;FAC-2025-007256;CLI0076;VEN08;SUC02;Local;Tarjeta Crédito;Completada
VTA007257;23/09/2025;FAC-2025-007257;CLI0459;VEN10;SUC04;WhatsApp;Efectivo;Completada
VTA007258;03/02/2025;FAC-2025-007258;CLI0383;VEN14;SUC02;Venta Telefónica;Efectivo;Completada
VTA007259;20/08/2025;FAC-2025-007259;CLI0163;VEN07;SUC01;Local;Efectivo;Completada
VTA007260;20/02/2025;FAC-2025-007260;CLI0241;VEN08;SUC02;WhatsApp;Transferencia;Completada
VTA007261;26/07/2025;FAC-2025-007261;CLI0531;VEN18;SUC06;WhatsApp;Tarjeta Crédito;Pendiente
VTA007262;27/01/2025;FAC-2025-007262;CLI0156;VEN08;SUC02;Venta Telefónica;Efectivo;Completada
VTA007263;06/02/2026;FAC-2026-007263;CLI0052;VEN01;SUC01;Marketplace;Tarjeta Débito;Completada
VTA007264;27/02/2026;FAC-2026-007264;CLI0585;VEN15;SUC03;Local;Financiación Propia;Completada
VTA007265;30/05/2026;FAC-2026-007265;CLI0337;VEN13;SUC01;Venta Telefónica;Tarjeta Crédito;Completada
VTA007266;21/02/2025;FAC-2025-007266;CLI0523;VEN04;SUC04;Venta Telefónica;Financiación Propia;Completada
VTA007267;10/04/2025;FAC-2025-007267;CLI0418;VEN11;SUC05;Local;Financiación Propia;Completada
VTA007268;19/03/2026;FAC-2026-007268;CLI0150;VEN09;SUC03;Local;Financiación Propia;Completada
VTA007269;27/07/2026;FAC-2026-007269;CLI0066;VEN04;SUC04;WhatsApp;Tarjeta Débito;Completada
VTA007270;19/04/2025;FAC-2025-007270;CLI0102;VEN01;SUC01;Local;Financiación Propia;Completada
VTA007271;29/03/2026;FAC-2026-007271;CLI0076;VEN13;SUC01;Local;Efectivo;Completada
VTA007272;16/02/2025;FAC-2025-007272;CLI0375;VEN06;SUC06;WhatsApp;Tarjeta Débito;Completada
VTA007273;14/01/2026;FAC-2026-007273;CLI0416;VEN11;SUC05;Venta Telefónica;Tarjeta Débito;Completada
VTA007274;02/07/2026;FAC-2026-007274;CLI0245;VEN11;SUC05;Web;Financiación Propia;Completada
VTA007275;08/01/2025;FAC-2025-007275;CLI0458;VEN08;SUC02;Local;Efectivo;Cancelada
VTA007276;25/01/2026;FAC-2026-007276;CLI0371;VEN06;SUC06;Venta Telefónica;Financiación Propia;Completada
VTA007277;19/09/2025;FAC-2025-007277;CLI0433;VEN10;SUC04;Local;Tarjeta Crédito;Completada
VTA007278;29/10/2025;FAC-2025-007278;CLI0082;VEN01;SUC01;Web;Tarjeta Crédito;Completada
VTA007279;16/05/2026;FAC-2026-007279;CLI0003;VEN11;SUC05;Venta Telefónica;Tarjeta Crédito;Completada
VTA007280;10/08/2025;FAC-2025-007280;CLI0121;VEN18;SUC06;Local;Efectivo;Cancelada
VTA007281;24/01/2025;FAC-2025-007281;CLI0426;VEN13;SUC01;Venta Telefónica;Tarjeta Crédito;Completada
VTA007282;24/06/2026;FAC-2026-007282;CLI0435;VEN01;SUC01;WhatsApp;Tarjeta Débito;Completada
VTA007283;21/04/2026;FAC-2026-007283;CLI0129;VEN07;SUC01;Marketplace;Transferencia;Completada
VTA007284;30/05/2026;FAC-2026-007284;CLI0177;VEN11;SUC05;Marketplace;Efectivo;Completada
VTA007285;29/01/2026;FAC-2026-007285;CLI0398;VEN07;SUC01;WhatsApp;Financiación Propia;Completada
VTA007286;24/06/2025;FAC-2025-007286;CLI0023;VEN10;SUC04;Web;Tarjeta Débito;Completada
VTA007287;30/06/2026;FAC-2026-007287;CLI0184;VEN15;SUC03;Venta Telefónica;Tarjeta Crédito;Completada
VTA007288;17/06/2025;FAC-2025-007288;CLI0565;VEN10;SUC04;Web;Transferencia;Completada
VTA007289;01/01/2025;FAC-2025-007289;CLI0447;VEN16;SUC04;Web;Tarjeta Débito;Completada
VTA007290;20/07/2026;FAC-2026-007290;CLI0139;VEN01;SUC01;Marketplace;Transferencia;Completada
VTA007291;23/02/2025;FAC-2025-007291;CLI0251;VEN14;SUC02;Web;Tarjeta Débito;Completada
VTA007292;05/08/2025;FAC-2025-007292;CLI0276;VEN05;SUC05;WhatsApp;Transferencia;Completada
VTA007293;26/07/2025;FAC-2025-007293;CLI0382;VEN07;SUC01;Local;Efectivo;Completada
VTA007294;12/04/2025;FAC-2025-007294;CLI0267;VEN05;SUC05;Local;Tarjeta Débito;Completada
VTA007295;13/05/2026;FAC-2026-007295;CLI0544;VEN09;SUC03;Venta Telefónica;Financiación Propia;Completada
VTA007296;08/04/2026;FAC-2026-007296;CLI0103;VEN17;SUC05;Venta Telefónica;Financiación Propia;Completada
VTA007297;01/05/2026;FAC-2026-007297;CLI0460;VEN10;SUC04;Venta Telefónica;Financiación Propia;Completada
VTA007298;10/06/2026;FAC-2026-007298;CLI0505;VEN17;SUC05;Local;Tarjeta Débito;Completada
VTA007299;03/01/2025;FAC-2025-007299;CLI0305;VEN08;SUC02;Marketplace;Tarjeta Débito;Completada
VTA007300;14/05/2025;FAC-2025-007300;CLI0042;VEN05;SUC05;Marketplace;Tarjeta Débito;Completada
VTA007301;24/07/2025;FAC-2025-007301;CLI0009;VEN09;SUC03;Web;Tarjeta Crédito;Completada
VTA007302;17/07/2025;FAC-2025-007302;CLI0295;VEN16;SUC04;Marketplace;Tarjeta Débito;Completada
VTA007303;20/06/2025;FAC-2025-007303;CLI0544;VEN17;SUC05;Web;Efectivo;Completada
VTA007304;19/05/2025;FAC-2025-007304;CLI0467;VEN04;SUC04;Web;Tarjeta Crédito;Completada
VTA007305;20/03/2026;FAC-2026-007305;CLI0307;VEN03;SUC03;Venta Telefónica;Tarjeta Crédito;Completada
VTA007306;02/09/2025;FAC-2025-007306;CLI0372;VEN10;SUC04;Marketplace;Transferencia;Completada
VTA007307;03/02/2026;FAC-2026-007307;CLI0449;VEN06;SUC06;Local;Efectivo;Completada
VTA007308;05/07/2026;FAC-2026-007308;CLI0308;VEN04;SUC04;Web;Tarjeta Crédito;Completada
VTA007309;15/03/2026;FAC-2026-007309;CLI0183;VEN07;SUC01;WhatsApp;Transferencia;Completada
VTA007310;31/08/2025;FAC-2025-007310;CLI0143;VEN11;SUC05;Local;Tarjeta Débito;Completada
VTA007311;03/03/2025;FAC-2025-007311;CLI0411;VEN01;SUC01;Venta Telefónica;Tarjeta Débito;Completada
VTA007312;30/05/2025;FAC-2025-007312;CLI0071;VEN12;SUC06;Web;Financiación Propia;Completada
VTA007313;01/07/2025;FAC-2025-007313;CLI0258;VEN11;SUC05;Marketplace;Transferencia;Completada
VTA007314;19/07/2026;FAC-2026-007314;CLI0141;VEN02;SUC02;Web;Transferencia;Completada
VTA007315;08/06/2026;FAC-2026-007315;CLI0063;VEN07;SUC01;Marketplace;Financiación Propia;Completada
VTA007316;19/05/2026;FAC-2026-007316;CLI0246;VEN09;SUC03;Marketplace;Tarjeta Débito;Cancelada
VTA007317;09/02/2026;FAC-2026-007317;CLI0159;VEN02;SUC02;Local;Tarjeta Crédito;Completada
VTA007318;31/05/2025;FAC-2025-007318;CLI0417;VEN08;SUC02;Local;Efectivo;Completada
VTA007319;12/03/2026;FAC-2026-007319;CLI0496;VEN04;SUC04;WhatsApp;Tarjeta Débito;Completada
VTA007320;31/08/2025;FAC-2025-007320;CLI0159;VEN12;SUC06;Venta Telefónica;Tarjeta Crédito;Completada
VTA007321;25/12/2025;FAC-2025-007321;CLI0243;VEN02;SUC02;Local;Efectivo;Completada
VTA007322;03/01/2025;FAC-2025-007322;CLI0374;VEN04;SUC04;Venta Telefónica;Tarjeta Débito;Completada
VTA007323;23/11/2025;FAC-2025-007323;CLI0226;VEN18;SUC06;Local;Efectivo;Completada
VTA007324;19/04/2026;FAC-2026-007324;CLI0374;VEN15;SUC03;WhatsApp;Tarjeta Crédito;Completada
VTA007325;24/04/2025;FAC-2025-007325;CLI0378;VEN10;SUC04;WhatsApp;Transferencia;Completada
VTA007326;11/07/2025;FAC-2025-007326;CLI0329;VEN04;SUC04;Marketplace;Tarjeta Crédito;Completada
VTA007327;20/07/2026;FAC-2026-007327;CLI0590;VEN12;SUC06;Web;Tarjeta Débito;Completada
VTA007328;03/08/2025;FAC-2025-007328;CLI0570;VEN16;SUC04;WhatsApp;Efectivo;Completada
VTA007329;07/02/2025;FAC-2025-007329;CLI0055;VEN09;SUC03;Web;Transferencia;Completada
VTA007330;15/02/2026;FAC-2026-007330;CLI0472;VEN12;SUC06;WhatsApp;Transferencia;Completada
VTA007331;31/07/2025;FAC-2025-007331;CLI0200;VEN15;SUC03;WhatsApp;Tarjeta Crédito;Completada
VTA007332;29/04/2025;FAC-2025-007332;CLI0203;VEN06;SUC06;Marketplace;Transferencia;Completada
VTA007333;08/04/2026;FAC-2026-007333;CLI0447;VEN11;SUC05;Web;Transferencia;Completada
VTA007334;20/07/2026;FAC-2026-007334;CLI0235;VEN10;SUC04;Marketplace;Financiación Propia;Completada
VTA007335;19/04/2025;FAC-2025-007335;CLI0591;VEN02;SUC02;Web;Efectivo;Completada
VTA007336;17/01/2025;FAC-2025-007336;CLI0299;VEN06;SUC06;Web;Tarjeta Crédito;Completada
VTA007337;12/02/2026;FAC-2026-007337;CLI0181;VEN04;SUC04;Local;Transferencia;Completada
VTA007338;01/03/2026;FAC-2026-007338;CLI0302;VEN18;SUC06;Marketplace;Financiación Propia;Completada
VTA007339;07/06/2026;FAC-2026-007339;CLI0363;VEN09;SUC03;WhatsApp;Tarjeta Débito;Completada
VTA007340;19/01/2026;FAC-2026-007340;CLI0228;VEN15;SUC03;Venta Telefónica;Tarjeta Crédito;Completada
VTA007341;19/12/2025;FAC-2025-007341;CLI0319;VEN07;SUC01;Marketplace;Tarjeta Crédito;Completada
VTA007342;01/07/2026;FAC-2026-007342;CLI0589;VEN04;SUC04;Marketplace;Tarjeta Crédito;Completada
VTA007343;27/08/2025;FAC-2025-007343;CLI0033;VEN09;SUC03;Web;Financiación Propia;Completada
VTA007344;02/11/2025;FAC-2025-007344;CLI0586;VEN05;SUC05;Marketplace;Transferencia;Completada
VTA007345;17/07/2025;FAC-2025-007345;CLI0055;VEN05;SUC05;Web;Tarjeta Débito;Completada
VTA007346;02/10/2025;FAC-2025-007346;CLI0207;VEN17;SUC05;Web;Transferencia;Completada
VTA007347;17/10/2025;FAC-2025-007347;CLI0362;VEN06;SUC06;Marketplace;Transferencia;Completada
VTA007348;23/03/2026;FAC-2026-007348;CLI0377;VEN12;SUC06;Local;Transferencia;Completada
VTA007349;07/05/2025;FAC-2025-007349;CLI0383;VEN06;SUC06;WhatsApp;Tarjeta Débito;Completada
VTA007350;08/06/2026;FAC-2026-007350;CLI0322;VEN09;SUC03;Marketplace;Financiación Propia;Pendiente
VTA007351;17/07/2025;FAC-2025-007351;CLI0085;VEN17;SUC05;Venta Telefónica;Efectivo;Completada
VTA007352;09/07/2026;FAC-2026-007352;CLI0398;VEN18;SUC06;Marketplace;Transferencia;Completada
VTA007353;17/03/2025;FAC-2025-007353;CLI0228;VEN09;SUC03;WhatsApp;Financiación Propia;Completada
VTA007354;28/07/2025;FAC-2025-007354;CLI0317;VEN04;SUC04;Local;Financiación Propia;Completada
VTA007355;10/02/2025;FAC-2025-007355;CLI0307;VEN05;SUC05;Marketplace;Transferencia;Completada
VTA007356;28/03/2026;FAC-2026-007356;CLI0341;VEN13;SUC01;Web;Efectivo;Completada
VTA007357;30/06/2026;FAC-2026-007357;CLI0433;VEN16;SUC04;Venta Telefónica;Efectivo;Completada
VTA007358;05/04/2025;FAC-2025-007358;CLI0049;VEN16;SUC04;Marketplace;Transferencia;Completada
VTA007359;02/04/2025;FAC-2025-007359;CLI0091;VEN13;SUC01;Local;Efectivo;Completada
VTA007360;07/04/2026;FAC-2026-007360;CLI0399;VEN08;SUC02;Venta Telefónica;Financiación Propia;Completada
VTA007361;30/04/2025;FAC-2025-007361;CLI0471;VEN16;SUC04;Local;Tarjeta Crédito;Completada
VTA007362;19/07/2026;FAC-2026-007362;CLI0308;VEN14;SUC02;Marketplace;Efectivo;Completada
VTA007363;17/05/2025;FAC-2025-007363;CLI0475;VEN07;SUC01;WhatsApp;Tarjeta Débito;Completada
VTA007364;07/05/2025;FAC-2025-007364;CLI0363;VEN17;SUC05;WhatsApp;Financiación Propia;Completada
VTA007365;05/05/2026;FAC-2026-007365;CLI0382;VEN12;SUC06;Web;Efectivo;Completada
VTA007366;20/09/2025;FAC-2025-007366;CLI0282;VEN09;SUC03;Local;Transferencia;Completada
VTA007367;13/11/2025;FAC-2025-007367;CLI0588;VEN14;SUC02;Venta Telefónica;Financiación Propia;Completada
VTA007368;23/04/2025;FAC-2025-007368;CLI0262;VEN06;SUC06;Marketplace;Tarjeta Crédito;Completada
VTA007369;25/07/2026;FAC-2026-007369;CLI0477;VEN18;SUC06;WhatsApp;Efectivo;Completada
VTA007370;13/04/2026;FAC-2026-007370;CLI0363;VEN15;SUC03;Local;Efectivo;Completada
VTA007371;27/04/2026;FAC-2026-007371;CLI0233;VEN14;SUC02;Local;Tarjeta Débito;Completada
VTA007372;22/05/2026;FAC-2026-007372;CLI0381;VEN15;SUC03;WhatsApp;Tarjeta Débito;Completada
VTA007373;25/07/2026;FAC-2026-007373;CLI0288;VEN02;SUC02;WhatsApp;Tarjeta Crédito;Completada
VTA007374;30/06/2025;FAC-2025-007374;CLI0008;VEN09;SUC03;WhatsApp;Tarjeta Crédito;Completada
VTA007375;24/10/2025;FAC-2025-007375;CLI0582;VEN14;SUC02;Web;Efectivo;Completada
VTA007376;08/03/2025;FAC-2025-007376;CLI0008;VEN07;SUC01;Marketplace;Tarjeta Crédito;Completada
VTA007377;25/06/2026;FAC-2026-007377;CLI0062;VEN14;SUC02;Marketplace;Tarjeta Crédito;Completada
VTA007378;30/01/2026;FAC-2026-007378;CLI0026;VEN05;SUC05;WhatsApp;Tarjeta Crédito;Completada
VTA007379;19/12/2025;FAC-2025-007379;CLI0518;VEN10;SUC04;Venta Telefónica;Tarjeta Crédito;Completada
VTA007380;23/05/2025;FAC-2025-007380;CLI0543;VEN02;SUC02;Venta Telefónica;Efectivo;Completada
VTA007381;01/05/2025;FAC-2025-007381;CLI0295;VEN09;SUC03;Local;Transferencia;Completada
VTA007382;31/03/2026;FAC-2026-007382;CLI0525;VEN11;SUC05;Local;Tarjeta Débito;Completada
VTA007383;11/01/2026;FAC-2026-007383;CLI0405;VEN12;SUC06;Web;Tarjeta Crédito;Completada
VTA007384;25/01/2026;FAC-2026-007384;CLI0125;VEN18;SUC06;Local;Financiación Propia;Completada
VTA007385;02/07/2026;FAC-2026-007385;CLI0429;VEN16;SUC04;Web;Tarjeta Débito;Cancelada
VTA007386;08/11/2025;FAC-2025-007386;CLI0582;VEN08;SUC02;Local;Tarjeta Débito;Completada
VTA007387;06/06/2025;FAC-2025-007387;CLI0453;VEN09;SUC03;Local;Tarjeta Crédito;Completada
VTA007388;05/05/2025;FAC-2025-007388;CLI0020;VEN06;SUC06;WhatsApp;Transferencia;Completada
VTA007389;14/03/2026;FAC-2026-007389;CLI0317;VEN12;SUC06;WhatsApp;Transferencia;Completada
VTA007390;05/05/2025;FAC-2025-007390;CLI0466;VEN07;SUC01;WhatsApp;Financiación Propia;Completada
VTA007391;15/06/2026;FAC-2026-007391;CLI0082;VEN06;SUC06;Local;Financiación Propia;Completada
VTA007392;09/05/2025;FAC-2025-007392;CLI0391;VEN07;SUC01;Venta Telefónica;Tarjeta Débito;Completada
VTA007393;13/03/2026;FAC-2026-007393;CLI0137;VEN17;SUC05;Web;Tarjeta Crédito;Completada
VTA007394;12/03/2026;FAC-2026-007394;CLI0260;VEN03;SUC03;Local;Transferencia;Completada
VTA007395;11/12/2025;FAC-2025-007395;CLI0556;VEN09;SUC03;Local;Tarjeta Crédito;Pendiente
VTA007396;08/01/2026;FAC-2026-007396;CLI0539;VEN09;SUC03;Web;Financiación Propia;Completada
VTA007397;01/07/2025;FAC-2025-007397;CLI0420;VEN15;SUC03;Local;Efectivo;Completada
VTA007398;12/06/2025;FAC-2025-007398;CLI0395;VEN16;SUC04;Local;Efectivo;Completada
VTA007399;04/05/2025;FAC-2025-007399;CLI0044;VEN15;SUC03;WhatsApp;Financiación Propia;Completada
VTA007400;23/10/2025;FAC-2025-007400;CLI0068;VEN06;SUC06;Venta Telefónica;Tarjeta Crédito;Completada
VTA007401;27/12/2025;FAC-2025-007401;CLI0410;VEN01;SUC01;WhatsApp;Tarjeta Débito;Completada
VTA007402;30/10/2025;FAC-2025-007402;CLI0259;VEN03;SUC03;WhatsApp;Financiación Propia;Completada
VTA007403;05/12/2025;FAC-2025-007403;CLI0026;VEN04;SUC04;Venta Telefónica;Tarjeta Débito;Completada
VTA007404;15/02/2026;FAC-2026-007404;CLI0072;VEN09;SUC03;Marketplace;Financiación Propia;Completada
VTA007405;02/12/2025;FAC-2025-007405;CLI0075;VEN18;SUC06;WhatsApp;Efectivo;Completada
VTA007406;15/05/2026;FAC-2026-007406;CLI0193;VEN11;SUC05;Venta Telefónica;Financiación Propia;Cancelada
VTA007407;05/06/2025;FAC-2025-007407;CLI0543;VEN07;SUC01;Venta Telefónica;Efectivo;Completada
VTA007408;20/02/2026;FAC-2026-007408;CLI0212;VEN03;SUC03;WhatsApp;Tarjeta Débito;Completada
VTA007409;20/03/2025;FAC-2025-007409;CLI0174;VEN03;SUC03;Local;Transferencia;Completada
VTA007410;30/07/2026;FAC-2026-007410;CLI0312;VEN17;SUC05;Marketplace;Financiación Propia;Completada
VTA007411;22/11/2025;FAC-2025-007411;CLI0216;VEN03;SUC03;Local;Transferencia;Completada
VTA007412;15/03/2025;FAC-2025-007412;CLI0512;VEN07;SUC01;WhatsApp;Financiación Propia;Completada
VTA007413;01/01/2025;FAC-2025-007413;CLI0342;VEN17;SUC05;Local;Tarjeta Crédito;Completada
VTA007414;10/02/2025;FAC-2025-007414;CLI0080;VEN11;SUC05;WhatsApp;Tarjeta Débito;Completada
VTA007415;03/05/2025;FAC-2025-007415;CLI0334;VEN07;SUC01;Marketplace;Financiación Propia;Completada
VTA007416;16/08/2025;FAC-2025-007416;CLI0442;VEN15;SUC03;Local;Tarjeta Crédito;Completada
VTA007417;23/05/2025;FAC-2025-007417;CLI0467;VEN16;SUC04;Venta Telefónica;Financiación Propia;Completada
VTA007418;09/03/2025;FAC-2025-007418;CLI0203;VEN13;SUC01;Marketplace;Financiación Propia;Completada
VTA007419;07/05/2025;FAC-2025-007419;CLI0342;VEN07;SUC01;WhatsApp;Efectivo;Completada
VTA007420;20/01/2025;FAC-2025-007420;CLI0269;VEN17;SUC05;Web;Tarjeta Crédito;Completada
VTA007421;19/09/2025;FAC-2025-007421;CLI0520;VEN03;SUC03;Venta Telefónica;Efectivo;Completada
VTA007422;14/04/2026;FAC-2026-007422;CLI0276;VEN11;SUC05;WhatsApp;Financiación Propia;Completada
VTA007423;22/03/2026;FAC-2026-007423;CLI0170;VEN04;SUC04;Marketplace;Efectivo;Cancelada
VTA007424;24/10/2025;FAC-2025-007424;CLI0366;VEN13;SUC01;Marketplace;Transferencia;Pendiente
VTA007425;27/01/2026;FAC-2026-007425;CLI0518;VEN10;SUC04;WhatsApp;Tarjeta Crédito;Completada
VTA007426;25/05/2025;FAC-2025-007426;CLI0347;VEN10;SUC04;Marketplace;Efectivo;Completada
VTA007427;04/05/2026;FAC-2026-007427;CLI0341;VEN07;SUC01;WhatsApp;Tarjeta Débito;Completada
VTA007428;08/08/2025;FAC-2025-007428;CLI0103;VEN08;SUC02;Local;Tarjeta Crédito;Completada
VTA007429;31/01/2025;FAC-2025-007429;CLI0146;VEN06;SUC06;Web;Transferencia;Completada
VTA007430;22/03/2025;FAC-2025-007430;CLI0138;VEN08;SUC02;Web;Financiación Propia;Completada
VTA007431;07/01/2026;FAC-2026-007431;CLI0178;VEN05;SUC05;Local;Efectivo;Completada
VTA007432;03/07/2025;FAC-2025-007432;CLI0452;VEN04;SUC04;Venta Telefónica;Tarjeta Crédito;Completada
VTA007433;17/07/2025;FAC-2025-007433;CLI0351;VEN17;SUC05;WhatsApp;Tarjeta Débito;Completada
VTA007434;26/04/2025;FAC-2025-007434;CLI0365;VEN09;SUC03;Local;Tarjeta Crédito;Completada
VTA007435;20/03/2025;FAC-2025-007435;CLI0425;VEN15;SUC03;Marketplace;Financiación Propia;Completada
VTA007436;11/06/2026;FAC-2026-007436;CLI0034;VEN07;SUC01;Marketplace;Transferencia;Completada
VTA007437;29/09/2025;FAC-2025-007437;CLI0280;VEN16;SUC04;Venta Telefónica;Transferencia;Completada
VTA007438;29/06/2025;FAC-2025-007438;CLI0340;VEN09;SUC03;Venta Telefónica;Efectivo;Completada
VTA007439;04/02/2026;FAC-2026-007439;CLI0263;VEN01;SUC01;Marketplace;Transferencia;Completada
VTA007440;27/03/2025;FAC-2025-007440;CLI0373;VEN13;SUC01;Marketplace;Transferencia;Completada
VTA007441;29/04/2026;FAC-2026-007441;CLI0342;VEN18;SUC06;Web;Transferencia;Completada
VTA007442;09/03/2025;FAC-2025-007442;CLI0500;VEN01;SUC01;Web;Financiación Propia;Completada
VTA007443;01/02/2026;FAC-2026-007443;CLI0516;VEN17;SUC05;Web;Financiación Propia;Completada
VTA007444;19/06/2026;FAC-2026-007444;CLI0583;VEN09;SUC03;Local;Financiación Propia;Completada
VTA007445;04/06/2025;FAC-2025-007445;CLI0113;VEN04;SUC04;Web;Efectivo;Completada
VTA007446;26/03/2026;FAC-2026-007446;CLI0003;VEN09;SUC03;Web;Efectivo;Completada
VTA007447;07/07/2025;FAC-2025-007447;CLI0480;VEN11;SUC05;Marketplace;Tarjeta Débito;Completada
VTA007448;21/12/2025;FAC-2025-007448;CLI0302;VEN10;SUC04;WhatsApp;Tarjeta Crédito;Completada
VTA007449;13/06/2025;FAC-2025-007449;CLI0552;VEN14;SUC02;WhatsApp;Efectivo;Completada
VTA007450;16/01/2026;FAC-2026-007450;CLI0385;VEN08;SUC02;Local;Financiación Propia;Completada
VTA007451;17/05/2026;FAC-2026-007451;CLI0150;VEN12;SUC06;Marketplace;Tarjeta Crédito;Completada
VTA007452;28/11/2025;FAC-2025-007452;CLI0464;VEN04;SUC04;Venta Telefónica;Financiación Propia;Completada
VTA007453;19/05/2025;FAC-2025-007453;CLI0494;VEN16;SUC04;Venta Telefónica;Tarjeta Crédito;Completada
VTA007454;27/03/2025;FAC-2025-007454;CLI0030;VEN16;SUC04;WhatsApp;Tarjeta Crédito;Completada
VTA007455;17/02/2026;FAC-2026-007455;CLI0028;VEN14;SUC02;Venta Telefónica;Transferencia;Completada
VTA007456;15/02/2026;FAC-2026-007456;CLI0391;VEN13;SUC01;WhatsApp;Efectivo;Completada
VTA007457;28/06/2025;FAC-2025-007457;CLI0184;VEN17;SUC05;Web;Efectivo;Completada
VTA007458;07/06/2026;FAC-2026-007458;CLI0331;VEN14;SUC02;Marketplace;Tarjeta Débito;Completada
VTA007459;02/04/2026;FAC-2026-007459;CLI0360;VEN03;SUC03;WhatsApp;Efectivo;Completada
VTA007460;03/04/2026;FAC-2026-007460;CLI0416;VEN16;SUC04;Web;Financiación Propia;Completada
VTA007461;14/03/2026;FAC-2026-007461;CLI0542;VEN18;SUC06;Marketplace;Efectivo;Completada
VTA007462;14/12/2025;FAC-2025-007462;CLI0510;VEN03;SUC03;Web;Efectivo;Completada
VTA007463;12/03/2025;FAC-2025-007463;CLI0270;VEN16;SUC04;Web;Tarjeta Débito;Completada
VTA007464;24/07/2026;FAC-2026-007464;CLI0299;VEN07;SUC01;Local;Efectivo;Completada
VTA007465;23/08/2025;FAC-2025-007465;CLI0315;VEN01;SUC01;Web;Transferencia;Completada
VTA007466;11/03/2026;FAC-2026-007466;CLI0007;VEN12;SUC06;WhatsApp;Transferencia;Completada
VTA007467;29/01/2025;FAC-2025-007467;CLI0542;VEN01;SUC01;Marketplace;Financiación Propia;Completada
VTA007468;04/11/2025;FAC-2025-007468;CLI0534;VEN15;SUC03;WhatsApp;Tarjeta Crédito;Completada
VTA007469;24/04/2026;FAC-2026-007469;CLI0066;VEN02;SUC02;Marketplace;Efectivo;Completada
VTA007470;24/06/2025;FAC-2025-007470;CLI0438;VEN05;SUC05;WhatsApp;Tarjeta Débito;Completada
VTA007471;16/03/2026;FAC-2026-007471;CLI0593;VEN16;SUC04;Venta Telefónica;Efectivo;Completada
VTA007472;06/03/2025;FAC-2025-007472;CLI0545;VEN16;SUC04;WhatsApp;Financiación Propia;Completada
VTA007473;10/11/2025;FAC-2025-007473;CLI0071;VEN05;SUC05;Web;Transferencia;Pendiente
VTA007474;22/06/2026;FAC-2026-007474;CLI0065;VEN02;SUC02;Local;Tarjeta Débito;Completada
VTA007475;20/04/2026;FAC-2026-007475;CLI0152;VEN10;SUC04;Local;Tarjeta Crédito;Completada
VTA007476;05/01/2025;FAC-2025-007476;CLI0194;VEN18;SUC06;Web;Efectivo;Completada
VTA007477;14/05/2025;FAC-2025-007477;CLI0325;VEN02;SUC02;Web;Efectivo;Completada
VTA007478;29/07/2026;FAC-2026-007478;CLI0576;VEN16;SUC04;Local;Tarjeta Crédito;Completada
VTA007479;13/04/2026;FAC-2026-007479;CLI0027;VEN16;SUC04;Local;Tarjeta Débito;Completada
VTA007480;23/01/2025;FAC-2025-007480;CLI0548;VEN07;SUC01;Web;Transferencia;Completada
VTA007481;29/10/2025;FAC-2025-007481;CLI0063;VEN04;SUC04;Web;Transferencia;Pendiente
VTA007482;23/05/2025;FAC-2025-007482;CLI0044;VEN11;SUC05;Marketplace;Financiación Propia;Completada
VTA007483;24/12/2025;FAC-2025-007483;CLI0255;VEN03;SUC03;Local;Efectivo;Completada
VTA007484;28/03/2026;FAC-2026-007484;CLI0542;VEN17;SUC05;Web;Transferencia;Completada
VTA007485;18/06/2025;FAC-2025-007485;CLI0335;VEN08;SUC02;Venta Telefónica;Tarjeta Crédito;Completada
VTA007486;29/07/2026;FAC-2026-007486;CLI0542;VEN09;SUC03;Venta Telefónica;Tarjeta Crédito;Completada
VTA007487;14/10/2025;FAC-2025-007487;CLI0172;VEN03;SUC03;Web;Efectivo;Completada
VTA007488;15/02/2026;FAC-2026-007488;CLI0092;VEN11;SUC05;Web;Transferencia;Completada
VTA007489;28/09/2025;FAC-2025-007489;CLI0504;VEN02;SUC02;Venta Telefónica;Tarjeta Débito;Completada
VTA007490;21/04/2025;FAC-2025-007490;CLI0378;VEN02;SUC02;Local;Tarjeta Crédito;Completada
VTA007491;10/01/2025;FAC-2025-007491;CLI0509;VEN07;SUC01;Local;Tarjeta Crédito;Completada
VTA007492;05/11/2025;FAC-2025-007492;CLI0394;VEN15;SUC03;WhatsApp;Transferencia;Completada
VTA007493;17/04/2026;FAC-2026-007493;CLI0589;VEN04;SUC04;Marketplace;Transferencia;Completada
VTA007494;28/07/2025;FAC-2025-007494;CLI0092;VEN18;SUC06;Local;Tarjeta Crédito;Completada
VTA007495;19/01/2026;FAC-2026-007495;CLI0532;VEN17;SUC05;Web;Efectivo;Completada
VTA007496;28/10/2025;FAC-2025-007496;CLI0250;VEN08;SUC02;Marketplace;Efectivo;Completada
VTA007497;14/02/2026;FAC-2026-007497;CLI0063;VEN06;SUC06;WhatsApp;Financiación Propia;Completada
VTA007498;09/03/2026;FAC-2026-007498;CLI0201;VEN13;SUC01;WhatsApp;Tarjeta Crédito;Completada
VTA007499;26/08/2025;FAC-2025-007499;CLI0559;VEN03;SUC03;Web;Efectivo;Completada
VTA007500;16/01/2025;FAC-2025-007500;CLI0093;VEN06;SUC06;WhatsApp;Transferencia;Completada
VTA007501;18/05/2025;FAC-2025-007501;CLI0421;VEN12;SUC06;Marketplace;Financiación Propia;Completada
VTA007502;15/07/2026;FAC-2026-007502;CLI0055;VEN14;SUC02;Marketplace;Transferencia;Completada
VTA007503;05/11/2025;FAC-2025-007503;CLI0050;VEN18;SUC06;Marketplace;Tarjeta Crédito;Completada
VTA007504;29/04/2025;FAC-2025-007504;CLI0245;VEN15;SUC03;Marketplace;Transferencia;Completada
VTA007505;20/06/2026;FAC-2026-007505;CLI0363;VEN15;SUC03;Web;Efectivo;Completada
VTA007506;07/04/2026;FAC-2026-007506;CLI0251;VEN07;SUC01;Local;Tarjeta Crédito;Completada
VTA007507;10/05/2026;FAC-2026-007507;CLI0380;VEN16;SUC04;Marketplace;Financiación Propia;Completada
VTA007508;31/05/2025;FAC-2025-007508;CLI0509;VEN14;SUC02;Venta Telefónica;Transferencia;Completada
VTA007509;25/02/2026;FAC-2026-007509;CLI0371;VEN14;SUC02;Venta Telefónica;Efectivo;Completada
VTA007510;02/01/2025;FAC-2025-007510;CLI0437;VEN08;SUC02;WhatsApp;Tarjeta Crédito;Completada
VTA007511;05/05/2025;FAC-2025-007511;CLI0504;VEN01;SUC01;Web;Tarjeta Débito;Completada
VTA007512;14/03/2026;FAC-2026-007512;CLI0191;VEN11;SUC05;Local;Tarjeta Crédito;Completada
VTA007513;08/12/2025;FAC-2025-007513;CLI0246;VEN01;SUC01;Local;Tarjeta Crédito;Completada
VTA007514;01/03/2026;FAC-2026-007514;CLI0011;VEN17;SUC05;Web;Transferencia;Pendiente
VTA007515;28/03/2026;FAC-2026-007515;CLI0400;VEN10;SUC04;Marketplace;Tarjeta Crédito;Completada
VTA007516;23/05/2026;FAC-2026-007516;CLI0225;VEN16;SUC04;Local;Tarjeta Débito;Completada
VTA007517;05/06/2025;FAC-2025-007517;CLI0032;VEN12;SUC06;Marketplace;Financiación Propia;Completada
VTA007518;13/03/2025;FAC-2025-007518;CLI0276;VEN13;SUC01;Marketplace;Tarjeta Crédito;Completada
VTA007519;15/06/2026;FAC-2026-007519;CLI0228;VEN05;SUC05;Venta Telefónica;Efectivo;Completada
VTA007520;17/01/2026;FAC-2026-007520;CLI0238;VEN04;SUC04;Marketplace;Tarjeta Crédito;Completada
VTA007521;05/06/2026;FAC-2026-007521;CLI0118;VEN06;SUC06;Local;Financiación Propia;Completada
VTA007522;04/07/2026;FAC-2026-007522;CLI0580;VEN08;SUC02;Local;Efectivo;Completada
VTA007523;01/04/2025;FAC-2025-007523;CLI0364;VEN15;SUC03;Local;Transferencia;Completada
VTA007524;23/03/2026;FAC-2026-007524;CLI0323;VEN16;SUC04;Venta Telefónica;Tarjeta Crédito;Completada
VTA007525;21/02/2026;FAC-2026-007525;CLI0397;VEN07;SUC01;Marketplace;Tarjeta Crédito;Completada
VTA007526;07/01/2026;FAC-2026-007526;CLI0474;VEN09;SUC03;Venta Telefónica;Efectivo;Completada
VTA007527;01/02/2026;FAC-2026-007527;CLI0270;VEN10;SUC04;WhatsApp;Financiación Propia;Completada
VTA007528;16/05/2026;FAC-2026-007528;CLI0129;VEN17;SUC05;Web;Efectivo;Completada
VTA007529;02/10/2025;FAC-2025-007529;CLI0597;VEN17;SUC05;Local;Financiación Propia;Completada
VTA007530;19/03/2026;FAC-2026-007530;CLI0363;VEN18;SUC06;Venta Telefónica;Tarjeta Crédito;Completada
VTA007531;08/11/2025;FAC-2025-007531;CLI0203;VEN05;SUC05;Local;Financiación Propia;Completada
VTA007532;20/03/2025;FAC-2025-007532;CLI0023;VEN17;SUC05;Local;Financiación Propia;Completada
VTA007533;26/07/2025;FAC-2025-007533;CLI0206;VEN15;SUC03;Web;Transferencia;Completada
VTA007534;23/07/2025;FAC-2025-007534;CLI0425;VEN05;SUC05;WhatsApp;Transferencia;Completada
VTA007535;16/05/2025;FAC-2025-007535;CLI0528;VEN04;SUC04;Marketplace;Financiación Propia;Completada
VTA007536;14/04/2026;FAC-2026-007536;CLI0297;VEN08;SUC02;Venta Telefónica;Tarjeta Débito;Completada
VTA007537;23/05/2026;FAC-2026-007537;CLI0082;VEN14;SUC02;Venta Telefónica;Tarjeta Crédito;Completada
VTA007538;07/06/2026;FAC-2026-007538;CLI0026;VEN10;SUC04;Web;Transferencia;Completada
VTA007539;10/04/2026;FAC-2026-007539;CLI0383;VEN02;SUC02;Local;Tarjeta Débito;Completada
VTA007540;17/05/2026;FAC-2026-007540;CLI0006;VEN13;SUC01;Venta Telefónica;Efectivo;Completada
VTA007541;05/02/2026;FAC-2026-007541;CLI0533;VEN02;SUC02;WhatsApp;Tarjeta Crédito;Completada
VTA007542;25/04/2026;FAC-2026-007542;CLI0089;VEN09;SUC03;Local;Efectivo;Completada
VTA007543;31/12/2025;FAC-2025-007543;CLI0500;VEN14;SUC02;Marketplace;Financiación Propia;Completada
VTA007544;02/04/2026;FAC-2026-007544;CLI0398;VEN14;SUC02;Venta Telefónica;Tarjeta Crédito;Completada
VTA007545;10/04/2025;FAC-2025-007545;CLI0318;VEN07;SUC01;WhatsApp;Financiación Propia;Completada
VTA007546;19/04/2025;FAC-2025-007546;CLI0416;VEN10;SUC04;Local;Tarjeta Crédito;Completada
VTA007547;09/09/2025;FAC-2025-007547;CLI0125;VEN06;SUC06;Marketplace;Transferencia;Completada
VTA007548;20/09/2025;FAC-2025-007548;CLI0220;VEN03;SUC03;Marketplace;Transferencia;Completada
VTA007549;02/09/2025;FAC-2025-007549;CLI0531;VEN05;SUC05;Web;Tarjeta Débito;Completada
VTA007550;22/06/2026;FAC-2026-007550;CLI0020;VEN11;SUC05;Web;Financiación Propia;Completada
VTA007551;04/12/2025;FAC-2025-007551;CLI0552;VEN14;SUC02;WhatsApp;Tarjeta Débito;Completada
VTA007552;26/02/2026;FAC-2026-007552;CLI0222;VEN14;SUC02;Local;Transferencia;Completada
VTA007553;27/02/2025;FAC-2025-007553;CLI0125;VEN09;SUC03;Marketplace;Financiación Propia;Completada
VTA007554;03/03/2026;FAC-2026-007554;CLI0159;VEN17;SUC05;Local;Transferencia;Completada
VTA007555;09/05/2025;FAC-2025-007555;CLI0202;VEN07;SUC01;Marketplace;Financiación Propia;Completada
VTA007556;11/06/2026;FAC-2026-007556;CLI0024;VEN15;SUC03;WhatsApp;Efectivo;Completada
VTA007557;15/01/2026;FAC-2026-007557;CLI0572;VEN08;SUC02;Local;Tarjeta Crédito;Completada
VTA007558;13/02/2026;FAC-2026-007558;CLI0461;VEN10;SUC04;Web;Financiación Propia;Completada
VTA007559;02/05/2026;FAC-2026-007559;CLI0121;VEN11;SUC05;Local;Tarjeta Débito;Completada
VTA007560;07/07/2025;FAC-2025-007560;CLI0137;VEN14;SUC02;Venta Telefónica;Financiación Propia;Completada
VTA007561;22/02/2026;FAC-2026-007561;CLI0521;VEN08;SUC02;Marketplace;Financiación Propia;Completada
VTA007562;20/10/2025;FAC-2025-007562;CLI0357;VEN17;SUC05;Venta Telefónica;Tarjeta Débito;Completada
VTA007563;12/01/2026;FAC-2026-007563;CLI0193;VEN04;SUC04;WhatsApp;Efectivo;Completada
VTA007564;12/06/2025;FAC-2025-007564;CLI0056;VEN08;SUC02;Marketplace;Transferencia;Pendiente
VTA007565;16/06/2026;FAC-2026-007565;CLI0387;VEN05;SUC05;Marketplace;Transferencia;Completada
VTA007566;24/12/2025;FAC-2025-007566;CLI0192;VEN07;SUC01;WhatsApp;Financiación Propia;Completada
VTA007567;11/06/2026;FAC-2026-007567;CLI0377;VEN02;SUC02;Marketplace;Tarjeta Débito;Completada
VTA007568;26/06/2025;FAC-2025-007568;CLI0577;VEN18;SUC06;Marketplace;Tarjeta Crédito;Completada
VTA007569;20/04/2025;FAC-2025-007569;CLI0539;VEN10;SUC04;Web;Transferencia;Completada
VTA007570;15/03/2026;FAC-2026-007570;CLI0091;VEN09;SUC03;Web;Efectivo;Completada
VTA007571;06/01/2026;FAC-2026-007571;CLI0504;VEN03;SUC03;WhatsApp;Transferencia;Completada
VTA007572;16/07/2025;FAC-2025-007572;CLI0413;VEN14;SUC02;Web;Transferencia;Completada
VTA007573;16/07/2025;FAC-2025-007573;CLI0428;VEN09;SUC03;WhatsApp;Efectivo;Completada
VTA007574;05/07/2026;FAC-2026-007574;CLI0010;VEN07;SUC01;Web;Tarjeta Crédito;Completada
VTA007575;03/07/2026;FAC-2026-007575;CLI0155;VEN15;SUC03;Local;Financiación Propia;Completada
VTA007576;14/05/2026;FAC-2026-007576;CLI0203;VEN14;SUC02;Marketplace;Tarjeta Débito;Completada
VTA007577;23/02/2025;FAC-2025-007577;CLI0376;VEN11;SUC05;Web;Transferencia;Completada
VTA007578;04/06/2026;FAC-2026-007578;CLI0196;VEN03;SUC03;WhatsApp;Financiación Propia;Completada
VTA007579;30/04/2026;FAC-2026-007579;CLI0420;VEN08;SUC02;Web;Tarjeta Débito;Completada
VTA007580;13/03/2026;FAC-2026-007580;CLI0350;VEN08;SUC02;Venta Telefónica;Tarjeta Crédito;Completada
VTA007581;14/09/2025;FAC-2025-007581;CLI0005;VEN18;SUC06;Web;Tarjeta Crédito;Completada
VTA007582;30/01/2025;FAC-2025-007582;CLI0108;VEN13;SUC01;WhatsApp;Financiación Propia;Completada
VTA007583;15/06/2026;FAC-2026-007583;CLI0180;VEN05;SUC05;Marketplace;Tarjeta Crédito;Completada
VTA007584;02/02/2025;FAC-2025-007584;CLI0153;VEN16;SUC04;Venta Telefónica;Tarjeta Débito;Completada
VTA007585;12/06/2025;FAC-2025-007585;CLI0083;VEN06;SUC06;Web;Efectivo;Completada
VTA007586;28/12/2025;FAC-2025-007586;CLI0409;VEN17;SUC05;Venta Telefónica;Transferencia;Completada
VTA007587;20/07/2026;FAC-2026-007587;CLI0505;VEN15;SUC03;WhatsApp;Efectivo;Completada
VTA007588;26/06/2026;FAC-2026-007588;CLI0230;VEN16;SUC04;Local;Financiación Propia;Completada
VTA007589;08/03/2026;FAC-2026-007589;CLI0148;VEN14;SUC02;Marketplace;Tarjeta Crédito;Completada
VTA007590;21/06/2026;FAC-2026-007590;CLI0397;VEN17;SUC05;WhatsApp;Tarjeta Crédito;Completada
VTA007591;11/05/2026;FAC-2026-007591;CLI0130;VEN11;SUC05;Local;Tarjeta Débito;Completada
VTA007592;16/03/2026;FAC-2026-007592;CLI0329;VEN14;SUC02;Web;Efectivo;Completada
VTA007593;26/07/2025;FAC-2025-007593;CLI0029;VEN15;SUC03;Venta Telefónica;Tarjeta Crédito;Pendiente
VTA007594;12/06/2026;FAC-2026-007594;CLI0047;VEN15;SUC03;Marketplace;Tarjeta Crédito;Completada
VTA007595;18/09/2025;FAC-2025-007595;CLI0108;VEN01;SUC01;Marketplace;Transferencia;Cancelada
VTA007596;08/09/2025;FAC-2025-007596;CLI0330;VEN02;SUC02;Local;Tarjeta Crédito;Completada
VTA007597;07/03/2026;FAC-2026-007597;CLI0489;VEN13;SUC01;Web;Efectivo;Completada
VTA007598;01/02/2026;FAC-2026-007598;CLI0405;VEN13;SUC01;WhatsApp;Financiación Propia;Completada
VTA007599;15/03/2025;FAC-2025-007599;CLI0266;VEN02;SUC02;Venta Telefónica;Financiación Propia;Completada
VTA007600;14/04/2025;FAC-2025-007600;CLI0255;VEN05;SUC05;Marketplace;Transferencia;Completada
VTA007601;08/06/2026;FAC-2026-007601;CLI0510;VEN12;SUC06;Local;Tarjeta Débito;Completada
VTA007602;20/08/2025;FAC-2025-007602;CLI0420;VEN01;SUC01;Marketplace;Efectivo;Completada
VTA007603;01/05/2026;FAC-2026-007603;CLI0268;VEN18;SUC06;WhatsApp;Financiación Propia;Completada
VTA007604;14/01/2025;FAC-2025-007604;CLI0261;VEN07;SUC01;Marketplace;Efectivo;Completada
VTA007605;25/01/2025;FAC-2025-007605;CLI0476;VEN03;SUC03;Marketplace;Tarjeta Crédito;Completada
VTA007606;07/04/2026;FAC-2026-007606;CLI0291;VEN08;SUC02;WhatsApp;Tarjeta Crédito;Completada
VTA007607;30/05/2025;FAC-2025-007607;CLI0159;VEN07;SUC01;Web;Transferencia;Completada
VTA007608;29/06/2026;FAC-2026-007608;CLI0043;VEN12;SUC06;Web;Tarjeta Débito;Completada
VTA007609;25/01/2025;FAC-2025-007609;CLI0520;VEN14;SUC02;Web;Tarjeta Crédito;Completada
VTA007610;28/04/2025;FAC-2025-007610;CLI0597;VEN12;SUC06;Web;Tarjeta Débito;Completada
VTA007611;17/10/2025;FAC-2025-007611;CLI0116;VEN10;SUC04;Marketplace;Transferencia;Completada
VTA007612;17/05/2026;FAC-2026-007612;CLI0280;VEN08;SUC02;Local;Tarjeta Crédito;Completada
VTA007613;05/03/2026;FAC-2026-007613;CLI0262;VEN05;SUC05;WhatsApp;Efectivo;Completada
VTA007614;17/01/2026;FAC-2026-007614;CLI0042;VEN03;SUC03;Local;Efectivo;Completada
VTA007615;22/06/2025;FAC-2025-007615;CLI0343;VEN18;SUC06;WhatsApp;Transferencia;Completada
VTA007616;02/08/2025;FAC-2025-007616;CLI0030;VEN03;SUC03;Marketplace;Tarjeta Débito;Completada
VTA007617;29/03/2025;FAC-2025-007617;CLI0494;VEN04;SUC04;Marketplace;Tarjeta Crédito;Completada
VTA007618;25/04/2025;FAC-2025-007618;CLI0448;VEN17;SUC05;Venta Telefónica;Transferencia;Completada
VTA007619;04/12/2025;FAC-2025-007619;CLI0006;VEN16;SUC04;Marketplace;Tarjeta Crédito;Completada
VTA007620;22/05/2025;FAC-2025-007620;CLI0138;VEN09;SUC03;Local;Efectivo;Pendiente
VTA007621;05/01/2025;FAC-2025-007621;CLI0110;VEN18;SUC06;Web;Financiación Propia;Completada
VTA007622;23/01/2026;FAC-2026-007622;CLI0222;VEN06;SUC06;Local;Efectivo;Pendiente
VTA007623;28/05/2025;FAC-2025-007623;CLI0061;VEN04;SUC04;Venta Telefónica;Efectivo;Completada
VTA007624;25/02/2025;FAC-2025-007624;CLI0302;VEN01;SUC01;Venta Telefónica;Transferencia;Completada
VTA007625;26/03/2026;FAC-2026-007625;CLI0144;VEN02;SUC02;Web;Tarjeta Débito;Completada
VTA007626;20/06/2025;FAC-2025-007626;CLI0363;VEN15;SUC03;Local;Efectivo;Completada
VTA007627;17/04/2025;FAC-2025-007627;CLI0021;VEN10;SUC04;Venta Telefónica;Tarjeta Débito;Completada
VTA007628;30/06/2026;FAC-2026-007628;CLI0227;VEN10;SUC04;Venta Telefónica;Tarjeta Crédito;Completada
VTA007629;24/10/2025;FAC-2025-007629;CLI0535;VEN15;SUC03;Venta Telefónica;Tarjeta Crédito;Completada
VTA007630;03/04/2025;FAC-2025-007630;CLI0530;VEN16;SUC04;Venta Telefónica;Tarjeta Débito;Completada
VTA007631;05/12/2025;FAC-2025-007631;CLI0115;VEN02;SUC02;WhatsApp;Efectivo;Completada
VTA007632;28/09/2025;FAC-2025-007632;CLI0590;VEN03;SUC03;Marketplace;Tarjeta Débito;Completada
VTA007633;23/04/2026;FAC-2026-007633;CLI0191;VEN18;SUC06;Web;Tarjeta Crédito;Completada
VTA007634;15/01/2025;FAC-2025-007634;CLI0400;VEN05;SUC05;Web;Tarjeta Débito;Completada
VTA007635;01/07/2025;FAC-2025-007635;CLI0286;VEN12;SUC06;Marketplace;Tarjeta Débito;Completada
VTA007636;24/04/2026;FAC-2026-007636;CLI0550;VEN07;SUC01;Marketplace;Tarjeta Débito;Cancelada
VTA007637;10/01/2025;FAC-2025-007637;CLI0372;VEN07;SUC01;WhatsApp;Tarjeta Débito;Completada
VTA007638;17/10/2025;FAC-2025-007638;CLI0238;VEN17;SUC05;Marketplace;Financiación Propia;Completada
VTA007639;06/06/2026;FAC-2026-007639;CLI0343;VEN09;SUC03;Web;Transferencia;Completada
VTA007640;11/04/2025;FAC-2025-007640;CLI0045;VEN04;SUC04;Local;Financiación Propia;Cancelada
VTA007641;17/06/2025;FAC-2025-007641;CLI0385;VEN02;SUC02;WhatsApp;Transferencia;Completada
VTA007642;28/09/2025;FAC-2025-007642;CLI0504;VEN13;SUC01;Web;Tarjeta Débito;Completada
VTA007643;11/03/2025;FAC-2025-007643;CLI0201;VEN04;SUC04;Marketplace;Efectivo;Completada
VTA007644;06/06/2025;FAC-2025-007644;CLI0227;VEN12;SUC06;Marketplace;Transferencia;Completada
VTA007645;03/11/2025;FAC-2025-007645;CLI0331;VEN14;SUC02;Venta Telefónica;Tarjeta Débito;Completada
VTA007646;14/01/2026;FAC-2026-007646;CLI0312;VEN08;SUC02;WhatsApp;Transferencia;Completada
VTA007647;29/06/2026;FAC-2026-007647;CLI0115;VEN12;SUC06;Local;Financiación Propia;Completada
VTA007648;19/03/2025;FAC-2025-007648;CLI0593;VEN10;SUC04;Marketplace;Financiación Propia;Completada
VTA007649;05/01/2025;FAC-2025-007649;CLI0493;VEN11;SUC05;Marketplace;Transferencia;Completada
VTA007650;01/03/2025;FAC-2025-007650;CLI0280;VEN02;SUC02;Web;Efectivo;Completada
VTA007651;28/12/2025;FAC-2025-007651;CLI0179;VEN06;SUC06;Marketplace;Financiación Propia;Completada
VTA007652;03/07/2025;FAC-2025-007652;CLI0207;VEN08;SUC02;Local;Efectivo;Cancelada
VTA007653;12/11/2025;FAC-2025-007653;CLI0597;VEN02;SUC02;Local;Tarjeta Débito;Completada
VTA007654;02/02/2025;FAC-2025-007654;CLI0542;VEN17;SUC05;Venta Telefónica;Financiación Propia;Completada
VTA007655;07/09/2025;FAC-2025-007655;CLI0357;VEN06;SUC06;Web;Tarjeta Crédito;Completada
VTA007656;07/07/2026;FAC-2026-007656;CLI0548;VEN13;SUC01;Marketplace;Transferencia;Completada
VTA007657;12/01/2025;FAC-2025-007657;CLI0315;VEN09;SUC03;WhatsApp;Efectivo;Completada
VTA007658;22/06/2026;FAC-2026-007658;CLI0095;VEN06;SUC06;Venta Telefónica;Efectivo;Completada
VTA007659;28/06/2026;FAC-2026-007659;CLI0316;VEN15;SUC03;Marketplace;Efectivo;Completada
VTA007660;19/06/2025;FAC-2025-007660;CLI0463;VEN05;SUC05;Local;Efectivo;Completada
VTA007661;26/01/2026;FAC-2026-007661;CLI0081;VEN12;SUC06;Local;Tarjeta Débito;Completada
VTA007662;16/09/2025;FAC-2025-007662;CLI0466;VEN10;SUC04;WhatsApp;Financiación Propia;Completada
VTA007663;03/12/2025;FAC-2025-007663;CLI0374;VEN16;SUC04;Marketplace;Transferencia;Completada
VTA007664;07/03/2025;FAC-2025-007664;CLI0466;VEN15;SUC03;Web;Tarjeta Crédito;Completada
VTA007665;25/08/2025;FAC-2025-007665;CLI0405;VEN02;SUC02;WhatsApp;Tarjeta Débito;Completada
VTA007666;26/02/2025;FAC-2025-007666;CLI0131;VEN11;SUC05;Local;Transferencia;Completada
VTA007667;03/06/2026;FAC-2026-007667;CLI0323;VEN16;SUC04;WhatsApp;Financiación Propia;Completada
VTA007668;05/02/2025;FAC-2025-007668;CLI0343;VEN07;SUC01;Web;Financiación Propia;Completada
VTA007669;10/09/2025;FAC-2025-007669;CLI0380;VEN08;SUC02;Venta Telefónica;Financiación Propia;Completada
VTA007670;09/12/2025;FAC-2025-007670;CLI0115;VEN16;SUC04;Venta Telefónica;Tarjeta Crédito;Completada
VTA007671;08/05/2026;FAC-2026-007671;CLI0472;VEN07;SUC01;Local;Tarjeta Crédito;Completada
VTA007672;22/05/2025;FAC-2025-007672;CLI0038;VEN18;SUC06;Web;Financiación Propia;Completada
VTA007673;08/07/2026;FAC-2026-007673;CLI0195;VEN01;SUC01;Marketplace;Efectivo;Completada
VTA007674;10/07/2025;FAC-2025-007674;CLI0361;VEN14;SUC02;Venta Telefónica;Tarjeta Crédito;Completada
VTA007675;14/11/2025;FAC-2025-007675;CLI0497;VEN16;SUC04;Marketplace;Tarjeta Débito;Completada
VTA007676;22/12/2025;FAC-2025-007676;CLI0060;VEN08;SUC02;Web;Tarjeta Crédito;Completada
VTA007677;06/03/2026;FAC-2026-007677;CLI0324;VEN11;SUC05;Venta Telefónica;Transferencia;Completada
VTA007678;23/11/2025;FAC-2025-007678;CLI0431;VEN17;SUC05;Web;Tarjeta Débito;Completada
VTA007679;13/04/2026;FAC-2026-007679;CLI0022;VEN05;SUC05;Marketplace;Tarjeta Crédito;Completada
VTA007680;05/04/2026;FAC-2026-007680;CLI0396;VEN18;SUC06;Web;Tarjeta Débito;Completada
VTA007681;02/07/2026;FAC-2026-007681;CLI0528;VEN13;SUC01;Marketplace;Tarjeta Crédito;Completada
VTA007682;01/04/2026;FAC-2026-007682;CLI0578;VEN15;SUC03;Marketplace;Tarjeta Crédito;Completada
VTA007683;26/06/2025;FAC-2025-007683;CLI0289;VEN01;SUC01;Local;Tarjeta Débito;Completada
VTA007684;19/07/2026;FAC-2026-007684;CLI0458;VEN12;SUC06;WhatsApp;Tarjeta Débito;Completada
VTA007685;19/02/2026;FAC-2026-007685;CLI0162;VEN05;SUC05;Venta Telefónica;Transferencia;Completada
VTA007686;14/03/2026;FAC-2026-007686;CLI0591;VEN14;SUC02;WhatsApp;Financiación Propia;Completada
VTA007687;27/06/2026;FAC-2026-007687;CLI0206;VEN06;SUC06;WhatsApp;Efectivo;Completada
VTA007688;10/07/2026;FAC-2026-007688;CLI0579;VEN15;SUC03;WhatsApp;Transferencia;Completada
VTA007689;07/03/2025;FAC-2025-007689;CLI0438;VEN14;SUC02;WhatsApp;Efectivo;Completada
VTA007690;21/05/2025;FAC-2025-007690;CLI0274;VEN18;SUC06;WhatsApp;Efectivo;Completada
VTA007691;29/04/2025;FAC-2025-007691;CLI0422;VEN08;SUC02;Local;Tarjeta Débito;Completada
VTA007692;19/01/2025;FAC-2025-007692;CLI0003;VEN13;SUC01;Web;Tarjeta Débito;Completada
VTA007693;14/06/2025;FAC-2025-007693;CLI0397;VEN06;SUC06;Local;Tarjeta Crédito;Completada
VTA007694;15/01/2026;FAC-2026-007694;CLI0044;VEN14;SUC02;Venta Telefónica;Transferencia;Completada
VTA007695;27/11/2025;FAC-2025-007695;CLI0488;VEN05;SUC05;Venta Telefónica;Efectivo;Completada
VTA007696;02/07/2025;FAC-2025-007696;CLI0373;VEN08;SUC02;Local;Financiación Propia;Completada
VTA007697;05/01/2026;FAC-2026-007697;CLI0140;VEN11;SUC05;Web;Tarjeta Crédito;Completada
VTA007698;16/08/2025;FAC-2025-007698;CLI0299;VEN04;SUC04;Venta Telefónica;Transferencia;Completada
VTA007699;05/04/2026;FAC-2026-007699;CLI0046;VEN06;SUC06;Local;Tarjeta Crédito;Completada
VTA007700;06/04/2025;FAC-2025-007700;CLI0389;VEN11;SUC05;Marketplace;Transferencia;Completada
VTA007701;11/04/2025;FAC-2025-007701;CLI0530;VEN05;SUC05;Web;Tarjeta Débito;Completada
VTA007702;13/04/2026;FAC-2026-007702;CLI0475;VEN16;SUC04;Venta Telefónica;Transferencia;Completada
VTA007703;15/08/2025;FAC-2025-007703;CLI0143;VEN11;SUC05;Marketplace;Efectivo;Completada
VTA007704;11/07/2025;FAC-2025-007704;CLI0489;VEN14;SUC02;Local;Transferencia;Completada
VTA007705;12/06/2025;FAC-2025-007705;CLI0380;VEN13;SUC01;Marketplace;Financiación Propia;Completada
VTA007706;16/06/2025;FAC-2025-007706;CLI0494;VEN18;SUC06;Venta Telefónica;Transferencia;Completada
VTA007707;25/07/2025;FAC-2025-007707;CLI0378;VEN01;SUC01;Local;Tarjeta Crédito;Completada
VTA007708;14/02/2025;FAC-2025-007708;CLI0376;VEN17;SUC05;Venta Telefónica;Tarjeta Crédito;Completada
VTA007709;22/12/2025;FAC-2025-007709;CLI0209;VEN16;SUC04;Venta Telefónica;Financiación Propia;Completada
VTA007710;25/02/2025;FAC-2025-007710;CLI0454;VEN04;SUC04;Local;Transferencia;Completada
VTA007711;27/06/2025;FAC-2025-007711;CLI0505;VEN13;SUC01;Venta Telefónica;Financiación Propia;Completada
VTA007712;05/05/2025;FAC-2025-007712;CLI0069;VEN13;SUC01;Local;Tarjeta Crédito;Completada
VTA007713;22/02/2025;FAC-2025-007713;CLI0361;VEN18;SUC06;Marketplace;Financiación Propia;Cancelada
VTA007714;16/12/2025;FAC-2025-007714;CLI0275;VEN08;SUC02;Venta Telefónica;Tarjeta Débito;Completada
VTA007715;15/06/2026;FAC-2026-007715;CLI0337;VEN13;SUC01;Local;Efectivo;Completada
VTA007716;01/07/2026;FAC-2026-007716;CLI0209;VEN10;SUC04;Local;Tarjeta Débito;Pendiente
VTA007717;20/11/2025;FAC-2025-007717;CLI0079;VEN02;SUC02;Marketplace;Efectivo;Completada
VTA007718;03/03/2026;FAC-2026-007718;CLI0161;VEN15;SUC03;WhatsApp;Tarjeta Débito;Completada
VTA007719;25/04/2025;FAC-2025-007719;CLI0385;VEN09;SUC03;Web;Tarjeta Crédito;Completada
VTA007720;13/10/2025;FAC-2025-007720;CLI0131;VEN09;SUC03;Local;Transferencia;Completada
VTA007721;28/06/2025;FAC-2025-007721;CLI0530;VEN15;SUC03;Local;Financiación Propia;Pendiente
VTA007722;24/02/2026;FAC-2026-007722;CLI0053;VEN04;SUC04;Web;Efectivo;Completada
VTA007723;30/07/2025;FAC-2025-007723;CLI0430;VEN03;SUC03;Web;Transferencia;Completada
VTA007724;17/07/2026;FAC-2026-007724;CLI0202;VEN18;SUC06;Local;Efectivo;Completada
VTA007725;25/08/2025;FAC-2025-007725;CLI0330;VEN18;SUC06;Venta Telefónica;Tarjeta Débito;Completada
VTA007726;04/02/2026;FAC-2026-007726;CLI0033;VEN06;SUC06;Venta Telefónica;Tarjeta Débito;Completada
VTA007727;18/12/2025;FAC-2025-007727;CLI0597;VEN09;SUC03;WhatsApp;Efectivo;Completada
VTA007728;23/10/2025;FAC-2025-007728;CLI0336;VEN14;SUC02;Marketplace;Tarjeta Crédito;Completada
VTA007729;06/11/2025;FAC-2025-007729;CLI0110;VEN04;SUC04;Marketplace;Transferencia;Completada
VTA007730;27/01/2025;FAC-2025-007730;CLI0429;VEN14;SUC02;Marketplace;Tarjeta Débito;Completada
VTA007731;09/08/2025;FAC-2025-007731;CLI0515;VEN07;SUC01;Venta Telefónica;Efectivo;Completada
VTA007732;20/03/2025;FAC-2025-007732;CLI0178;VEN14;SUC02;Venta Telefónica;Financiación Propia;Completada
VTA007733;22/03/2025;FAC-2025-007733;CLI0598;VEN04;SUC04;Marketplace;Tarjeta Débito;Completada
VTA007734;16/01/2026;FAC-2026-007734;CLI0600;VEN04;SUC04;Local;Financiación Propia;Completada
VTA007735;31/07/2025;FAC-2025-007735;CLI0482;VEN11;SUC05;WhatsApp;Tarjeta Crédito;Completada
VTA007736;29/11/2025;FAC-2025-007736;CLI0389;VEN17;SUC05;Marketplace;Tarjeta Débito;Completada
VTA007737;29/10/2025;FAC-2025-007737;CLI0392;VEN13;SUC01;Venta Telefónica;Transferencia;Completada
VTA007738;09/01/2026;FAC-2026-007738;CLI0289;VEN04;SUC04;WhatsApp;Tarjeta Crédito;Completada
VTA007739;07/07/2025;FAC-2025-007739;CLI0273;VEN14;SUC02;Local;Transferencia;Completada
VTA007740;08/02/2026;FAC-2026-007740;CLI0526;VEN11;SUC05;Marketplace;Financiación Propia;Completada
VTA007741;03/04/2025;FAC-2025-007741;CLI0240;VEN08;SUC02;Web;Financiación Propia;Cancelada
VTA007742;20/05/2025;FAC-2025-007742;CLI0172;VEN17;SUC05;Marketplace;Transferencia;Completada
VTA007743;23/04/2025;FAC-2025-007743;CLI0231;VEN18;SUC06;Venta Telefónica;Tarjeta Crédito;Completada
VTA007744;03/02/2025;FAC-2025-007744;CLI0321;VEN02;SUC02;WhatsApp;Financiación Propia;Completada
VTA007745;28/07/2026;FAC-2026-007745;CLI0600;VEN04;SUC04;Local;Tarjeta Crédito;Completada
VTA007746;15/03/2025;FAC-2025-007746;CLI0092;VEN01;SUC01;Web;Financiación Propia;Completada
VTA007747;07/11/2025;FAC-2025-007747;CLI0467;VEN09;SUC03;Local;Tarjeta Débito;Completada
VTA007748;07/10/2025;FAC-2025-007748;CLI0065;VEN09;SUC03;Marketplace;Financiación Propia;Completada
VTA007749;24/09/2025;FAC-2025-007749;CLI0056;VEN06;SUC06;Web;Transferencia;Completada
VTA007750;19/06/2026;FAC-2026-007750;CLI0373;VEN08;SUC02;WhatsApp;Financiación Propia;Completada
VTA007751;25/09/2025;FAC-2025-007751;CLI0291;VEN05;SUC05;Marketplace;Financiación Propia;Completada
VTA007752;13/11/2025;FAC-2025-007752;CLI0216;VEN13;SUC01;Venta Telefónica;Efectivo;Completada
VTA007753;12/06/2026;FAC-2026-007753;CLI0409;VEN18;SUC06;Venta Telefónica;Efectivo;Completada
VTA007754;31/10/2025;FAC-2025-007754;CLI0594;VEN04;SUC04;Web;Efectivo;Completada
VTA007755;09/07/2025;FAC-2025-007755;CLI0258;VEN08;SUC02;Web;Tarjeta Crédito;Completada
VTA007756;05/04/2026;FAC-2026-007756;CLI0512;VEN15;SUC03;Marketplace;Tarjeta Débito;Completada
VTA007757;03/03/2026;FAC-2026-007757;CLI0449;VEN14;SUC02;Venta Telefónica;Tarjeta Crédito;Completada
VTA007758;18/11/2025;FAC-2025-007758;CLI0051;VEN01;SUC01;WhatsApp;Efectivo;Completada
VTA007759;31/01/2026;FAC-2026-007759;CLI0245;VEN09;SUC03;Local;Financiación Propia;Completada
VTA007760;24/03/2025;FAC-2025-007760;CLI0597;VEN17;SUC05;Marketplace;Transferencia;Completada
VTA007761;12/04/2026;FAC-2026-007761;CLI0319;VEN11;SUC05;Marketplace;Transferencia;Completada
VTA007762;10/12/2025;FAC-2025-007762;CLI0298;VEN05;SUC05;WhatsApp;Tarjeta Crédito;Completada
VTA007763;05/08/2025;FAC-2025-007763;CLI0155;VEN12;SUC06;Web;Tarjeta Débito;Completada
VTA007764;05/05/2025;FAC-2025-007764;CLI0493;VEN05;SUC05;Venta Telefónica;Tarjeta Débito;Completada
VTA007765;15/03/2026;FAC-2026-007765;CLI0374;VEN11;SUC05;WhatsApp;Efectivo;Completada
VTA007766;21/09/2025;FAC-2025-007766;CLI0349;VEN06;SUC06;Venta Telefónica;Tarjeta Crédito;Completada
VTA007767;13/03/2026;FAC-2026-007767;CLI0524;VEN05;SUC05;WhatsApp;Efectivo;Completada
VTA007768;02/12/2025;FAC-2025-007768;CLI0195;VEN10;SUC04;Web;Tarjeta Débito;Completada
VTA007769;14/11/2025;FAC-2025-007769;CLI0302;VEN17;SUC05;Marketplace;Tarjeta Débito;Completada
VTA007770;14/01/2026;FAC-2026-007770;CLI0055;VEN02;SUC02;WhatsApp;Tarjeta Crédito;Completada
VTA007771;30/07/2025;FAC-2025-007771;CLI0017;VEN18;SUC06;WhatsApp;Tarjeta Débito;Completada
VTA007772;31/10/2025;FAC-2025-007772;CLI0147;VEN11;SUC05;Web;Financiación Propia;Completada
VTA007773;28/08/2025;FAC-2025-007773;CLI0161;VEN08;SUC02;Venta Telefónica;Financiación Propia;Completada
VTA007774;17/09/2025;FAC-2025-007774;CLI0036;VEN07;SUC01;WhatsApp;Tarjeta Débito;Completada
VTA007775;25/07/2026;FAC-2026-007775;CLI0572;VEN11;SUC05;Marketplace;Tarjeta Crédito;Completada
VTA007776;10/12/2025;FAC-2025-007776;CLI0398;VEN09;SUC03;WhatsApp;Efectivo;Completada
VTA007777;04/05/2026;FAC-2026-007777;CLI0299;VEN06;SUC06;WhatsApp;Tarjeta Débito;Completada
VTA007778;09/06/2026;FAC-2026-007778;CLI0189;VEN09;SUC03;Marketplace;Tarjeta Crédito;Completada
VTA007779;22/12/2025;FAC-2025-007779;CLI0118;VEN05;SUC05;Local;Transferencia;Completada
VTA007780;17/02/2026;FAC-2026-007780;CLI0562;VEN01;SUC01;Local;Efectivo;Completada
VTA007781;01/08/2025;FAC-2025-007781;CLI0524;VEN12;SUC06;Marketplace;Tarjeta Crédito;Completada
VTA007782;26/02/2026;FAC-2026-007782;CLI0486;VEN08;SUC02;Web;Transferencia;Completada
VTA007783;25/10/2025;FAC-2025-007783;CLI0569;VEN03;SUC03;WhatsApp;Tarjeta Crédito;Completada
VTA007784;08/05/2026;FAC-2026-007784;CLI0509;VEN05;SUC05;Venta Telefónica;Tarjeta Crédito;Completada
VTA007785;25/08/2025;FAC-2025-007785;CLI0034;VEN14;SUC02;Web;Financiación Propia;Completada
VTA007786;07/05/2026;FAC-2026-007786;CLI0353;VEN04;SUC04;Venta Telefónica;Tarjeta Crédito;Completada
VTA007787;08/02/2026;FAC-2026-007787;CLI0385;VEN15;SUC03;Marketplace;Efectivo;Pendiente
VTA007788;11/02/2025;FAC-2025-007788;CLI0496;VEN16;SUC04;Marketplace;Efectivo;Completada
VTA007789;28/06/2026;FAC-2026-007789;CLI0106;VEN03;SUC03;WhatsApp;Financiación Propia;Completada
VTA007790;16/08/2025;FAC-2025-007790;CLI0336;VEN10;SUC04;Venta Telefónica;Efectivo;Completada
VTA007791;30/10/2025;FAC-2025-007791;CLI0413;VEN03;SUC03;Venta Telefónica;Efectivo;Completada
VTA007792;28/01/2026;FAC-2026-007792;CLI0301;VEN18;SUC06;Venta Telefónica;Financiación Propia;Completada
VTA007793;19/08/2025;FAC-2025-007793;CLI0074;VEN14;SUC02;Web;Efectivo;Completada
VTA007794;26/05/2025;FAC-2025-007794;CLI0460;VEN15;SUC03;Local;Efectivo;Completada
VTA007795;26/07/2026;FAC-2026-007795;CLI0020;VEN11;SUC05;Marketplace;Tarjeta Débito;Completada
VTA007796;20/10/2025;FAC-2025-007796;CLI0317;VEN08;SUC02;Web;Tarjeta Crédito;Completada
VTA007797;26/05/2026;FAC-2026-007797;CLI0445;VEN05;SUC05;Venta Telefónica;Tarjeta Débito;Cancelada
VTA007798;07/09/2025;FAC-2025-007798;CLI0379;VEN09;SUC03;WhatsApp;Tarjeta Débito;Completada
VTA007799;27/07/2025;FAC-2025-007799;CLI0152;VEN15;SUC03;WhatsApp;Financiación Propia;Completada
VTA007800;21/04/2026;FAC-2026-007800;CLI0417;VEN17;SUC05;Marketplace;Efectivo;Completada
VTA007801;09/04/2025;FAC-2025-007801;CLI0054;VEN12;SUC06;WhatsApp;Transferencia;Completada
VTA007802;09/02/2026;FAC-2026-007802;CLI0358;VEN05;SUC05;Local;Tarjeta Crédito;Completada
VTA007803;04/05/2026;FAC-2026-007803;CLI0222;VEN02;SUC02;Venta Telefónica;Efectivo;Completada
VTA007804;28/07/2025;FAC-2025-007804;CLI0392;VEN01;SUC01;Web;Efectivo;Completada
VTA007805;23/03/2025;FAC-2025-007805;CLI0076;VEN10;SUC04;Local;Transferencia;Completada
VTA007806;04/12/2025;FAC-2025-007806;CLI0555;VEN05;SUC05;Venta Telefónica;Transferencia;Completada
VTA007807;14/07/2025;FAC-2025-007807;CLI0264;VEN03;SUC03;WhatsApp;Tarjeta Crédito;Completada
VTA007808;15/02/2025;FAC-2025-007808;CLI0424;VEN01;SUC01;Local;Tarjeta Crédito;Completada
VTA007809;23/04/2026;FAC-2026-007809;CLI0222;VEN07;SUC01;Web;Tarjeta Crédito;Completada
VTA007810;23/11/2025;FAC-2025-007810;CLI0098;VEN11;SUC05;Web;Efectivo;Completada
VTA007811;10/09/2025;FAC-2025-007811;CLI0555;VEN14;SUC02;WhatsApp;Tarjeta Débito;Completada
VTA007812;09/05/2025;FAC-2025-007812;CLI0179;VEN10;SUC04;Venta Telefónica;Financiación Propia;Completada
VTA007813;24/05/2026;FAC-2026-007813;CLI0430;VEN14;SUC02;Web;Transferencia;Completada
VTA007814;18/06/2025;FAC-2025-007814;CLI0085;VEN10;SUC04;Local;Transferencia;Completada
VTA007815;20/03/2025;FAC-2025-007815;CLI0561;VEN16;SUC04;Local;Tarjeta Crédito;Completada
VTA007816;03/03/2025;FAC-2025-007816;CLI0180;VEN02;SUC02;Local;Financiación Propia;Completada
VTA007817;01/10/2025;FAC-2025-007817;CLI0298;VEN18;SUC06;Web;Transferencia;Pendiente
VTA007818;13/07/2025;FAC-2025-007818;CLI0195;VEN14;SUC02;Local;Transferencia;Completada
VTA007819;11/01/2025;FAC-2025-007819;CLI0452;VEN01;SUC01;WhatsApp;Tarjeta Crédito;Completada
VTA007820;03/07/2026;FAC-2026-007820;CLI0533;VEN08;SUC02;Web;Efectivo;Completada
VTA007821;28/05/2026;FAC-2026-007821;CLI0581;VEN15;SUC03;WhatsApp;Financiación Propia;Completada
VTA007822;10/06/2025;FAC-2025-007822;CLI0557;VEN09;SUC03;Local;Financiación Propia;Completada
VTA007823;10/10/2025;FAC-2025-007823;CLI0146;VEN13;SUC01;WhatsApp;Efectivo;Completada
VTA007824;12/04/2025;FAC-2025-007824;CLI0066;VEN01;SUC01;Venta Telefónica;Efectivo;Completada
VTA007825;02/05/2026;FAC-2026-007825;CLI0501;VEN17;SUC05;Marketplace;Financiación Propia;Completada
VTA007826;31/08/2025;FAC-2025-007826;CLI0208;VEN03;SUC03;WhatsApp;Efectivo;Completada
VTA007827;09/10/2025;FAC-2025-007827;CLI0400;VEN16;SUC04;Venta Telefónica;Financiación Propia;Completada
VTA007828;14/02/2026;FAC-2026-007828;CLI0484;VEN02;SUC02;Marketplace;Financiación Propia;Completada
VTA007829;23/02/2026;FAC-2026-007829;CLI0545;VEN18;SUC06;Web;Financiación Propia;Completada
VTA007830;03/07/2026;FAC-2026-007830;CLI0389;VEN17;SUC05;Web;Transferencia;Completada
VTA007831;09/03/2025;FAC-2025-007831;CLI0130;VEN12;SUC06;Local;Tarjeta Crédito;Completada
VTA007832;25/10/2025;FAC-2025-007832;CLI0369;VEN18;SUC06;Local;Tarjeta Débito;Completada
VTA007833;16/05/2026;FAC-2026-007833;CLI0217;VEN03;SUC03;Venta Telefónica;Efectivo;Completada
VTA007834;07/11/2025;FAC-2025-007834;CLI0135;VEN14;SUC02;WhatsApp;Tarjeta Crédito;Completada
VTA007835;11/12/2025;FAC-2025-007835;CLI0555;VEN10;SUC04;Web;Tarjeta Débito;Completada
VTA007836;15/01/2025;FAC-2025-007836;CLI0473;VEN17;SUC05;Venta Telefónica;Efectivo;Completada
VTA007837;26/03/2026;FAC-2026-007837;CLI0221;VEN10;SUC04;Web;Transferencia;Completada
VTA007838;19/03/2025;FAC-2025-007838;CLI0032;VEN11;SUC05;Local;Efectivo;Completada
VTA007839;21/04/2025;FAC-2025-007839;CLI0277;VEN06;SUC06;Venta Telefónica;Tarjeta Crédito;Completada
VTA007840;06/07/2026;FAC-2026-007840;CLI0411;VEN06;SUC06;Marketplace;Tarjeta Crédito;Completada
VTA007841;30/05/2025;FAC-2025-007841;CLI0448;VEN17;SUC05;Venta Telefónica;Transferencia;Completada
VTA007842;10/07/2025;FAC-2025-007842;CLI0414;VEN18;SUC06;Venta Telefónica;Efectivo;Completada
VTA007843;20/02/2025;FAC-2025-007843;CLI0172;VEN15;SUC03;WhatsApp;Tarjeta Débito;Completada
VTA007844;30/03/2025;FAC-2025-007844;CLI0368;VEN06;SUC06;Marketplace;Tarjeta Crédito;Completada
VTA007845;10/08/2025;FAC-2025-007845;CLI0040;VEN02;SUC02;WhatsApp;Transferencia;Completada
VTA007846;28/09/2025;FAC-2025-007846;CLI0131;VEN08;SUC02;Local;Efectivo;Completada
VTA007847;10/03/2026;FAC-2026-007847;CLI0338;VEN18;SUC06;Local;Financiación Propia;Completada
VTA007848;25/11/2025;FAC-2025-007848;CLI0387;VEN18;SUC06;Web;Tarjeta Crédito;Completada
VTA007849;23/06/2025;FAC-2025-007849;CLI0217;VEN03;SUC03;Venta Telefónica;Tarjeta Débito;Completada
VTA007850;19/05/2025;FAC-2025-007850;CLI0500;VEN10;SUC04;Venta Telefónica;Transferencia;Completada
VTA007851;13/06/2025;FAC-2025-007851;CLI0154;VEN16;SUC04;Marketplace;Efectivo;Completada
VTA007852;22/04/2025;FAC-2025-007852;CLI0580;VEN15;SUC03;Venta Telefónica;Transferencia;Completada
VTA007853;08/07/2025;FAC-2025-007853;CLI0597;VEN04;SUC04;Local;Efectivo;Completada
VTA007854;20/09/2025;FAC-2025-007854;CLI0586;VEN09;SUC03;Web;Financiación Propia;Completada
VTA007855;25/11/2025;FAC-2025-007855;CLI0531;VEN01;SUC01;WhatsApp;Tarjeta Débito;Completada
VTA007856;17/02/2026;FAC-2026-007856;CLI0006;VEN16;SUC04;Web;Tarjeta Crédito;Cancelada
VTA007857;25/03/2025;FAC-2025-007857;CLI0588;VEN03;SUC03;Venta Telefónica;Efectivo;Completada
VTA007858;13/12/2025;FAC-2025-007858;CLI0428;VEN14;SUC02;Local;Financiación Propia;Completada
VTA007859;03/07/2025;FAC-2025-007859;CLI0221;VEN12;SUC06;Web;Transferencia;Completada
VTA007860;01/11/2025;FAC-2025-007860;CLI0056;VEN01;SUC01;Marketplace;Efectivo;Completada
VTA007861;06/02/2025;FAC-2025-007861;CLI0244;VEN04;SUC04;Marketplace;Efectivo;Completada
VTA007862;02/02/2026;FAC-2026-007862;CLI0397;VEN14;SUC02;Local;Transferencia;Completada
VTA007863;17/02/2026;FAC-2026-007863;CLI0429;VEN16;SUC04;Marketplace;Financiación Propia;Completada
VTA007864;08/05/2026;FAC-2026-007864;CLI0293;VEN18;SUC06;Venta Telefónica;Tarjeta Crédito;Completada
VTA007865;30/05/2026;FAC-2026-007865;CLI0048;VEN02;SUC02;Marketplace;Tarjeta Crédito;Completada
VTA007866;21/06/2025;FAC-2025-007866;CLI0313;VEN12;SUC06;WhatsApp;Efectivo;Completada
VTA007867;29/04/2026;FAC-2026-007867;CLI0247;VEN17;SUC05;Local;Tarjeta Crédito;Completada
VTA007868;16/01/2026;FAC-2026-007868;CLI0429;VEN04;SUC04;Marketplace;Efectivo;Completada
VTA007869;23/10/2025;FAC-2025-007869;CLI0063;VEN12;SUC06;Local;Tarjeta Crédito;Completada
VTA007870;18/08/2025;FAC-2025-007870;CLI0494;VEN15;SUC03;Web;Financiación Propia;Completada
VTA007871;26/09/2025;FAC-2025-007871;CLI0527;VEN13;SUC01;Marketplace;Tarjeta Crédito;Completada
VTA007872;06/02/2026;FAC-2026-007872;CLI0289;VEN17;SUC05;Marketplace;Tarjeta Crédito;Completada
VTA007873;27/01/2026;FAC-2026-007873;CLI0239;VEN07;SUC01;Local;Tarjeta Crédito;Completada
VTA007874;20/04/2025;FAC-2025-007874;CLI0554;VEN08;SUC02;Venta Telefónica;Tarjeta Crédito;Completada
VTA007875;04/06/2025;FAC-2025-007875;CLI0187;VEN01;SUC01;WhatsApp;Transferencia;Completada
VTA007876;19/01/2026;FAC-2026-007876;CLI0253;VEN07;SUC01;WhatsApp;Transferencia;Completada
VTA007877;02/05/2026;FAC-2026-007877;CLI0083;VEN05;SUC05;WhatsApp;Tarjeta Crédito;Completada
VTA007878;08/06/2025;FAC-2025-007878;CLI0471;VEN01;SUC01;Local;Tarjeta Crédito;Completada
VTA007879;27/05/2025;FAC-2025-007879;CLI0468;VEN10;SUC04;Venta Telefónica;Transferencia;Completada
VTA007880;22/11/2025;FAC-2025-007880;CLI0193;VEN13;SUC01;WhatsApp;Transferencia;Completada
VTA007881;10/06/2026;FAC-2026-007881;CLI0432;VEN02;SUC02;Venta Telefónica;Transferencia;Completada
VTA007882;05/01/2026;FAC-2026-007882;CLI0387;VEN02;SUC02;Web;Financiación Propia;Completada
VTA007883;22/04/2025;FAC-2025-007883;CLI0495;VEN11;SUC05;Web;Transferencia;Completada
VTA007884;02/06/2026;FAC-2026-007884;CLI0075;VEN12;SUC06;WhatsApp;Financiación Propia;Completada
VTA007885;02/02/2026;FAC-2026-007885;CLI0387;VEN01;SUC01;Local;Transferencia;Completada
VTA007886;19/02/2026;FAC-2026-007886;CLI0208;VEN18;SUC06;Marketplace;Financiación Propia;Completada
VTA007887;17/12/2025;FAC-2025-007887;CLI0005;VEN08;SUC02;Web;Tarjeta Crédito;Completada
VTA007888;03/06/2025;FAC-2025-007888;CLI0269;VEN01;SUC01;Web;Transferencia;Completada
VTA007889;01/10/2025;FAC-2025-007889;CLI0233;VEN07;SUC01;Marketplace;Tarjeta Crédito;Completada
VTA007890;17/05/2026;FAC-2026-007890;CLI0419;VEN15;SUC03;Web;Transferencia;Completada
VTA007891;11/07/2026;FAC-2026-007891;CLI0353;VEN09;SUC03;Web;Efectivo;Completada
VTA007892;11/02/2026;FAC-2026-007892;CLI0146;VEN13;SUC01;Web;Tarjeta Débito;Completada
VTA007893;15/09/2025;FAC-2025-007893;CLI0088;VEN14;SUC02;WhatsApp;Tarjeta Débito;Completada
VTA007894;24/01/2025;FAC-2025-007894;CLI0055;VEN07;SUC01;Marketplace;Efectivo;Completada
VTA007895;18/06/2026;FAC-2026-007895;CLI0329;VEN13;SUC01;WhatsApp;Tarjeta Débito;Completada
VTA007896;23/04/2025;FAC-2025-007896;CLI0176;VEN12;SUC06;Venta Telefónica;Financiación Propia;Completada
VTA007897;26/03/2026;FAC-2026-007897;CLI0295;VEN16;SUC04;Marketplace;Tarjeta Crédito;Completada
VTA007898;17/11/2025;FAC-2025-007898;CLI0324;VEN03;SUC03;Marketplace;Transferencia;Completada
VTA007899;19/05/2026;FAC-2026-007899;CLI0042;VEN04;SUC04;Marketplace;Financiación Propia;Completada
VTA007900;17/07/2025;FAC-2025-007900;CLI0082;VEN18;SUC06;Web;Tarjeta Débito;Completada
VTA007901;19/10/2025;FAC-2025-007901;CLI0125;VEN11;SUC05;Venta Telefónica;Efectivo;Completada
VTA007902;16/01/2026;FAC-2026-007902;CLI0588;VEN09;SUC03;Web;Efectivo;Completada
VTA007903;21/06/2026;FAC-2026-007903;CLI0377;VEN12;SUC06;Web;Tarjeta Crédito;Completada
VTA007904;10/03/2025;FAC-2025-007904;CLI0368;VEN11;SUC05;WhatsApp;Efectivo;Completada
VTA007905;03/01/2026;FAC-2026-007905;CLI0258;VEN10;SUC04;Marketplace;Tarjeta Débito;Completada
VTA007906;21/10/2025;FAC-2025-007906;CLI0071;VEN18;SUC06;WhatsApp;Financiación Propia;Completada
VTA007907;03/03/2025;FAC-2025-007907;CLI0536;VEN12;SUC06;Venta Telefónica;Financiación Propia;Completada
VTA007908;02/11/2025;FAC-2025-007908;CLI0222;VEN06;SUC06;Venta Telefónica;Financiación Propia;Completada
VTA007909;04/11/2025;FAC-2025-007909;CLI0584;VEN09;SUC03;Marketplace;Efectivo;Completada
VTA007910;19/03/2026;FAC-2026-007910;CLI0025;VEN12;SUC06;Venta Telefónica;Efectivo;Completada
VTA007911;15/05/2025;FAC-2025-007911;CLI0239;VEN15;SUC03;Venta Telefónica;Efectivo;Completada
VTA007912;13/06/2026;FAC-2026-007912;CLI0392;VEN10;SUC04;Local;Tarjeta Débito;Completada
VTA007913;23/05/2025;FAC-2025-007913;CLI0300;VEN10;SUC04;Venta Telefónica;Tarjeta Crédito;Completada
VTA007914;15/04/2025;FAC-2025-007914;CLI0450;VEN18;SUC06;Local;Transferencia;Completada
VTA007915;25/04/2025;FAC-2025-007915;CLI0192;VEN09;SUC03;WhatsApp;Financiación Propia;Completada
VTA007916;11/03/2025;FAC-2025-007916;CLI0568;VEN04;SUC04;Web;Tarjeta Crédito;Completada
VTA007917;16/09/2025;FAC-2025-007917;CLI0183;VEN01;SUC01;WhatsApp;Financiación Propia;Completada
VTA007918;21/11/2025;FAC-2025-007918;CLI0055;VEN08;SUC02;WhatsApp;Transferencia;Completada
VTA007919;03/11/2025;FAC-2025-007919;CLI0287;VEN08;SUC02;Local;Efectivo;Completada
VTA007920;24/07/2026;FAC-2026-007920;CLI0488;VEN13;SUC01;Marketplace;Financiación Propia;Completada
VTA007921;28/06/2025;FAC-2025-007921;CLI0211;VEN02;SUC02;Venta Telefónica;Tarjeta Débito;Completada
VTA007922;21/03/2025;FAC-2025-007922;CLI0024;VEN16;SUC04;Marketplace;Tarjeta Débito;Completada
VTA007923;04/05/2025;FAC-2025-007923;CLI0389;VEN06;SUC06;Marketplace;Tarjeta Crédito;Completada
VTA007924;13/02/2026;FAC-2026-007924;CLI0239;VEN11;SUC05;Venta Telefónica;Efectivo;Completada
VTA007925;03/05/2025;FAC-2025-007925;CLI0197;VEN05;SUC05;Local;Financiación Propia;Completada
VTA007926;21/11/2025;FAC-2025-007926;CLI0208;VEN04;SUC04;Marketplace;Tarjeta Débito;Completada
VTA007927;27/01/2026;FAC-2026-007927;CLI0176;VEN03;SUC03;Web;Transferencia;Completada
VTA007928;16/02/2026;FAC-2026-007928;CLI0242;VEN04;SUC04;Web;Transferencia;Completada
VTA007929;09/02/2025;FAC-2025-007929;CLI0204;VEN11;SUC05;Local;Tarjeta Débito;Completada
VTA007930;16/05/2026;FAC-2026-007930;CLI0228;VEN12;SUC06;Venta Telefónica;Financiación Propia;Completada
VTA007931;11/07/2025;FAC-2025-007931;CLI0406;VEN15;SUC03;Local;Transferencia;Completada
VTA007932;20/04/2025;FAC-2025-007932;CLI0064;VEN16;SUC04;WhatsApp;Tarjeta Crédito;Completada
VTA007933;06/11/2025;FAC-2025-007933;CLI0189;VEN11;SUC05;Local;Tarjeta Débito;Completada
VTA007934;02/01/2025;FAC-2025-007934;CLI0439;VEN13;SUC01;Local;Financiación Propia;Completada
VTA007935;14/06/2026;FAC-2026-007935;CLI0115;VEN01;SUC01;Venta Telefónica;Tarjeta Crédito;Completada
VTA007936;13/03/2025;FAC-2025-007936;CLI0197;VEN16;SUC04;WhatsApp;Financiación Propia;Completada
VTA007937;14/04/2025;FAC-2025-007937;CLI0200;VEN16;SUC04;Marketplace;Transferencia;Completada
VTA007938;14/04/2026;FAC-2026-007938;CLI0488;VEN08;SUC02;Venta Telefónica;Tarjeta Crédito;Completada
VTA007939;25/02/2025;FAC-2025-007939;CLI0225;VEN04;SUC04;Web;Efectivo;Completada
VTA007940;30/05/2026;FAC-2026-007940;CLI0074;VEN03;SUC03;Marketplace;Transferencia;Completada
VTA007941;26/07/2026;FAC-2026-007941;CLI0115;VEN03;SUC03;Venta Telefónica;Tarjeta Débito;Pendiente
VTA007942;23/07/2025;FAC-2025-007942;CLI0384;VEN04;SUC04;Web;Financiación Propia;Completada
VTA007943;06/02/2026;FAC-2026-007943;CLI0468;VEN18;SUC06;Marketplace;Transferencia;Completada
VTA007944;20/01/2025;FAC-2025-007944;CLI0550;VEN04;SUC04;Local;Transferencia;Pendiente
VTA007945;24/01/2025;FAC-2025-007945;CLI0259;VEN07;SUC01;WhatsApp;Financiación Propia;Completada
VTA007946;19/09/2025;FAC-2025-007946;CLI0441;VEN18;SUC06;Marketplace;Tarjeta Crédito;Completada
VTA007947;09/02/2026;FAC-2026-007947;CLI0524;VEN09;SUC03;Venta Telefónica;Tarjeta Crédito;Completada
VTA007948;14/10/2025;FAC-2025-007948;CLI0591;VEN12;SUC06;Web;Tarjeta Débito;Completada
VTA007949;07/06/2025;FAC-2025-007949;CLI0048;VEN02;SUC02;WhatsApp;Tarjeta Débito;Completada
VTA007950;04/01/2025;FAC-2025-007950;CLI0092;VEN03;SUC03;Marketplace;Tarjeta Débito;Completada
VTA007951;29/01/2026;FAC-2026-007951;CLI0170;VEN03;SUC03;Web;Tarjeta Débito;Pendiente
VTA007952;11/04/2025;FAC-2025-007952;CLI0073;VEN14;SUC02;Web;Transferencia;Completada
VTA007953;12/10/2025;FAC-2025-007953;CLI0513;VEN07;SUC01;Local;Transferencia;Completada
VTA007954;20/08/2025;FAC-2025-007954;CLI0044;VEN06;SUC06;WhatsApp;Financiación Propia;Completada
VTA007955;03/04/2025;FAC-2025-007955;CLI0111;VEN02;SUC02;Venta Telefónica;Efectivo;Completada
VTA007956;28/11/2025;FAC-2025-007956;CLI0507;VEN03;SUC03;Venta Telefónica;Tarjeta Crédito;Cancelada
VTA007957;03/05/2026;FAC-2026-007957;CLI0177;VEN08;SUC02;WhatsApp;Financiación Propia;Completada
VTA007958;06/07/2025;FAC-2025-007958;CLI0272;VEN14;SUC02;Venta Telefónica;Financiación Propia;Completada
VTA007959;12/01/2026;FAC-2026-007959;CLI0087;VEN10;SUC04;Marketplace;Tarjeta Crédito;Completada
VTA007960;01/11/2025;FAC-2025-007960;CLI0368;VEN08;SUC02;Web;Transferencia;Completada
VTA007961;18/05/2026;FAC-2026-007961;CLI0444;VEN05;SUC05;Web;Efectivo;Completada
VTA007962;25/11/2025;FAC-2025-007962;CLI0424;VEN07;SUC01;Web;Transferencia;Completada
VTA007963;12/05/2025;FAC-2025-007963;CLI0301;VEN01;SUC01;Venta Telefónica;Financiación Propia;Completada
VTA007964;19/01/2025;FAC-2025-007964;CLI0280;VEN09;SUC03;Web;Efectivo;Completada
VTA007965;23/03/2025;FAC-2025-007965;CLI0173;VEN12;SUC06;WhatsApp;Financiación Propia;Completada
VTA007966;17/10/2025;FAC-2025-007966;CLI0320;VEN13;SUC01;Local;Tarjeta Crédito;Completada
VTA007967;30/10/2025;FAC-2025-007967;CLI0366;VEN18;SUC06;Marketplace;Efectivo;Completada
VTA007968;16/07/2026;FAC-2026-007968;CLI0382;VEN06;SUC06;Local;Financiación Propia;Completada
VTA007969;09/03/2025;FAC-2025-007969;CLI0165;VEN03;SUC03;Marketplace;Financiación Propia;Completada
VTA007970;16/10/2025;FAC-2025-007970;CLI0193;VEN02;SUC02;Web;Transferencia;Completada
VTA007971;08/08/2025;FAC-2025-007971;CLI0092;VEN09;SUC03;Venta Telefónica;Tarjeta Crédito;Completada
VTA007972;17/07/2026;FAC-2026-007972;CLI0204;VEN06;SUC06;Marketplace;Tarjeta Crédito;Completada
VTA007973;12/01/2026;FAC-2026-007973;CLI0184;VEN03;SUC03;Web;Tarjeta Crédito;Completada
VTA007974;01/07/2025;FAC-2025-007974;CLI0445;VEN13;SUC01;Venta Telefónica;Tarjeta Crédito;Completada
VTA007975;01/04/2025;FAC-2025-007975;CLI0180;VEN09;SUC03;Marketplace;Tarjeta Débito;Completada
VTA007976;28/02/2025;FAC-2025-007976;CLI0445;VEN02;SUC02;Marketplace;Financiación Propia;Completada
VTA007977;09/05/2026;FAC-2026-007977;CLI0308;VEN17;SUC05;Venta Telefónica;Tarjeta Crédito;Completada
VTA007978;28/03/2026;FAC-2026-007978;CLI0005;VEN15;SUC03;Local;Financiación Propia;Completada
VTA007979;08/02/2025;FAC-2025-007979;CLI0532;VEN11;SUC05;Web;Tarjeta Crédito;Completada
VTA007980;13/06/2026;FAC-2026-007980;CLI0224;VEN13;SUC01;Web;Tarjeta Débito;Completada
VTA007981;03/09/2025;FAC-2025-007981;CLI0324;VEN05;SUC05;WhatsApp;Tarjeta Crédito;Completada
VTA007982;10/06/2026;FAC-2026-007982;CLI0446;VEN10;SUC04;Venta Telefónica;Tarjeta Crédito;Completada
VTA007983;14/10/2025;FAC-2025-007983;CLI0007;VEN13;SUC01;WhatsApp;Tarjeta Débito;Completada
VTA007984;08/02/2026;FAC-2026-007984;CLI0328;VEN11;SUC05;Marketplace;Transferencia;Completada
VTA007985;17/12/2025;FAC-2025-007985;CLI0091;VEN08;SUC02;WhatsApp;Efectivo;Completada
VTA007986;22/11/2025;FAC-2025-007986;CLI0458;VEN08;SUC02;WhatsApp;Financiación Propia;Cancelada
VTA007987;18/07/2026;FAC-2026-007987;CLI0050;VEN10;SUC04;Marketplace;Efectivo;Completada
VTA007988;06/10/2025;FAC-2025-007988;CLI0277;VEN01;SUC01;WhatsApp;Financiación Propia;Completada
VTA007989;09/07/2025;FAC-2025-007989;CLI0583;VEN16;SUC04;Local;Efectivo;Completada
VTA007990;23/03/2025;FAC-2025-007990;CLI0371;VEN09;SUC03;Venta Telefónica;Efectivo;Completada
VTA007991;14/06/2026;FAC-2026-007991;CLI0116;VEN11;SUC05;Venta Telefónica;Tarjeta Débito;Completada
VTA007992;28/02/2025;FAC-2025-007992;CLI0299;VEN07;SUC01;Marketplace;Tarjeta Crédito;Completada
VTA007993;30/03/2025;FAC-2025-007993;CLI0074;VEN07;SUC01;Web;Transferencia;Completada
VTA007994;30/12/2025;FAC-2025-007994;CLI0485;VEN06;SUC06;Marketplace;Financiación Propia;Completada
VTA007995;26/03/2025;FAC-2025-007995;CLI0026;VEN09;SUC03;Local;Tarjeta Débito;Completada
VTA007996;09/02/2025;FAC-2025-007996;CLI0586;VEN12;SUC06;Marketplace;Tarjeta Crédito;Completada
VTA007997;15/05/2025;FAC-2025-007997;CLI0220;VEN03;SUC03;Web;Tarjeta Débito;Completada
VTA007998;02/06/2025;FAC-2025-007998;CLI0402;VEN12;SUC06;Local;Tarjeta Crédito;Completada
VTA007999;29/05/2026;FAC-2026-007999;CLI0362;VEN15;SUC03;Web;Transferencia;Completada
VTA008000;24/08/2025;FAC-2025-008000;CLI0432;VEN07;SUC01;Marketplace;Tarjeta Débito;Completada
